2026-05-17 00:09:17,904 [INFO] ============================================================
2026-05-17 00:09:17,905 [INFO] 전국 자동차 등록 현황 DB 적재 시작
2026-05-17 00:09:17,905 [INFO] 시작: 2026-05-17 00:09:17
2026-05-17 00:09:17,905 [INFO] ============================================================
2026-05-17 00:09:17,905 [INFO] 발견 파일: 0개
2026-05-17 00:09:17,906 [ERROR] 파일 없음: ./auto_data
2026-05-17 00:11:10,582 [INFO] ============================================================
2026-05-17 00:11:10,582 [INFO] 전국 자동차 등록 현황 DB 적재 시작
2026-05-17 00:11:10,582 [INFO] 시작: 2026-05-17 00:11:10
2026-05-17 00:11:10,582 [INFO] ============================================================
2026-05-17 00:11:10,591 [INFO] 발견 파일: 0개
2026-05-17 00:11:10,591 [ERROR] 파일 없음: c:\SKN_main_project1\auto_data
2026-05-17 00:16:40,288 [INFO] ============================================================
2026-05-17 00:16:40,288 [INFO] 전국 자동차 등록 현황 DB 적재 시작
2026-05-17 00:16:40,288 [INFO] 시작: 2026-05-17 00:16:40
2026-05-17 00:16:40,288 [INFO] ============================================================
2026-05-17 00:16:40,289 [INFO] 발견 파일: 0개
2026-05-17 00:16:40,289 [ERROR] 파일 없음: c:\SKN_main_project1\auto_data
2026-05-17 00:24:09,340 [INFO] ============================================================
2026-05-17 00:24:09,340 [INFO] 전국 자동차 등록 현황 DB 적재 시작
2026-05-17 00:24:09,340 [INFO] 시작: 2026-05-17 00:24:09
2026-05-17 00:24:09,340 [INFO] ============================================================
2026-05-17 00:24:09,340 [INFO] 발견 파일: 0개
2026-05-17 00:24:09,340 [ERROR] 파일 없음: c:\SKN_main_project1\auto_data
2026-05-17 00:27:08,957 [INFO] ============================================================
2026-05-17 00:27:08,958 [INFO] 전국 자동차 등록 현황 DB 적재 시작
2026-05-17 00:27:08,958 [INFO] 시작: 2026-05-17 00:27:08
2026-05-17 00:27:08,958 [INFO] ============================================================
2026-05-17 00:27:08,959 [INFO] 발견 파일: 28개
2026-05-17 00:27:08,984 [INFO] DB 연결 성공
2026-05-17 00:30:22,021 [INFO] ============================================================
2026-05-17 00:30:22,021 [INFO] 전국 자동차 등록 현황 DB 적재 시작
2026-05-17 00:30:22,021 [INFO] 시작: 2026-05-17 00:30:22
2026-05-17 00:30:22,021 [INFO] ============================================================
2026-05-17 00:30:22,021 [INFO] 발견 파일: 28개
2026-05-17 00:30:22,040 [INFO] DB 연결 성공
2026-05-17 00:59:25,798 [INFO] ============================================================
2026-05-17 00:59:25,799 [INFO] 전국 자동차 등록 현황 DB 적재 시작
2026-05-17 00:59:25,799 [INFO] 시작: 2026-05-17 00:59:25
2026-05-17 00:59:25,799 [INFO] ============================================================
2026-05-17 00:59:25,800 [INFO] 발견 파일: 28개
2026-05-17 00:59:25,834 [INFO] DB 연결 성공
2026-05-17 00:59:25,880 [INFO] 신규 적재: 28개 (기적재 0개 스킵)
2026-05-17 00:59:25,880 [INFO] 처리 시작: 2024년_01월_자동차_등록자료_통계.xlsx (202401)
2026-05-17 00:59:26,536 [INFO]   [01] 시도별      :    90행
2026-05-17 00:59:26,546 [ERROR] 오류 발생, 롤백: (1265, "Data truncated for column 'age_group' at row 21")
Traceback (most recent call last):
  File "c:\SKN_main_project1\load_to_db.py", line 373, in process_file
    total += upsert_gender_age(conn, r04)
             ^^^^^^^^^^^^^^^^^^^^^^^^^^^^
  File "c:\SKN_main_project1\load_to_db.py", line 305, in upsert_gender_age
    return insert_many(conn, """
           ^^^^^^^^^^^^^^^^^^^^^
  File "c:\SKN_main_project1\load_to_db.py", line 288, in insert_many
    cur.executemany(sql, data)
  File "C:\SKN_main_project1\.venv\Lib\site-packages\pymysql\cursors.py", line 182, in executemany
    return self._do_execute_many(
           ^^^^^^^^^^^^^^^^^^^^^^
  File "C:\SKN_main_project1\.venv\Lib\site-packages\pymysql\cursors.py", line 220, in _do_execute_many
    rows += self.execute(sql + postfix)
            ^^^^^^^^^^^^^^^^^^^^^^^^^^^
  File "C:\SKN_main_project1\.venv\Lib\site-packages\pymysql\cursors.py", line 153, in execute
    result = self._query(query)
             ^^^^^^^^^^^^^^^^^^
  File "C:\SKN_main_project1\.venv\Lib\site-packages\pymysql\cursors.py", line 322, in _query
    conn.query(q)
  File "C:\SKN_main_project1\.venv\Lib\site-packages\pymysql\connections.py", line 563, in query
    self._affected_rows = self._read_query_result(unbuffered=unbuffered)
                          ^^^^^^^^^^^^^^^^^^^^^^^^^^^^^^^^^^^^^^^^^^^^^^
  File "C:\SKN_main_project1\.venv\Lib\site-packages\pymysql\connections.py", line 825, in _read_query_result
    result.read()
  File "C:\SKN_main_project1\.venv\Lib\site-packages\pymysql\connections.py", line 1199, in read
    first_packet = self.connection._read_packet()
                   ^^^^^^^^^^^^^^^^^^^^^^^^^^^^^^
  File "C:\SKN_main_project1\.venv\Lib\site-packages\pymysql\connections.py", line 775, in _read_packet
    packet.raise_for_error()
  File "C:\SKN_main_project1\.venv\Lib\site-packages\pymysql\protocol.py", line 219, in raise_for_error
    err.raise_mysql_exception(self._data)
  File "C:\SKN_main_project1\.venv\Lib\site-packages\pymysql\err.py", line 150, in raise_mysql_exception
    raise errorclass(errno, errval)
pymysql.err.DataError: (1265, "Data truncated for column 'age_group' at row 21")
2026-05-17 00:59:26,549 [INFO] 처리 시작: 2024년_02월_자동차_등록자료_통계.xlsx (202402)
2026-05-17 00:59:27,360 [INFO]   [01] 시도별      :    90행
2026-05-17 00:59:27,376 [ERROR] 오류 발생, 롤백: (1265, "Data truncated for column 'age_group' at row 21")
Traceback (most recent call last):
  File "c:\SKN_main_project1\load_to_db.py", line 373, in process_file
    total += upsert_gender_age(conn, r04)
             ^^^^^^^^^^^^^^^^^^^^^^^^^^^^
  File "c:\SKN_main_project1\load_to_db.py", line 305, in upsert_gender_age
    return insert_many(conn, """
           ^^^^^^^^^^^^^^^^^^^^^
  File "c:\SKN_main_project1\load_to_db.py", line 288, in insert_many
    cur.executemany(sql, data)
  File "C:\SKN_main_project1\.venv\Lib\site-packages\pymysql\cursors.py", line 182, in executemany
    return self._do_execute_many(
           ^^^^^^^^^^^^^^^^^^^^^^
  File "C:\SKN_main_project1\.venv\Lib\site-packages\pymysql\cursors.py", line 220, in _do_execute_many
    rows += self.execute(sql + postfix)
            ^^^^^^^^^^^^^^^^^^^^^^^^^^^
  File "C:\SKN_main_project1\.venv\Lib\site-packages\pymysql\cursors.py", line 153, in execute
    result = self._query(query)
             ^^^^^^^^^^^^^^^^^^
  File "C:\SKN_main_project1\.venv\Lib\site-packages\pymysql\cursors.py", line 322, in _query
    conn.query(q)
  File "C:\SKN_main_project1\.venv\Lib\site-packages\pymysql\connections.py", line 563, in query
    self._affected_rows = self._read_query_result(unbuffered=unbuffered)
                          ^^^^^^^^^^^^^^^^^^^^^^^^^^^^^^^^^^^^^^^^^^^^^^
  File "C:\SKN_main_project1\.venv\Lib\site-packages\pymysql\connections.py", line 825, in _read_query_result
    result.read()
  File "C:\SKN_main_project1\.venv\Lib\site-packages\pymysql\connections.py", line 1199, in read
    first_packet = self.connection._read_packet()
                   ^^^^^^^^^^^^^^^^^^^^^^^^^^^^^^
  File "C:\SKN_main_project1\.venv\Lib\site-packages\pymysql\connections.py", line 775, in _read_packet
    packet.raise_for_error()
  File "C:\SKN_main_project1\.venv\Lib\site-packages\pymysql\protocol.py", line 219, in raise_for_error
    err.raise_mysql_exception(self._data)
  File "C:\SKN_main_project1\.venv\Lib\site-packages\pymysql\err.py", line 150, in raise_mysql_exception
    raise errorclass(errno, errval)
pymysql.err.DataError: (1265, "Data truncated for column 'age_group' at row 21")
2026-05-17 00:59:27,378 [INFO] 처리 시작: 2024년_03월_자동차_등록자료_통계.xlsx (202403)
2026-05-17 00:59:28,031 [INFO]   [01] 시도별      :    90행
2026-05-17 00:59:28,038 [ERROR] 오류 발생, 롤백: (1265, "Data truncated for column 'age_group' at row 21")
Traceback (most recent call last):
  File "c:\SKN_main_project1\load_to_db.py", line 373, in process_file
    total += upsert_gender_age(conn, r04)
             ^^^^^^^^^^^^^^^^^^^^^^^^^^^^
  File "c:\SKN_main_project1\load_to_db.py", line 305, in upsert_gender_age
    return insert_many(conn, """
           ^^^^^^^^^^^^^^^^^^^^^
  File "c:\SKN_main_project1\load_to_db.py", line 288, in insert_many
    cur.executemany(sql, data)
  File "C:\SKN_main_project1\.venv\Lib\site-packages\pymysql\cursors.py", line 182, in executemany
    return self._do_execute_many(
           ^^^^^^^^^^^^^^^^^^^^^^
  File "C:\SKN_main_project1\.venv\Lib\site-packages\pymysql\cursors.py", line 220, in _do_execute_many
    rows += self.execute(sql + postfix)
            ^^^^^^^^^^^^^^^^^^^^^^^^^^^
  File "C:\SKN_main_project1\.venv\Lib\site-packages\pymysql\cursors.py", line 153, in execute
    result = self._query(query)
             ^^^^^^^^^^^^^^^^^^
  File "C:\SKN_main_project1\.venv\Lib\site-packages\pymysql\cursors.py", line 322, in _query
    conn.query(q)
  File "C:\SKN_main_project1\.venv\Lib\site-packages\pymysql\connections.py", line 563, in query
    self._affected_rows = self._read_query_result(unbuffered=unbuffered)
                          ^^^^^^^^^^^^^^^^^^^^^^^^^^^^^^^^^^^^^^^^^^^^^^
  File "C:\SKN_main_project1\.venv\Lib\site-packages\pymysql\connections.py", line 825, in _read_query_result
    result.read()
  File "C:\SKN_main_project1\.venv\Lib\site-packages\pymysql\connections.py", line 1199, in read
    first_packet = self.connection._read_packet()
                   ^^^^^^^^^^^^^^^^^^^^^^^^^^^^^^
  File "C:\SKN_main_project1\.venv\Lib\site-packages\pymysql\connections.py", line 775, in _read_packet
    packet.raise_for_error()
  File "C:\SKN_main_project1\.venv\Lib\site-packages\pymysql\protocol.py", line 219, in raise_for_error
    err.raise_mysql_exception(self._data)
  File "C:\SKN_main_project1\.venv\Lib\site-packages\pymysql\err.py", line 150, in raise_mysql_exception
    raise errorclass(errno, errval)
pymysql.err.DataError: (1265, "Data truncated for column 'age_group' at row 21")
2026-05-17 00:59:28,038 [INFO] 처리 시작: 2024년_04월_자동차_등록자료_통계.xlsx (202404)
2026-05-17 00:59:28,663 [INFO]   [01] 시도별      :    90행
2026-05-17 00:59:28,683 [ERROR] 오류 발생, 롤백: (1265, "Data truncated for column 'age_group' at row 21")
Traceback (most recent call last):
  File "c:\SKN_main_project1\load_to_db.py", line 373, in process_file
    total += upsert_gender_age(conn, r04)
             ^^^^^^^^^^^^^^^^^^^^^^^^^^^^
  File "c:\SKN_main_project1\load_to_db.py", line 305, in upsert_gender_age
    return insert_many(conn, """
           ^^^^^^^^^^^^^^^^^^^^^
  File "c:\SKN_main_project1\load_to_db.py", line 288, in insert_many
    cur.executemany(sql, data)
  File "C:\SKN_main_project1\.venv\Lib\site-packages\pymysql\cursors.py", line 182, in executemany
    return self._do_execute_many(
           ^^^^^^^^^^^^^^^^^^^^^^
  File "C:\SKN_main_project1\.venv\Lib\site-packages\pymysql\cursors.py", line 220, in _do_execute_many
    rows += self.execute(sql + postfix)
            ^^^^^^^^^^^^^^^^^^^^^^^^^^^
  File "C:\SKN_main_project1\.venv\Lib\site-packages\pymysql\cursors.py", line 153, in execute
    result = self._query(query)
             ^^^^^^^^^^^^^^^^^^
  File "C:\SKN_main_project1\.venv\Lib\site-packages\pymysql\cursors.py", line 322, in _query
    conn.query(q)
  File "C:\SKN_main_project1\.venv\Lib\site-packages\pymysql\connections.py", line 563, in query
    self._affected_rows = self._read_query_result(unbuffered=unbuffered)
                          ^^^^^^^^^^^^^^^^^^^^^^^^^^^^^^^^^^^^^^^^^^^^^^
  File "C:\SKN_main_project1\.venv\Lib\site-packages\pymysql\connections.py", line 825, in _read_query_result
    result.read()
  File "C:\SKN_main_project1\.venv\Lib\site-packages\pymysql\connections.py", line 1199, in read
    first_packet = self.connection._read_packet()
                   ^^^^^^^^^^^^^^^^^^^^^^^^^^^^^^
  File "C:\SKN_main_project1\.venv\Lib\site-packages\pymysql\connections.py", line 775, in _read_packet
    packet.raise_for_error()
  File "C:\SKN_main_project1\.venv\Lib\site-packages\pymysql\protocol.py", line 219, in raise_for_error
    err.raise_mysql_exception(self._data)
  File "C:\SKN_main_project1\.venv\Lib\site-packages\pymysql\err.py", line 150, in raise_mysql_exception
    raise errorclass(errno, errval)
pymysql.err.DataError: (1265, "Data truncated for column 'age_group' at row 21")
2026-05-17 00:59:28,684 [INFO] 처리 시작: 2024년_05월_자동차_등록자료_통계.xlsx (202405)
2026-05-17 00:59:29,303 [INFO]   [01] 시도별      :    90행
2026-05-17 00:59:29,332 [ERROR] 오류 발생, 롤백: (1265, "Data truncated for column 'age_group' at row 21")
Traceback (most recent call last):
  File "c:\SKN_main_project1\load_to_db.py", line 373, in process_file
    total += upsert_gender_age(conn, r04)
             ^^^^^^^^^^^^^^^^^^^^^^^^^^^^
  File "c:\SKN_main_project1\load_to_db.py", line 305, in upsert_gender_age
    return insert_many(conn, """
           ^^^^^^^^^^^^^^^^^^^^^
  File "c:\SKN_main_project1\load_to_db.py", line 288, in insert_many
    cur.executemany(sql, data)
  File "C:\SKN_main_project1\.venv\Lib\site-packages\pymysql\cursors.py", line 182, in executemany
    return self._do_execute_many(
           ^^^^^^^^^^^^^^^^^^^^^^
  File "C:\SKN_main_project1\.venv\Lib\site-packages\pymysql\cursors.py", line 220, in _do_execute_many
    rows += self.execute(sql + postfix)
            ^^^^^^^^^^^^^^^^^^^^^^^^^^^
  File "C:\SKN_main_project1\.venv\Lib\site-packages\pymysql\cursors.py", line 153, in execute
    result = self._query(query)
             ^^^^^^^^^^^^^^^^^^
  File "C:\SKN_main_project1\.venv\Lib\site-packages\pymysql\cursors.py", line 322, in _query
    conn.query(q)
  File "C:\SKN_main_project1\.venv\Lib\site-packages\pymysql\connections.py", line 563, in query
    self._affected_rows = self._read_query_result(unbuffered=unbuffered)
                          ^^^^^^^^^^^^^^^^^^^^^^^^^^^^^^^^^^^^^^^^^^^^^^
  File "C:\SKN_main_project1\.venv\Lib\site-packages\pymysql\connections.py", line 825, in _read_query_result
    result.read()
  File "C:\SKN_main_project1\.venv\Lib\site-packages\pymysql\connections.py", line 1199, in read
    first_packet = self.connection._read_packet()
                   ^^^^^^^^^^^^^^^^^^^^^^^^^^^^^^
  File "C:\SKN_main_project1\.venv\Lib\site-packages\pymysql\connections.py", line 775, in _read_packet
    packet.raise_for_error()
  File "C:\SKN_main_project1\.venv\Lib\site-packages\pymysql\protocol.py", line 219, in raise_for_error
    err.raise_mysql_exception(self._data)
  File "C:\SKN_main_project1\.venv\Lib\site-packages\pymysql\err.py", line 150, in raise_mysql_exception
    raise errorclass(errno, errval)
pymysql.err.DataError: (1265, "Data truncated for column 'age_group' at row 21")
2026-05-17 00:59:29,333 [INFO] 처리 시작: 2024년_06월_자동차_등록자료_통계.xlsx (202406)
2026-05-17 00:59:29,989 [INFO]   [01] 시도별      :    90행
2026-05-17 00:59:30,019 [ERROR] 오류 발생, 롤백: (1265, "Data truncated for column 'age_group' at row 21")
Traceback (most recent call last):
  File "c:\SKN_main_project1\load_to_db.py", line 373, in process_file
    total += upsert_gender_age(conn, r04)
             ^^^^^^^^^^^^^^^^^^^^^^^^^^^^
  File "c:\SKN_main_project1\load_to_db.py", line 305, in upsert_gender_age
    return insert_many(conn, """
           ^^^^^^^^^^^^^^^^^^^^^
  File "c:\SKN_main_project1\load_to_db.py", line 288, in insert_many
    cur.executemany(sql, data)
  File "C:\SKN_main_project1\.venv\Lib\site-packages\pymysql\cursors.py", line 182, in executemany
    return self._do_execute_many(
           ^^^^^^^^^^^^^^^^^^^^^^
  File "C:\SKN_main_project1\.venv\Lib\site-packages\pymysql\cursors.py", line 220, in _do_execute_many
    rows += self.execute(sql + postfix)
            ^^^^^^^^^^^^^^^^^^^^^^^^^^^
  File "C:\SKN_main_project1\.venv\Lib\site-packages\pymysql\cursors.py", line 153, in execute
    result = self._query(query)
             ^^^^^^^^^^^^^^^^^^
  File "C:\SKN_main_project1\.venv\Lib\site-packages\pymysql\cursors.py", line 322, in _query
    conn.query(q)
  File "C:\SKN_main_project1\.venv\Lib\site-packages\pymysql\connections.py", line 563, in query
    self._affected_rows = self._read_query_result(unbuffered=unbuffered)
                          ^^^^^^^^^^^^^^^^^^^^^^^^^^^^^^^^^^^^^^^^^^^^^^
  File "C:\SKN_main_project1\.venv\Lib\site-packages\pymysql\connections.py", line 825, in _read_query_result
    result.read()
  File "C:\SKN_main_project1\.venv\Lib\site-packages\pymysql\connections.py", line 1199, in read
    first_packet = self.connection._read_packet()
                   ^^^^^^^^^^^^^^^^^^^^^^^^^^^^^^
  File "C:\SKN_main_project1\.venv\Lib\site-packages\pymysql\connections.py", line 775, in _read_packet
    packet.raise_for_error()
  File "C:\SKN_main_project1\.venv\Lib\site-packages\pymysql\protocol.py", line 219, in raise_for_error
    err.raise_mysql_exception(self._data)
  File "C:\SKN_main_project1\.venv\Lib\site-packages\pymysql\err.py", line 150, in raise_mysql_exception
    raise errorclass(errno, errval)
pymysql.err.DataError: (1265, "Data truncated for column 'age_group' at row 21")
2026-05-17 00:59:30,021 [INFO] 처리 시작: 2024년_07월_자동차_등록자료_통계.xlsx (202407)
2026-05-17 00:59:30,677 [INFO]   [01] 시도별      :    90행
2026-05-17 00:59:30,693 [ERROR] 오류 발생, 롤백: (1265, "Data truncated for column 'age_group' at row 21")
Traceback (most recent call last):
  File "c:\SKN_main_project1\load_to_db.py", line 373, in process_file
    total += upsert_gender_age(conn, r04)
             ^^^^^^^^^^^^^^^^^^^^^^^^^^^^
  File "c:\SKN_main_project1\load_to_db.py", line 305, in upsert_gender_age
    return insert_many(conn, """
           ^^^^^^^^^^^^^^^^^^^^^
  File "c:\SKN_main_project1\load_to_db.py", line 288, in insert_many
    cur.executemany(sql, data)
  File "C:\SKN_main_project1\.venv\Lib\site-packages\pymysql\cursors.py", line 182, in executemany
    return self._do_execute_many(
           ^^^^^^^^^^^^^^^^^^^^^^
  File "C:\SKN_main_project1\.venv\Lib\site-packages\pymysql\cursors.py", line 220, in _do_execute_many
    rows += self.execute(sql + postfix)
            ^^^^^^^^^^^^^^^^^^^^^^^^^^^
  File "C:\SKN_main_project1\.venv\Lib\site-packages\pymysql\cursors.py", line 153, in execute
    result = self._query(query)
             ^^^^^^^^^^^^^^^^^^
  File "C:\SKN_main_project1\.venv\Lib\site-packages\pymysql\cursors.py", line 322, in _query
    conn.query(q)
  File "C:\SKN_main_project1\.venv\Lib\site-packages\pymysql\connections.py", line 563, in query
    self._affected_rows = self._read_query_result(unbuffered=unbuffered)
                          ^^^^^^^^^^^^^^^^^^^^^^^^^^^^^^^^^^^^^^^^^^^^^^
  File "C:\SKN_main_project1\.venv\Lib\site-packages\pymysql\connections.py", line 825, in _read_query_result
    result.read()
  File "C:\SKN_main_project1\.venv\Lib\site-packages\pymysql\connections.py", line 1199, in read
    first_packet = self.connection._read_packet()
                   ^^^^^^^^^^^^^^^^^^^^^^^^^^^^^^
  File "C:\SKN_main_project1\.venv\Lib\site-packages\pymysql\connections.py", line 775, in _read_packet
    packet.raise_for_error()
  File "C:\SKN_main_project1\.venv\Lib\site-packages\pymysql\protocol.py", line 219, in raise_for_error
    err.raise_mysql_exception(self._data)
  File "C:\SKN_main_project1\.venv\Lib\site-packages\pymysql\err.py", line 150, in raise_mysql_exception
    raise errorclass(errno, errval)
pymysql.err.DataError: (1265, "Data truncated for column 'age_group' at row 21")
2026-05-17 00:59:30,694 [INFO] 처리 시작: 2024년_08월_자동차_등록자료_통계.xlsx (202408)
2026-05-17 00:59:31,344 [INFO]   [01] 시도별      :    90행
2026-05-17 00:59:31,373 [ERROR] 오류 발생, 롤백: (1265, "Data truncated for column 'age_group' at row 21")
Traceback (most recent call last):
  File "c:\SKN_main_project1\load_to_db.py", line 373, in process_file
    total += upsert_gender_age(conn, r04)
             ^^^^^^^^^^^^^^^^^^^^^^^^^^^^
  File "c:\SKN_main_project1\load_to_db.py", line 305, in upsert_gender_age
    return insert_many(conn, """
           ^^^^^^^^^^^^^^^^^^^^^
  File "c:\SKN_main_project1\load_to_db.py", line 288, in insert_many
    cur.executemany(sql, data)
  File "C:\SKN_main_project1\.venv\Lib\site-packages\pymysql\cursors.py", line 182, in executemany
    return self._do_execute_many(
           ^^^^^^^^^^^^^^^^^^^^^^
  File "C:\SKN_main_project1\.venv\Lib\site-packages\pymysql\cursors.py", line 220, in _do_execute_many
    rows += self.execute(sql + postfix)
            ^^^^^^^^^^^^^^^^^^^^^^^^^^^
  File "C:\SKN_main_project1\.venv\Lib\site-packages\pymysql\cursors.py", line 153, in execute
    result = self._query(query)
             ^^^^^^^^^^^^^^^^^^
  File "C:\SKN_main_project1\.venv\Lib\site-packages\pymysql\cursors.py", line 322, in _query
    conn.query(q)
  File "C:\SKN_main_project1\.venv\Lib\site-packages\pymysql\connections.py", line 563, in query
    self._affected_rows = self._read_query_result(unbuffered=unbuffered)
                          ^^^^^^^^^^^^^^^^^^^^^^^^^^^^^^^^^^^^^^^^^^^^^^
  File "C:\SKN_main_project1\.venv\Lib\site-packages\pymysql\connections.py", line 825, in _read_query_result
    result.read()
  File "C:\SKN_main_project1\.venv\Lib\site-packages\pymysql\connections.py", line 1199, in read
    first_packet = self.connection._read_packet()
                   ^^^^^^^^^^^^^^^^^^^^^^^^^^^^^^
  File "C:\SKN_main_project1\.venv\Lib\site-packages\pymysql\connections.py", line 775, in _read_packet
    packet.raise_for_error()
  File "C:\SKN_main_project1\.venv\Lib\site-packages\pymysql\protocol.py", line 219, in raise_for_error
    err.raise_mysql_exception(self._data)
  File "C:\SKN_main_project1\.venv\Lib\site-packages\pymysql\err.py", line 150, in raise_mysql_exception
    raise errorclass(errno, errval)
pymysql.err.DataError: (1265, "Data truncated for column 'age_group' at row 21")
2026-05-17 00:59:31,376 [INFO] 처리 시작: 2024년_09월_자동차_등록자료_통계.xlsx (202409)
2026-05-17 00:59:32,045 [INFO]   [01] 시도별      :    90행
2026-05-17 00:59:32,076 [ERROR] 오류 발생, 롤백: (1265, "Data truncated for column 'age_group' at row 21")
Traceback (most recent call last):
  File "c:\SKN_main_project1\load_to_db.py", line 373, in process_file
    total += upsert_gender_age(conn, r04)
             ^^^^^^^^^^^^^^^^^^^^^^^^^^^^
  File "c:\SKN_main_project1\load_to_db.py", line 305, in upsert_gender_age
    return insert_many(conn, """
           ^^^^^^^^^^^^^^^^^^^^^
  File "c:\SKN_main_project1\load_to_db.py", line 288, in insert_many
    cur.executemany(sql, data)
  File "C:\SKN_main_project1\.venv\Lib\site-packages\pymysql\cursors.py", line 182, in executemany
    return self._do_execute_many(
           ^^^^^^^^^^^^^^^^^^^^^^
  File "C:\SKN_main_project1\.venv\Lib\site-packages\pymysql\cursors.py", line 220, in _do_execute_many
    rows += self.execute(sql + postfix)
            ^^^^^^^^^^^^^^^^^^^^^^^^^^^
  File "C:\SKN_main_project1\.venv\Lib\site-packages\pymysql\cursors.py", line 153, in execute
    result = self._query(query)
             ^^^^^^^^^^^^^^^^^^
  File "C:\SKN_main_project1\.venv\Lib\site-packages\pymysql\cursors.py", line 322, in _query
    conn.query(q)
  File "C:\SKN_main_project1\.venv\Lib\site-packages\pymysql\connections.py", line 563, in query
    self._affected_rows = self._read_query_result(unbuffered=unbuffered)
                          ^^^^^^^^^^^^^^^^^^^^^^^^^^^^^^^^^^^^^^^^^^^^^^
  File "C:\SKN_main_project1\.venv\Lib\site-packages\pymysql\connections.py", line 825, in _read_query_result
    result.read()
  File "C:\SKN_main_project1\.venv\Lib\site-packages\pymysql\connections.py", line 1199, in read
    first_packet = self.connection._read_packet()
                   ^^^^^^^^^^^^^^^^^^^^^^^^^^^^^^
  File "C:\SKN_main_project1\.venv\Lib\site-packages\pymysql\connections.py", line 775, in _read_packet
    packet.raise_for_error()
  File "C:\SKN_main_project1\.venv\Lib\site-packages\pymysql\protocol.py", line 219, in raise_for_error
    err.raise_mysql_exception(self._data)
  File "C:\SKN_main_project1\.venv\Lib\site-packages\pymysql\err.py", line 150, in raise_mysql_exception
    raise errorclass(errno, errval)
pymysql.err.DataError: (1265, "Data truncated for column 'age_group' at row 21")
2026-05-17 00:59:32,078 [INFO] 처리 시작: 2024년_10월_자동차_등록자료_통계.xlsx (202410)
2026-05-17 00:59:32,705 [INFO]   [01] 시도별      :    90행
2026-05-17 00:59:32,718 [ERROR] 오류 발생, 롤백: (1265, "Data truncated for column 'age_group' at row 21")
Traceback (most recent call last):
  File "c:\SKN_main_project1\load_to_db.py", line 373, in process_file
    total += upsert_gender_age(conn, r04)
             ^^^^^^^^^^^^^^^^^^^^^^^^^^^^
  File "c:\SKN_main_project1\load_to_db.py", line 305, in upsert_gender_age
    return insert_many(conn, """
           ^^^^^^^^^^^^^^^^^^^^^
  File "c:\SKN_main_project1\load_to_db.py", line 288, in insert_many
    cur.executemany(sql, data)
  File "C:\SKN_main_project1\.venv\Lib\site-packages\pymysql\cursors.py", line 182, in executemany
    return self._do_execute_many(
           ^^^^^^^^^^^^^^^^^^^^^^
  File "C:\SKN_main_project1\.venv\Lib\site-packages\pymysql\cursors.py", line 220, in _do_execute_many
    rows += self.execute(sql + postfix)
            ^^^^^^^^^^^^^^^^^^^^^^^^^^^
  File "C:\SKN_main_project1\.venv\Lib\site-packages\pymysql\cursors.py", line 153, in execute
    result = self._query(query)
             ^^^^^^^^^^^^^^^^^^
  File "C:\SKN_main_project1\.venv\Lib\site-packages\pymysql\cursors.py", line 322, in _query
    conn.query(q)
  File "C:\SKN_main_project1\.venv\Lib\site-packages\pymysql\connections.py", line 563, in query
    self._affected_rows = self._read_query_result(unbuffered=unbuffered)
                          ^^^^^^^^^^^^^^^^^^^^^^^^^^^^^^^^^^^^^^^^^^^^^^
  File "C:\SKN_main_project1\.venv\Lib\site-packages\pymysql\connections.py", line 825, in _read_query_result
    result.read()
  File "C:\SKN_main_project1\.venv\Lib\site-packages\pymysql\connections.py", line 1199, in read
    first_packet = self.connection._read_packet()
                   ^^^^^^^^^^^^^^^^^^^^^^^^^^^^^^
  File "C:\SKN_main_project1\.venv\Lib\site-packages\pymysql\connections.py", line 775, in _read_packet
    packet.raise_for_error()
  File "C:\SKN_main_project1\.venv\Lib\site-packages\pymysql\protocol.py", line 219, in raise_for_error
    err.raise_mysql_exception(self._data)
  File "C:\SKN_main_project1\.venv\Lib\site-packages\pymysql\err.py", line 150, in raise_mysql_exception
    raise errorclass(errno, errval)
pymysql.err.DataError: (1265, "Data truncated for column 'age_group' at row 21")
2026-05-17 00:59:32,720 [INFO] 처리 시작: 2024년_11월_자동차_등록자료_통계.xlsx (202411)
2026-05-17 00:59:33,342 [INFO]   [01] 시도별      :    90행
2026-05-17 00:59:33,353 [ERROR] 오류 발생, 롤백: (1265, "Data truncated for column 'age_group' at row 21")
Traceback (most recent call last):
  File "c:\SKN_main_project1\load_to_db.py", line 373, in process_file
    total += upsert_gender_age(conn, r04)
             ^^^^^^^^^^^^^^^^^^^^^^^^^^^^
  File "c:\SKN_main_project1\load_to_db.py", line 305, in upsert_gender_age
    return insert_many(conn, """
           ^^^^^^^^^^^^^^^^^^^^^
  File "c:\SKN_main_project1\load_to_db.py", line 288, in insert_many
    cur.executemany(sql, data)
  File "C:\SKN_main_project1\.venv\Lib\site-packages\pymysql\cursors.py", line 182, in executemany
    return self._do_execute_many(
           ^^^^^^^^^^^^^^^^^^^^^^
  File "C:\SKN_main_project1\.venv\Lib\site-packages\pymysql\cursors.py", line 220, in _do_execute_many
    rows += self.execute(sql + postfix)
            ^^^^^^^^^^^^^^^^^^^^^^^^^^^
  File "C:\SKN_main_project1\.venv\Lib\site-packages\pymysql\cursors.py", line 153, in execute
    result = self._query(query)
             ^^^^^^^^^^^^^^^^^^
  File "C:\SKN_main_project1\.venv\Lib\site-packages\pymysql\cursors.py", line 322, in _query
    conn.query(q)
  File "C:\SKN_main_project1\.venv\Lib\site-packages\pymysql\connections.py", line 563, in query
    self._affected_rows = self._read_query_result(unbuffered=unbuffered)
                          ^^^^^^^^^^^^^^^^^^^^^^^^^^^^^^^^^^^^^^^^^^^^^^
  File "C:\SKN_main_project1\.venv\Lib\site-packages\pymysql\connections.py", line 825, in _read_query_result
    result.read()
  File "C:\SKN_main_project1\.venv\Lib\site-packages\pymysql\connections.py", line 1199, in read
    first_packet = self.connection._read_packet()
                   ^^^^^^^^^^^^^^^^^^^^^^^^^^^^^^
  File "C:\SKN_main_project1\.venv\Lib\site-packages\pymysql\connections.py", line 775, in _read_packet
    packet.raise_for_error()
  File "C:\SKN_main_project1\.venv\Lib\site-packages\pymysql\protocol.py", line 219, in raise_for_error
    err.raise_mysql_exception(self._data)
  File "C:\SKN_main_project1\.venv\Lib\site-packages\pymysql\err.py", line 150, in raise_mysql_exception
    raise errorclass(errno, errval)
pymysql.err.DataError: (1265, "Data truncated for column 'age_group' at row 21")
2026-05-17 00:59:33,354 [INFO] 처리 시작: 2024년_12월_자동차_등록자료_통계.xlsx (202412)
2026-05-17 00:59:34,002 [INFO]   [01] 시도별      :    90행
2026-05-17 00:59:34,021 [ERROR] 오류 발생, 롤백: (1265, "Data truncated for column 'age_group' at row 21")
Traceback (most recent call last):
  File "c:\SKN_main_project1\load_to_db.py", line 373, in process_file
    total += upsert_gender_age(conn, r04)
             ^^^^^^^^^^^^^^^^^^^^^^^^^^^^
  File "c:\SKN_main_project1\load_to_db.py", line 305, in upsert_gender_age
    return insert_many(conn, """
           ^^^^^^^^^^^^^^^^^^^^^
  File "c:\SKN_main_project1\load_to_db.py", line 288, in insert_many
    cur.executemany(sql, data)
  File "C:\SKN_main_project1\.venv\Lib\site-packages\pymysql\cursors.py", line 182, in executemany
    return self._do_execute_many(
           ^^^^^^^^^^^^^^^^^^^^^^
  File "C:\SKN_main_project1\.venv\Lib\site-packages\pymysql\cursors.py", line 220, in _do_execute_many
    rows += self.execute(sql + postfix)
            ^^^^^^^^^^^^^^^^^^^^^^^^^^^
  File "C:\SKN_main_project1\.venv\Lib\site-packages\pymysql\cursors.py", line 153, in execute
    result = self._query(query)
             ^^^^^^^^^^^^^^^^^^
  File "C:\SKN_main_project1\.venv\Lib\site-packages\pymysql\cursors.py", line 322, in _query
    conn.query(q)
  File "C:\SKN_main_project1\.venv\Lib\site-packages\pymysql\connections.py", line 563, in query
    self._affected_rows = self._read_query_result(unbuffered=unbuffered)
                          ^^^^^^^^^^^^^^^^^^^^^^^^^^^^^^^^^^^^^^^^^^^^^^
  File "C:\SKN_main_project1\.venv\Lib\site-packages\pymysql\connections.py", line 825, in _read_query_result
    result.read()
  File "C:\SKN_main_project1\.venv\Lib\site-packages\pymysql\connections.py", line 1199, in read
    first_packet = self.connection._read_packet()
                   ^^^^^^^^^^^^^^^^^^^^^^^^^^^^^^
  File "C:\SKN_main_project1\.venv\Lib\site-packages\pymysql\connections.py", line 775, in _read_packet
    packet.raise_for_error()
  File "C:\SKN_main_project1\.venv\Lib\site-packages\pymysql\protocol.py", line 219, in raise_for_error
    err.raise_mysql_exception(self._data)
  File "C:\SKN_main_project1\.venv\Lib\site-packages\pymysql\err.py", line 150, in raise_mysql_exception
    raise errorclass(errno, errval)
pymysql.err.DataError: (1265, "Data truncated for column 'age_group' at row 21")
2026-05-17 00:59:34,023 [INFO] 처리 시작: 2025년_01월_자동차_등록자료_통계.xlsx (202501)
2026-05-17 00:59:34,656 [INFO]   [01] 시도별      :    90행
2026-05-17 00:59:34,676 [ERROR] 오류 발생, 롤백: (1265, "Data truncated for column 'age_group' at row 21")
Traceback (most recent call last):
  File "c:\SKN_main_project1\load_to_db.py", line 373, in process_file
    total += upsert_gender_age(conn, r04)
             ^^^^^^^^^^^^^^^^^^^^^^^^^^^^
  File "c:\SKN_main_project1\load_to_db.py", line 305, in upsert_gender_age
    return insert_many(conn, """
           ^^^^^^^^^^^^^^^^^^^^^
  File "c:\SKN_main_project1\load_to_db.py", line 288, in insert_many
    cur.executemany(sql, data)
  File "C:\SKN_main_project1\.venv\Lib\site-packages\pymysql\cursors.py", line 182, in executemany
    return self._do_execute_many(
           ^^^^^^^^^^^^^^^^^^^^^^
  File "C:\SKN_main_project1\.venv\Lib\site-packages\pymysql\cursors.py", line 220, in _do_execute_many
    rows += self.execute(sql + postfix)
            ^^^^^^^^^^^^^^^^^^^^^^^^^^^
  File "C:\SKN_main_project1\.venv\Lib\site-packages\pymysql\cursors.py", line 153, in execute
    result = self._query(query)
             ^^^^^^^^^^^^^^^^^^
  File "C:\SKN_main_project1\.venv\Lib\site-packages\pymysql\cursors.py", line 322, in _query
    conn.query(q)
  File "C:\SKN_main_project1\.venv\Lib\site-packages\pymysql\connections.py", line 563, in query
    self._affected_rows = self._read_query_result(unbuffered=unbuffered)
                          ^^^^^^^^^^^^^^^^^^^^^^^^^^^^^^^^^^^^^^^^^^^^^^
  File "C:\SKN_main_project1\.venv\Lib\site-packages\pymysql\connections.py", line 825, in _read_query_result
    result.read()
  File "C:\SKN_main_project1\.venv\Lib\site-packages\pymysql\connections.py", line 1199, in read
    first_packet = self.connection._read_packet()
                   ^^^^^^^^^^^^^^^^^^^^^^^^^^^^^^
  File "C:\SKN_main_project1\.venv\Lib\site-packages\pymysql\connections.py", line 775, in _read_packet
    packet.raise_for_error()
  File "C:\SKN_main_project1\.venv\Lib\site-packages\pymysql\protocol.py", line 219, in raise_for_error
    err.raise_mysql_exception(self._data)
  File "C:\SKN_main_project1\.venv\Lib\site-packages\pymysql\err.py", line 150, in raise_mysql_exception
    raise errorclass(errno, errval)
pymysql.err.DataError: (1265, "Data truncated for column 'age_group' at row 21")
2026-05-17 00:59:34,677 [INFO] 처리 시작: 2025년_02월_자동차_등록자료_통계.xlsx (202502)
2026-05-17 00:59:35,339 [INFO]   [01] 시도별      :    90행
2026-05-17 00:59:35,354 [ERROR] 오류 발생, 롤백: (1265, "Data truncated for column 'age_group' at row 21")
Traceback (most recent call last):
  File "c:\SKN_main_project1\load_to_db.py", line 373, in process_file
    total += upsert_gender_age(conn, r04)
             ^^^^^^^^^^^^^^^^^^^^^^^^^^^^
  File "c:\SKN_main_project1\load_to_db.py", line 305, in upsert_gender_age
    return insert_many(conn, """
           ^^^^^^^^^^^^^^^^^^^^^
  File "c:\SKN_main_project1\load_to_db.py", line 288, in insert_many
    cur.executemany(sql, data)
  File "C:\SKN_main_project1\.venv\Lib\site-packages\pymysql\cursors.py", line 182, in executemany
    return self._do_execute_many(
           ^^^^^^^^^^^^^^^^^^^^^^
  File "C:\SKN_main_project1\.venv\Lib\site-packages\pymysql\cursors.py", line 220, in _do_execute_many
    rows += self.execute(sql + postfix)
            ^^^^^^^^^^^^^^^^^^^^^^^^^^^
  File "C:\SKN_main_project1\.venv\Lib\site-packages\pymysql\cursors.py", line 153, in execute
    result = self._query(query)
             ^^^^^^^^^^^^^^^^^^
  File "C:\SKN_main_project1\.venv\Lib\site-packages\pymysql\cursors.py", line 322, in _query
    conn.query(q)
  File "C:\SKN_main_project1\.venv\Lib\site-packages\pymysql\connections.py", line 563, in query
    self._affected_rows = self._read_query_result(unbuffered=unbuffered)
                          ^^^^^^^^^^^^^^^^^^^^^^^^^^^^^^^^^^^^^^^^^^^^^^
  File "C:\SKN_main_project1\.venv\Lib\site-packages\pymysql\connections.py", line 825, in _read_query_result
    result.read()
  File "C:\SKN_main_project1\.venv\Lib\site-packages\pymysql\connections.py", line 1199, in read
    first_packet = self.connection._read_packet()
                   ^^^^^^^^^^^^^^^^^^^^^^^^^^^^^^
  File "C:\SKN_main_project1\.venv\Lib\site-packages\pymysql\connections.py", line 775, in _read_packet
    packet.raise_for_error()
  File "C:\SKN_main_project1\.venv\Lib\site-packages\pymysql\protocol.py", line 219, in raise_for_error
    err.raise_mysql_exception(self._data)
  File "C:\SKN_main_project1\.venv\Lib\site-packages\pymysql\err.py", line 150, in raise_mysql_exception
    raise errorclass(errno, errval)
pymysql.err.DataError: (1265, "Data truncated for column 'age_group' at row 21")
2026-05-17 00:59:35,356 [INFO] 처리 시작: 2025년_03월_자동차_등록자료_통계.xlsx (202503)
2026-05-17 00:59:36,012 [INFO]   [01] 시도별      :    90행
2026-05-17 00:59:36,023 [ERROR] 오류 발생, 롤백: (1265, "Data truncated for column 'age_group' at row 21")
Traceback (most recent call last):
  File "c:\SKN_main_project1\load_to_db.py", line 373, in process_file
    total += upsert_gender_age(conn, r04)
             ^^^^^^^^^^^^^^^^^^^^^^^^^^^^
  File "c:\SKN_main_project1\load_to_db.py", line 305, in upsert_gender_age
    return insert_many(conn, """
           ^^^^^^^^^^^^^^^^^^^^^
  File "c:\SKN_main_project1\load_to_db.py", line 288, in insert_many
    cur.executemany(sql, data)
  File "C:\SKN_main_project1\.venv\Lib\site-packages\pymysql\cursors.py", line 182, in executemany
    return self._do_execute_many(
           ^^^^^^^^^^^^^^^^^^^^^^
  File "C:\SKN_main_project1\.venv\Lib\site-packages\pymysql\cursors.py", line 220, in _do_execute_many
    rows += self.execute(sql + postfix)
            ^^^^^^^^^^^^^^^^^^^^^^^^^^^
  File "C:\SKN_main_project1\.venv\Lib\site-packages\pymysql\cursors.py", line 153, in execute
    result = self._query(query)
             ^^^^^^^^^^^^^^^^^^
  File "C:\SKN_main_project1\.venv\Lib\site-packages\pymysql\cursors.py", line 322, in _query
    conn.query(q)
  File "C:\SKN_main_project1\.venv\Lib\site-packages\pymysql\connections.py", line 563, in query
    self._affected_rows = self._read_query_result(unbuffered=unbuffered)
                          ^^^^^^^^^^^^^^^^^^^^^^^^^^^^^^^^^^^^^^^^^^^^^^
  File "C:\SKN_main_project1\.venv\Lib\site-packages\pymysql\connections.py", line 825, in _read_query_result
    result.read()
  File "C:\SKN_main_project1\.venv\Lib\site-packages\pymysql\connections.py", line 1199, in read
    first_packet = self.connection._read_packet()
                   ^^^^^^^^^^^^^^^^^^^^^^^^^^^^^^
  File "C:\SKN_main_project1\.venv\Lib\site-packages\pymysql\connections.py", line 775, in _read_packet
    packet.raise_for_error()
  File "C:\SKN_main_project1\.venv\Lib\site-packages\pymysql\protocol.py", line 219, in raise_for_error
    err.raise_mysql_exception(self._data)
  File "C:\SKN_main_project1\.venv\Lib\site-packages\pymysql\err.py", line 150, in raise_mysql_exception
    raise errorclass(errno, errval)
pymysql.err.DataError: (1265, "Data truncated for column 'age_group' at row 21")
2026-05-17 00:59:36,025 [INFO] 처리 시작: 2025년_04월_자동차_등록자료_통계.xlsx (202504)
2026-05-17 00:59:36,679 [INFO]   [01] 시도별      :    90행
2026-05-17 00:59:36,686 [ERROR] 오류 발생, 롤백: (1265, "Data truncated for column 'age_group' at row 21")
Traceback (most recent call last):
  File "c:\SKN_main_project1\load_to_db.py", line 373, in process_file
    total += upsert_gender_age(conn, r04)
             ^^^^^^^^^^^^^^^^^^^^^^^^^^^^
  File "c:\SKN_main_project1\load_to_db.py", line 305, in upsert_gender_age
    return insert_many(conn, """
           ^^^^^^^^^^^^^^^^^^^^^
  File "c:\SKN_main_project1\load_to_db.py", line 288, in insert_many
    cur.executemany(sql, data)
  File "C:\SKN_main_project1\.venv\Lib\site-packages\pymysql\cursors.py", line 182, in executemany
    return self._do_execute_many(
           ^^^^^^^^^^^^^^^^^^^^^^
  File "C:\SKN_main_project1\.venv\Lib\site-packages\pymysql\cursors.py", line 220, in _do_execute_many
    rows += self.execute(sql + postfix)
            ^^^^^^^^^^^^^^^^^^^^^^^^^^^
  File "C:\SKN_main_project1\.venv\Lib\site-packages\pymysql\cursors.py", line 153, in execute
    result = self._query(query)
             ^^^^^^^^^^^^^^^^^^
  File "C:\SKN_main_project1\.venv\Lib\site-packages\pymysql\cursors.py", line 322, in _query
    conn.query(q)
  File "C:\SKN_main_project1\.venv\Lib\site-packages\pymysql\connections.py", line 563, in query
    self._affected_rows = self._read_query_result(unbuffered=unbuffered)
                          ^^^^^^^^^^^^^^^^^^^^^^^^^^^^^^^^^^^^^^^^^^^^^^
  File "C:\SKN_main_project1\.venv\Lib\site-packages\pymysql\connections.py", line 825, in _read_query_result
    result.read()
  File "C:\SKN_main_project1\.venv\Lib\site-packages\pymysql\connections.py", line 1199, in read
    first_packet = self.connection._read_packet()
                   ^^^^^^^^^^^^^^^^^^^^^^^^^^^^^^
  File "C:\SKN_main_project1\.venv\Lib\site-packages\pymysql\connections.py", line 775, in _read_packet
    packet.raise_for_error()
  File "C:\SKN_main_project1\.venv\Lib\site-packages\pymysql\protocol.py", line 219, in raise_for_error
    err.raise_mysql_exception(self._data)
  File "C:\SKN_main_project1\.venv\Lib\site-packages\pymysql\err.py", line 150, in raise_mysql_exception
    raise errorclass(errno, errval)
pymysql.err.DataError: (1265, "Data truncated for column 'age_group' at row 21")
2026-05-17 00:59:36,688 [INFO] 처리 시작: 2025년_05월_자동차_등록자료_통계.xlsx (202505)
2026-05-17 00:59:37,319 [INFO]   [01] 시도별      :    90행
2026-05-17 00:59:37,340 [ERROR] 오류 발생, 롤백: (1265, "Data truncated for column 'age_group' at row 21")
Traceback (most recent call last):
  File "c:\SKN_main_project1\load_to_db.py", line 373, in process_file
    total += upsert_gender_age(conn, r04)
             ^^^^^^^^^^^^^^^^^^^^^^^^^^^^
  File "c:\SKN_main_project1\load_to_db.py", line 305, in upsert_gender_age
    return insert_many(conn, """
           ^^^^^^^^^^^^^^^^^^^^^
  File "c:\SKN_main_project1\load_to_db.py", line 288, in insert_many
    cur.executemany(sql, data)
  File "C:\SKN_main_project1\.venv\Lib\site-packages\pymysql\cursors.py", line 182, in executemany
    return self._do_execute_many(
           ^^^^^^^^^^^^^^^^^^^^^^
  File "C:\SKN_main_project1\.venv\Lib\site-packages\pymysql\cursors.py", line 220, in _do_execute_many
    rows += self.execute(sql + postfix)
            ^^^^^^^^^^^^^^^^^^^^^^^^^^^
  File "C:\SKN_main_project1\.venv\Lib\site-packages\pymysql\cursors.py", line 153, in execute
    result = self._query(query)
             ^^^^^^^^^^^^^^^^^^
  File "C:\SKN_main_project1\.venv\Lib\site-packages\pymysql\cursors.py", line 322, in _query
    conn.query(q)
  File "C:\SKN_main_project1\.venv\Lib\site-packages\pymysql\connections.py", line 563, in query
    self._affected_rows = self._read_query_result(unbuffered=unbuffered)
                          ^^^^^^^^^^^^^^^^^^^^^^^^^^^^^^^^^^^^^^^^^^^^^^
  File "C:\SKN_main_project1\.venv\Lib\site-packages\pymysql\connections.py", line 825, in _read_query_result
    result.read()
  File "C:\SKN_main_project1\.venv\Lib\site-packages\pymysql\connections.py", line 1199, in read
    first_packet = self.connection._read_packet()
                   ^^^^^^^^^^^^^^^^^^^^^^^^^^^^^^
  File "C:\SKN_main_project1\.venv\Lib\site-packages\pymysql\connections.py", line 775, in _read_packet
    packet.raise_for_error()
  File "C:\SKN_main_project1\.venv\Lib\site-packages\pymysql\protocol.py", line 219, in raise_for_error
    err.raise_mysql_exception(self._data)
  File "C:\SKN_main_project1\.venv\Lib\site-packages\pymysql\err.py", line 150, in raise_mysql_exception
    raise errorclass(errno, errval)
pymysql.err.DataError: (1265, "Data truncated for column 'age_group' at row 21")
2026-05-17 00:59:37,341 [INFO] 처리 시작: 2025년_06월_자동차_등록자료_통계.xlsx (202506)
2026-05-17 00:59:37,984 [INFO]   [01] 시도별      :    90행
2026-05-17 00:59:38,011 [ERROR] 오류 발생, 롤백: (1265, "Data truncated for column 'age_group' at row 21")
Traceback (most recent call last):
  File "c:\SKN_main_project1\load_to_db.py", line 373, in process_file
    total += upsert_gender_age(conn, r04)
             ^^^^^^^^^^^^^^^^^^^^^^^^^^^^
  File "c:\SKN_main_project1\load_to_db.py", line 305, in upsert_gender_age
    return insert_many(conn, """
           ^^^^^^^^^^^^^^^^^^^^^
  File "c:\SKN_main_project1\load_to_db.py", line 288, in insert_many
    cur.executemany(sql, data)
  File "C:\SKN_main_project1\.venv\Lib\site-packages\pymysql\cursors.py", line 182, in executemany
    return self._do_execute_many(
           ^^^^^^^^^^^^^^^^^^^^^^
  File "C:\SKN_main_project1\.venv\Lib\site-packages\pymysql\cursors.py", line 220, in _do_execute_many
    rows += self.execute(sql + postfix)
            ^^^^^^^^^^^^^^^^^^^^^^^^^^^
  File "C:\SKN_main_project1\.venv\Lib\site-packages\pymysql\cursors.py", line 153, in execute
    result = self._query(query)
             ^^^^^^^^^^^^^^^^^^
  File "C:\SKN_main_project1\.venv\Lib\site-packages\pymysql\cursors.py", line 322, in _query
    conn.query(q)
  File "C:\SKN_main_project1\.venv\Lib\site-packages\pymysql\connections.py", line 563, in query
    self._affected_rows = self._read_query_result(unbuffered=unbuffered)
                          ^^^^^^^^^^^^^^^^^^^^^^^^^^^^^^^^^^^^^^^^^^^^^^
  File "C:\SKN_main_project1\.venv\Lib\site-packages\pymysql\connections.py", line 825, in _read_query_result
    result.read()
  File "C:\SKN_main_project1\.venv\Lib\site-packages\pymysql\connections.py", line 1199, in read
    first_packet = self.connection._read_packet()
                   ^^^^^^^^^^^^^^^^^^^^^^^^^^^^^^
  File "C:\SKN_main_project1\.venv\Lib\site-packages\pymysql\connections.py", line 775, in _read_packet
    packet.raise_for_error()
  File "C:\SKN_main_project1\.venv\Lib\site-packages\pymysql\protocol.py", line 219, in raise_for_error
    err.raise_mysql_exception(self._data)
  File "C:\SKN_main_project1\.venv\Lib\site-packages\pymysql\err.py", line 150, in raise_mysql_exception
    raise errorclass(errno, errval)
pymysql.err.DataError: (1265, "Data truncated for column 'age_group' at row 21")
2026-05-17 00:59:38,013 [INFO] 처리 시작: 2025년_07월_자동차_등록자료_통계.xlsx (202507)
2026-05-17 00:59:38,662 [INFO]   [01] 시도별      :    90행
2026-05-17 00:59:38,681 [ERROR] 오류 발생, 롤백: (1265, "Data truncated for column 'age_group' at row 21")
Traceback (most recent call last):
  File "c:\SKN_main_project1\load_to_db.py", line 373, in process_file
    total += upsert_gender_age(conn, r04)
             ^^^^^^^^^^^^^^^^^^^^^^^^^^^^
  File "c:\SKN_main_project1\load_to_db.py", line 305, in upsert_gender_age
    return insert_many(conn, """
           ^^^^^^^^^^^^^^^^^^^^^
  File "c:\SKN_main_project1\load_to_db.py", line 288, in insert_many
    cur.executemany(sql, data)
  File "C:\SKN_main_project1\.venv\Lib\site-packages\pymysql\cursors.py", line 182, in executemany
    return self._do_execute_many(
           ^^^^^^^^^^^^^^^^^^^^^^
  File "C:\SKN_main_project1\.venv\Lib\site-packages\pymysql\cursors.py", line 220, in _do_execute_many
    rows += self.execute(sql + postfix)
            ^^^^^^^^^^^^^^^^^^^^^^^^^^^
  File "C:\SKN_main_project1\.venv\Lib\site-packages\pymysql\cursors.py", line 153, in execute
    result = self._query(query)
             ^^^^^^^^^^^^^^^^^^
  File "C:\SKN_main_project1\.venv\Lib\site-packages\pymysql\cursors.py", line 322, in _query
    conn.query(q)
  File "C:\SKN_main_project1\.venv\Lib\site-packages\pymysql\connections.py", line 563, in query
    self._affected_rows = self._read_query_result(unbuffered=unbuffered)
                          ^^^^^^^^^^^^^^^^^^^^^^^^^^^^^^^^^^^^^^^^^^^^^^
  File "C:\SKN_main_project1\.venv\Lib\site-packages\pymysql\connections.py", line 825, in _read_query_result
    result.read()
  File "C:\SKN_main_project1\.venv\Lib\site-packages\pymysql\connections.py", line 1199, in read
    first_packet = self.connection._read_packet()
                   ^^^^^^^^^^^^^^^^^^^^^^^^^^^^^^
  File "C:\SKN_main_project1\.venv\Lib\site-packages\pymysql\connections.py", line 775, in _read_packet
    packet.raise_for_error()
  File "C:\SKN_main_project1\.venv\Lib\site-packages\pymysql\protocol.py", line 219, in raise_for_error
    err.raise_mysql_exception(self._data)
  File "C:\SKN_main_project1\.venv\Lib\site-packages\pymysql\err.py", line 150, in raise_mysql_exception
    raise errorclass(errno, errval)
pymysql.err.DataError: (1265, "Data truncated for column 'age_group' at row 21")
2026-05-17 00:59:38,683 [INFO] 처리 시작: 2025년_08월_자동차_등록자료_통계.xlsx (202508)
2026-05-17 00:59:39,364 [INFO]   [01] 시도별      :    90행
2026-05-17 00:59:39,385 [ERROR] 오류 발생, 롤백: (1265, "Data truncated for column 'age_group' at row 21")
Traceback (most recent call last):
  File "c:\SKN_main_project1\load_to_db.py", line 373, in process_file
    total += upsert_gender_age(conn, r04)
             ^^^^^^^^^^^^^^^^^^^^^^^^^^^^
  File "c:\SKN_main_project1\load_to_db.py", line 305, in upsert_gender_age
    return insert_many(conn, """
           ^^^^^^^^^^^^^^^^^^^^^
  File "c:\SKN_main_project1\load_to_db.py", line 288, in insert_many
    cur.executemany(sql, data)
  File "C:\SKN_main_project1\.venv\Lib\site-packages\pymysql\cursors.py", line 182, in executemany
    return self._do_execute_many(
           ^^^^^^^^^^^^^^^^^^^^^^
  File "C:\SKN_main_project1\.venv\Lib\site-packages\pymysql\cursors.py", line 220, in _do_execute_many
    rows += self.execute(sql + postfix)
            ^^^^^^^^^^^^^^^^^^^^^^^^^^^
  File "C:\SKN_main_project1\.venv\Lib\site-packages\pymysql\cursors.py", line 153, in execute
    result = self._query(query)
             ^^^^^^^^^^^^^^^^^^
  File "C:\SKN_main_project1\.venv\Lib\site-packages\pymysql\cursors.py", line 322, in _query
    conn.query(q)
  File "C:\SKN_main_project1\.venv\Lib\site-packages\pymysql\connections.py", line 563, in query
    self._affected_rows = self._read_query_result(unbuffered=unbuffered)
                          ^^^^^^^^^^^^^^^^^^^^^^^^^^^^^^^^^^^^^^^^^^^^^^
  File "C:\SKN_main_project1\.venv\Lib\site-packages\pymysql\connections.py", line 825, in _read_query_result
    result.read()
  File "C:\SKN_main_project1\.venv\Lib\site-packages\pymysql\connections.py", line 1199, in read
    first_packet = self.connection._read_packet()
                   ^^^^^^^^^^^^^^^^^^^^^^^^^^^^^^
  File "C:\SKN_main_project1\.venv\Lib\site-packages\pymysql\connections.py", line 775, in _read_packet
    packet.raise_for_error()
  File "C:\SKN_main_project1\.venv\Lib\site-packages\pymysql\protocol.py", line 219, in raise_for_error
    err.raise_mysql_exception(self._data)
  File "C:\SKN_main_project1\.venv\Lib\site-packages\pymysql\err.py", line 150, in raise_mysql_exception
    raise errorclass(errno, errval)
pymysql.err.DataError: (1265, "Data truncated for column 'age_group' at row 21")
2026-05-17 00:59:39,387 [INFO] 처리 시작: 2025년_09월_자동차_등록자료_통계.xlsx (202509)
2026-05-17 00:59:40,100 [INFO]   [01] 시도별      :    90행
2026-05-17 00:59:40,118 [ERROR] 오류 발생, 롤백: (1265, "Data truncated for column 'age_group' at row 21")
Traceback (most recent call last):
  File "c:\SKN_main_project1\load_to_db.py", line 373, in process_file
    total += upsert_gender_age(conn, r04)
             ^^^^^^^^^^^^^^^^^^^^^^^^^^^^
  File "c:\SKN_main_project1\load_to_db.py", line 305, in upsert_gender_age
    return insert_many(conn, """
           ^^^^^^^^^^^^^^^^^^^^^
  File "c:\SKN_main_project1\load_to_db.py", line 288, in insert_many
    cur.executemany(sql, data)
  File "C:\SKN_main_project1\.venv\Lib\site-packages\pymysql\cursors.py", line 182, in executemany
    return self._do_execute_many(
           ^^^^^^^^^^^^^^^^^^^^^^
  File "C:\SKN_main_project1\.venv\Lib\site-packages\pymysql\cursors.py", line 220, in _do_execute_many
    rows += self.execute(sql + postfix)
            ^^^^^^^^^^^^^^^^^^^^^^^^^^^
  File "C:\SKN_main_project1\.venv\Lib\site-packages\pymysql\cursors.py", line 153, in execute
    result = self._query(query)
             ^^^^^^^^^^^^^^^^^^
  File "C:\SKN_main_project1\.venv\Lib\site-packages\pymysql\cursors.py", line 322, in _query
    conn.query(q)
  File "C:\SKN_main_project1\.venv\Lib\site-packages\pymysql\connections.py", line 563, in query
    self._affected_rows = self._read_query_result(unbuffered=unbuffered)
                          ^^^^^^^^^^^^^^^^^^^^^^^^^^^^^^^^^^^^^^^^^^^^^^
  File "C:\SKN_main_project1\.venv\Lib\site-packages\pymysql\connections.py", line 825, in _read_query_result
    result.read()
  File "C:\SKN_main_project1\.venv\Lib\site-packages\pymysql\connections.py", line 1199, in read
    first_packet = self.connection._read_packet()
                   ^^^^^^^^^^^^^^^^^^^^^^^^^^^^^^
  File "C:\SKN_main_project1\.venv\Lib\site-packages\pymysql\connections.py", line 775, in _read_packet
    packet.raise_for_error()
  File "C:\SKN_main_project1\.venv\Lib\site-packages\pymysql\protocol.py", line 219, in raise_for_error
    err.raise_mysql_exception(self._data)
  File "C:\SKN_main_project1\.venv\Lib\site-packages\pymysql\err.py", line 150, in raise_mysql_exception
    raise errorclass(errno, errval)
pymysql.err.DataError: (1265, "Data truncated for column 'age_group' at row 21")
2026-05-17 00:59:40,119 [INFO] 처리 시작: 2025년_10월_자동차_등록자료_통계.xlsx (202510)
2026-05-17 00:59:40,833 [INFO]   [01] 시도별      :    90행
2026-05-17 00:59:40,856 [ERROR] 오류 발생, 롤백: (1265, "Data truncated for column 'age_group' at row 21")
Traceback (most recent call last):
  File "c:\SKN_main_project1\load_to_db.py", line 373, in process_file
    total += upsert_gender_age(conn, r04)
             ^^^^^^^^^^^^^^^^^^^^^^^^^^^^
  File "c:\SKN_main_project1\load_to_db.py", line 305, in upsert_gender_age
    return insert_many(conn, """
           ^^^^^^^^^^^^^^^^^^^^^
  File "c:\SKN_main_project1\load_to_db.py", line 288, in insert_many
    cur.executemany(sql, data)
  File "C:\SKN_main_project1\.venv\Lib\site-packages\pymysql\cursors.py", line 182, in executemany
    return self._do_execute_many(
           ^^^^^^^^^^^^^^^^^^^^^^
  File "C:\SKN_main_project1\.venv\Lib\site-packages\pymysql\cursors.py", line 220, in _do_execute_many
    rows += self.execute(sql + postfix)
            ^^^^^^^^^^^^^^^^^^^^^^^^^^^
  File "C:\SKN_main_project1\.venv\Lib\site-packages\pymysql\cursors.py", line 153, in execute
    result = self._query(query)
             ^^^^^^^^^^^^^^^^^^
  File "C:\SKN_main_project1\.venv\Lib\site-packages\pymysql\cursors.py", line 322, in _query
    conn.query(q)
  File "C:\SKN_main_project1\.venv\Lib\site-packages\pymysql\connections.py", line 563, in query
    self._affected_rows = self._read_query_result(unbuffered=unbuffered)
                          ^^^^^^^^^^^^^^^^^^^^^^^^^^^^^^^^^^^^^^^^^^^^^^
  File "C:\SKN_main_project1\.venv\Lib\site-packages\pymysql\connections.py", line 825, in _read_query_result
    result.read()
  File "C:\SKN_main_project1\.venv\Lib\site-packages\pymysql\connections.py", line 1199, in read
    first_packet = self.connection._read_packet()
                   ^^^^^^^^^^^^^^^^^^^^^^^^^^^^^^
  File "C:\SKN_main_project1\.venv\Lib\site-packages\pymysql\connections.py", line 775, in _read_packet
    packet.raise_for_error()
  File "C:\SKN_main_project1\.venv\Lib\site-packages\pymysql\protocol.py", line 219, in raise_for_error
    err.raise_mysql_exception(self._data)
  File "C:\SKN_main_project1\.venv\Lib\site-packages\pymysql\err.py", line 150, in raise_mysql_exception
    raise errorclass(errno, errval)
pymysql.err.DataError: (1265, "Data truncated for column 'age_group' at row 21")
2026-05-17 00:59:40,857 [INFO] 처리 시작: 2025년_11월_자동차_등록자료_통계.xlsx (202511)
2026-05-17 00:59:41,741 [INFO]   [01] 시도별      :    90행
2026-05-17 00:59:41,748 [ERROR] 오류 발생, 롤백: (1265, "Data truncated for column 'age_group' at row 21")
Traceback (most recent call last):
  File "c:\SKN_main_project1\load_to_db.py", line 373, in process_file
    total += upsert_gender_age(conn, r04)
             ^^^^^^^^^^^^^^^^^^^^^^^^^^^^
  File "c:\SKN_main_project1\load_to_db.py", line 305, in upsert_gender_age
    return insert_many(conn, """
           ^^^^^^^^^^^^^^^^^^^^^
  File "c:\SKN_main_project1\load_to_db.py", line 288, in insert_many
    cur.executemany(sql, data)
  File "C:\SKN_main_project1\.venv\Lib\site-packages\pymysql\cursors.py", line 182, in executemany
    return self._do_execute_many(
           ^^^^^^^^^^^^^^^^^^^^^^
  File "C:\SKN_main_project1\.venv\Lib\site-packages\pymysql\cursors.py", line 220, in _do_execute_many
    rows += self.execute(sql + postfix)
            ^^^^^^^^^^^^^^^^^^^^^^^^^^^
  File "C:\SKN_main_project1\.venv\Lib\site-packages\pymysql\cursors.py", line 153, in execute
    result = self._query(query)
             ^^^^^^^^^^^^^^^^^^
  File "C:\SKN_main_project1\.venv\Lib\site-packages\pymysql\cursors.py", line 322, in _query
    conn.query(q)
  File "C:\SKN_main_project1\.venv\Lib\site-packages\pymysql\connections.py", line 563, in query
    self._affected_rows = self._read_query_result(unbuffered=unbuffered)
                          ^^^^^^^^^^^^^^^^^^^^^^^^^^^^^^^^^^^^^^^^^^^^^^
  File "C:\SKN_main_project1\.venv\Lib\site-packages\pymysql\connections.py", line 825, in _read_query_result
    result.read()
  File "C:\SKN_main_project1\.venv\Lib\site-packages\pymysql\connections.py", line 1199, in read
    first_packet = self.connection._read_packet()
                   ^^^^^^^^^^^^^^^^^^^^^^^^^^^^^^
  File "C:\SKN_main_project1\.venv\Lib\site-packages\pymysql\connections.py", line 775, in _read_packet
    packet.raise_for_error()
  File "C:\SKN_main_project1\.venv\Lib\site-packages\pymysql\protocol.py", line 219, in raise_for_error
    err.raise_mysql_exception(self._data)
  File "C:\SKN_main_project1\.venv\Lib\site-packages\pymysql\err.py", line 150, in raise_mysql_exception
    raise errorclass(errno, errval)
pymysql.err.DataError: (1265, "Data truncated for column 'age_group' at row 21")
2026-05-17 00:59:41,748 [INFO] 처리 시작: 2025년_12월_자동차_등록자료_통계.xlsx (202512)
2026-05-17 00:59:42,623 [INFO]   [01] 시도별      :    90행
2026-05-17 00:59:42,646 [ERROR] 오류 발생, 롤백: (1265, "Data truncated for column 'age_group' at row 21")
Traceback (most recent call last):
  File "c:\SKN_main_project1\load_to_db.py", line 373, in process_file
    total += upsert_gender_age(conn, r04)
             ^^^^^^^^^^^^^^^^^^^^^^^^^^^^
  File "c:\SKN_main_project1\load_to_db.py", line 305, in upsert_gender_age
    return insert_many(conn, """
           ^^^^^^^^^^^^^^^^^^^^^
  File "c:\SKN_main_project1\load_to_db.py", line 288, in insert_many
    cur.executemany(sql, data)
  File "C:\SKN_main_project1\.venv\Lib\site-packages\pymysql\cursors.py", line 182, in executemany
    return self._do_execute_many(
           ^^^^^^^^^^^^^^^^^^^^^^
  File "C:\SKN_main_project1\.venv\Lib\site-packages\pymysql\cursors.py", line 220, in _do_execute_many
    rows += self.execute(sql + postfix)
            ^^^^^^^^^^^^^^^^^^^^^^^^^^^
  File "C:\SKN_main_project1\.venv\Lib\site-packages\pymysql\cursors.py", line 153, in execute
    result = self._query(query)
             ^^^^^^^^^^^^^^^^^^
  File "C:\SKN_main_project1\.venv\Lib\site-packages\pymysql\cursors.py", line 322, in _query
    conn.query(q)
  File "C:\SKN_main_project1\.venv\Lib\site-packages\pymysql\connections.py", line 563, in query
    self._affected_rows = self._read_query_result(unbuffered=unbuffered)
                          ^^^^^^^^^^^^^^^^^^^^^^^^^^^^^^^^^^^^^^^^^^^^^^
  File "C:\SKN_main_project1\.venv\Lib\site-packages\pymysql\connections.py", line 825, in _read_query_result
    result.read()
  File "C:\SKN_main_project1\.venv\Lib\site-packages\pymysql\connections.py", line 1199, in read
    first_packet = self.connection._read_packet()
                   ^^^^^^^^^^^^^^^^^^^^^^^^^^^^^^
  File "C:\SKN_main_project1\.venv\Lib\site-packages\pymysql\connections.py", line 775, in _read_packet
    packet.raise_for_error()
  File "C:\SKN_main_project1\.venv\Lib\site-packages\pymysql\protocol.py", line 219, in raise_for_error
    err.raise_mysql_exception(self._data)
  File "C:\SKN_main_project1\.venv\Lib\site-packages\pymysql\err.py", line 150, in raise_mysql_exception
    raise errorclass(errno, errval)
pymysql.err.DataError: (1265, "Data truncated for column 'age_group' at row 21")
2026-05-17 00:59:42,648 [INFO] 처리 시작: 2026년_01월_자동차_등록자료_통계.xlsx (202601)
2026-05-17 00:59:43,486 [INFO]   [01] 시도별      :    90행
2026-05-17 00:59:43,503 [ERROR] 오류 발생, 롤백: (1265, "Data truncated for column 'age_group' at row 21")
Traceback (most recent call last):
  File "c:\SKN_main_project1\load_to_db.py", line 373, in process_file
    total += upsert_gender_age(conn, r04)
             ^^^^^^^^^^^^^^^^^^^^^^^^^^^^
  File "c:\SKN_main_project1\load_to_db.py", line 305, in upsert_gender_age
    return insert_many(conn, """
           ^^^^^^^^^^^^^^^^^^^^^
  File "c:\SKN_main_project1\load_to_db.py", line 288, in insert_many
    cur.executemany(sql, data)
  File "C:\SKN_main_project1\.venv\Lib\site-packages\pymysql\cursors.py", line 182, in executemany
    return self._do_execute_many(
           ^^^^^^^^^^^^^^^^^^^^^^
  File "C:\SKN_main_project1\.venv\Lib\site-packages\pymysql\cursors.py", line 220, in _do_execute_many
    rows += self.execute(sql + postfix)
            ^^^^^^^^^^^^^^^^^^^^^^^^^^^
  File "C:\SKN_main_project1\.venv\Lib\site-packages\pymysql\cursors.py", line 153, in execute
    result = self._query(query)
             ^^^^^^^^^^^^^^^^^^
  File "C:\SKN_main_project1\.venv\Lib\site-packages\pymysql\cursors.py", line 322, in _query
    conn.query(q)
  File "C:\SKN_main_project1\.venv\Lib\site-packages\pymysql\connections.py", line 563, in query
    self._affected_rows = self._read_query_result(unbuffered=unbuffered)
                          ^^^^^^^^^^^^^^^^^^^^^^^^^^^^^^^^^^^^^^^^^^^^^^
  File "C:\SKN_main_project1\.venv\Lib\site-packages\pymysql\connections.py", line 825, in _read_query_result
    result.read()
  File "C:\SKN_main_project1\.venv\Lib\site-packages\pymysql\connections.py", line 1199, in read
    first_packet = self.connection._read_packet()
                   ^^^^^^^^^^^^^^^^^^^^^^^^^^^^^^
  File "C:\SKN_main_project1\.venv\Lib\site-packages\pymysql\connections.py", line 775, in _read_packet
    packet.raise_for_error()
  File "C:\SKN_main_project1\.venv\Lib\site-packages\pymysql\protocol.py", line 219, in raise_for_error
    err.raise_mysql_exception(self._data)
  File "C:\SKN_main_project1\.venv\Lib\site-packages\pymysql\err.py", line 150, in raise_mysql_exception
    raise errorclass(errno, errval)
pymysql.err.DataError: (1265, "Data truncated for column 'age_group' at row 21")
2026-05-17 00:59:43,506 [INFO] 처리 시작: 2026년_02월_자동차_등록자료_통계.xlsx (202602)
2026-05-17 00:59:44,477 [INFO]   [01] 시도별      :    90행
2026-05-17 00:59:44,501 [ERROR] 오류 발생, 롤백: (1265, "Data truncated for column 'age_group' at row 21")
Traceback (most recent call last):
  File "c:\SKN_main_project1\load_to_db.py", line 373, in process_file
    total += upsert_gender_age(conn, r04)
             ^^^^^^^^^^^^^^^^^^^^^^^^^^^^
  File "c:\SKN_main_project1\load_to_db.py", line 305, in upsert_gender_age
    return insert_many(conn, """
           ^^^^^^^^^^^^^^^^^^^^^
  File "c:\SKN_main_project1\load_to_db.py", line 288, in insert_many
    cur.executemany(sql, data)
  File "C:\SKN_main_project1\.venv\Lib\site-packages\pymysql\cursors.py", line 182, in executemany
    return self._do_execute_many(
           ^^^^^^^^^^^^^^^^^^^^^^
  File "C:\SKN_main_project1\.venv\Lib\site-packages\pymysql\cursors.py", line 220, in _do_execute_many
    rows += self.execute(sql + postfix)
            ^^^^^^^^^^^^^^^^^^^^^^^^^^^
  File "C:\SKN_main_project1\.venv\Lib\site-packages\pymysql\cursors.py", line 153, in execute
    result = self._query(query)
             ^^^^^^^^^^^^^^^^^^
  File "C:\SKN_main_project1\.venv\Lib\site-packages\pymysql\cursors.py", line 322, in _query
    conn.query(q)
  File "C:\SKN_main_project1\.venv\Lib\site-packages\pymysql\connections.py", line 563, in query
    self._affected_rows = self._read_query_result(unbuffered=unbuffered)
                          ^^^^^^^^^^^^^^^^^^^^^^^^^^^^^^^^^^^^^^^^^^^^^^
  File "C:\SKN_main_project1\.venv\Lib\site-packages\pymysql\connections.py", line 825, in _read_query_result
    result.read()
  File "C:\SKN_main_project1\.venv\Lib\site-packages\pymysql\connections.py", line 1199, in read
    first_packet = self.connection._read_packet()
                   ^^^^^^^^^^^^^^^^^^^^^^^^^^^^^^
  File "C:\SKN_main_project1\.venv\Lib\site-packages\pymysql\connections.py", line 775, in _read_packet
    packet.raise_for_error()
  File "C:\SKN_main_project1\.venv\Lib\site-packages\pymysql\protocol.py", line 219, in raise_for_error
    err.raise_mysql_exception(self._data)
  File "C:\SKN_main_project1\.venv\Lib\site-packages\pymysql\err.py", line 150, in raise_mysql_exception
    raise errorclass(errno, errval)
pymysql.err.DataError: (1265, "Data truncated for column 'age_group' at row 21")
2026-05-17 00:59:44,504 [INFO] 처리 시작: 2026년_03월_자동차_등록자료_통계.xlsx (202603)
2026-05-17 00:59:45,267 [INFO]   [01] 시도별      :    90행
2026-05-17 00:59:45,276 [ERROR] 오류 발생, 롤백: (1265, "Data truncated for column 'age_group' at row 21")
Traceback (most recent call last):
  File "c:\SKN_main_project1\load_to_db.py", line 373, in process_file
    total += upsert_gender_age(conn, r04)
             ^^^^^^^^^^^^^^^^^^^^^^^^^^^^
  File "c:\SKN_main_project1\load_to_db.py", line 305, in upsert_gender_age
    return insert_many(conn, """
           ^^^^^^^^^^^^^^^^^^^^^
  File "c:\SKN_main_project1\load_to_db.py", line 288, in insert_many
    cur.executemany(sql, data)
  File "C:\SKN_main_project1\.venv\Lib\site-packages\pymysql\cursors.py", line 182, in executemany
    return self._do_execute_many(
           ^^^^^^^^^^^^^^^^^^^^^^
  File "C:\SKN_main_project1\.venv\Lib\site-packages\pymysql\cursors.py", line 220, in _do_execute_many
    rows += self.execute(sql + postfix)
            ^^^^^^^^^^^^^^^^^^^^^^^^^^^
  File "C:\SKN_main_project1\.venv\Lib\site-packages\pymysql\cursors.py", line 153, in execute
    result = self._query(query)
             ^^^^^^^^^^^^^^^^^^
  File "C:\SKN_main_project1\.venv\Lib\site-packages\pymysql\cursors.py", line 322, in _query
    conn.query(q)
  File "C:\SKN_main_project1\.venv\Lib\site-packages\pymysql\connections.py", line 563, in query
    self._affected_rows = self._read_query_result(unbuffered=unbuffered)
                          ^^^^^^^^^^^^^^^^^^^^^^^^^^^^^^^^^^^^^^^^^^^^^^
  File "C:\SKN_main_project1\.venv\Lib\site-packages\pymysql\connections.py", line 825, in _read_query_result
    result.read()
  File "C:\SKN_main_project1\.venv\Lib\site-packages\pymysql\connections.py", line 1199, in read
    first_packet = self.connection._read_packet()
                   ^^^^^^^^^^^^^^^^^^^^^^^^^^^^^^
  File "C:\SKN_main_project1\.venv\Lib\site-packages\pymysql\connections.py", line 775, in _read_packet
    packet.raise_for_error()
  File "C:\SKN_main_project1\.venv\Lib\site-packages\pymysql\protocol.py", line 219, in raise_for_error
    err.raise_mysql_exception(self._data)
  File "C:\SKN_main_project1\.venv\Lib\site-packages\pymysql\err.py", line 150, in raise_mysql_exception
    raise errorclass(errno, errval)
pymysql.err.DataError: (1265, "Data truncated for column 'age_group' at row 21")
2026-05-17 00:59:45,278 [INFO] 처리 시작: 2026년_04월_자동차_등록자료_통계.xlsx (202604)
2026-05-17 00:59:46,013 [INFO]   [01] 시도별      :    90행
2026-05-17 00:59:46,019 [ERROR] 오류 발생, 롤백: (1265, "Data truncated for column 'age_group' at row 21")
Traceback (most recent call last):
  File "c:\SKN_main_project1\load_to_db.py", line 373, in process_file
    total += upsert_gender_age(conn, r04)
             ^^^^^^^^^^^^^^^^^^^^^^^^^^^^
  File "c:\SKN_main_project1\load_to_db.py", line 305, in upsert_gender_age
    return insert_many(conn, """
           ^^^^^^^^^^^^^^^^^^^^^
  File "c:\SKN_main_project1\load_to_db.py", line 288, in insert_many
    cur.executemany(sql, data)
  File "C:\SKN_main_project1\.venv\Lib\site-packages\pymysql\cursors.py", line 182, in executemany
    return self._do_execute_many(
           ^^^^^^^^^^^^^^^^^^^^^^
  File "C:\SKN_main_project1\.venv\Lib\site-packages\pymysql\cursors.py", line 220, in _do_execute_many
    rows += self.execute(sql + postfix)
            ^^^^^^^^^^^^^^^^^^^^^^^^^^^
  File "C:\SKN_main_project1\.venv\Lib\site-packages\pymysql\cursors.py", line 153, in execute
    result = self._query(query)
             ^^^^^^^^^^^^^^^^^^
  File "C:\SKN_main_project1\.venv\Lib\site-packages\pymysql\cursors.py", line 322, in _query
    conn.query(q)
  File "C:\SKN_main_project1\.venv\Lib\site-packages\pymysql\connections.py", line 563, in query
    self._affected_rows = self._read_query_result(unbuffered=unbuffered)
                          ^^^^^^^^^^^^^^^^^^^^^^^^^^^^^^^^^^^^^^^^^^^^^^
  File "C:\SKN_main_project1\.venv\Lib\site-packages\pymysql\connections.py", line 825, in _read_query_result
    result.read()
  File "C:\SKN_main_project1\.venv\Lib\site-packages\pymysql\connections.py", line 1199, in read
    first_packet = self.connection._read_packet()
                   ^^^^^^^^^^^^^^^^^^^^^^^^^^^^^^
  File "C:\SKN_main_project1\.venv\Lib\site-packages\pymysql\connections.py", line 775, in _read_packet
    packet.raise_for_error()
  File "C:\SKN_main_project1\.venv\Lib\site-packages\pymysql\protocol.py", line 219, in raise_for_error
    err.raise_mysql_exception(self._data)
  File "C:\SKN_main_project1\.venv\Lib\site-packages\pymysql\err.py", line 150, in raise_mysql_exception
    raise errorclass(errno, errval)
pymysql.err.DataError: (1265, "Data truncated for column 'age_group' at row 21")
2026-05-17 00:59:46,025 [INFO] DB 최신 기준: None
2026-05-17 00:59:46,025 [INFO] ============================================================
2026-05-17 00:59:46,025 [INFO] 종료: 2026-05-17 00:59:46
2026-05-17 00:59:46,025 [INFO] ============================================================
2026-05-17 01:12:46,714 [INFO] ============================================================
2026-05-17 01:12:46,714 [INFO] 전국 자동차 등록 현황 DB 적재 시작
2026-05-17 01:12:46,715 [INFO] 시작: 2026-05-17 01:12:46
2026-05-17 01:12:46,715 [INFO] ============================================================
2026-05-17 01:12:46,715 [INFO] 발견 파일: 28개
2026-05-17 01:12:46,724 [INFO] DB 연결 성공
2026-05-17 01:12:46,729 [INFO] 신규 적재: 28개 (기적재 0개 스킵)
2026-05-17 01:12:46,730 [INFO] 처리 시작: 2024년_01월_자동차_등록자료_통계.xlsx (202401)
2026-05-17 01:12:47,395 [INFO]   [01] 시도별      :    90행
2026-05-17 01:12:47,411 [ERROR] 오류 발생, 롤백: (1265, "Data truncated for column 'age_group' at row 21")
Traceback (most recent call last):
  File "c:\SKN_main_project1\load_to_db.py", line 373, in process_file
    total += upsert_gender_age(conn, r04)
             ^^^^^^^^^^^^^^^^^^^^^^^^^^^^
  File "c:\SKN_main_project1\load_to_db.py", line 305, in upsert_gender_age
    return insert_many(conn, """
           ^^^^^^^^^^^^^^^^^^^^^
  File "c:\SKN_main_project1\load_to_db.py", line 288, in insert_many
    cur.executemany(sql, data)
  File "C:\SKN_main_project1\.venv\Lib\site-packages\pymysql\cursors.py", line 182, in executemany
    return self._do_execute_many(
           ^^^^^^^^^^^^^^^^^^^^^^
  File "C:\SKN_main_project1\.venv\Lib\site-packages\pymysql\cursors.py", line 220, in _do_execute_many
    rows += self.execute(sql + postfix)
            ^^^^^^^^^^^^^^^^^^^^^^^^^^^
  File "C:\SKN_main_project1\.venv\Lib\site-packages\pymysql\cursors.py", line 153, in execute
    result = self._query(query)
             ^^^^^^^^^^^^^^^^^^
  File "C:\SKN_main_project1\.venv\Lib\site-packages\pymysql\cursors.py", line 322, in _query
    conn.query(q)
  File "C:\SKN_main_project1\.venv\Lib\site-packages\pymysql\connections.py", line 563, in query
    self._affected_rows = self._read_query_result(unbuffered=unbuffered)
                          ^^^^^^^^^^^^^^^^^^^^^^^^^^^^^^^^^^^^^^^^^^^^^^
  File "C:\SKN_main_project1\.venv\Lib\site-packages\pymysql\connections.py", line 825, in _read_query_result
    result.read()
  File "C:\SKN_main_project1\.venv\Lib\site-packages\pymysql\connections.py", line 1199, in read
    first_packet = self.connection._read_packet()
                   ^^^^^^^^^^^^^^^^^^^^^^^^^^^^^^
  File "C:\SKN_main_project1\.venv\Lib\site-packages\pymysql\connections.py", line 775, in _read_packet
    packet.raise_for_error()
  File "C:\SKN_main_project1\.venv\Lib\site-packages\pymysql\protocol.py", line 219, in raise_for_error
    err.raise_mysql_exception(self._data)
  File "C:\SKN_main_project1\.venv\Lib\site-packages\pymysql\err.py", line 150, in raise_mysql_exception
    raise errorclass(errno, errval)
pymysql.err.DataError: (1265, "Data truncated for column 'age_group' at row 21")
2026-05-17 01:12:47,414 [INFO] 처리 시작: 2024년_02월_자동차_등록자료_통계.xlsx (202402)
2026-05-17 01:12:48,160 [INFO]   [01] 시도별      :    90행
2026-05-17 01:12:48,181 [ERROR] 오류 발생, 롤백: (1265, "Data truncated for column 'age_group' at row 21")
Traceback (most recent call last):
  File "c:\SKN_main_project1\load_to_db.py", line 373, in process_file
    total += upsert_gender_age(conn, r04)
             ^^^^^^^^^^^^^^^^^^^^^^^^^^^^
  File "c:\SKN_main_project1\load_to_db.py", line 305, in upsert_gender_age
    return insert_many(conn, """
           ^^^^^^^^^^^^^^^^^^^^^
  File "c:\SKN_main_project1\load_to_db.py", line 288, in insert_many
    cur.executemany(sql, data)
  File "C:\SKN_main_project1\.venv\Lib\site-packages\pymysql\cursors.py", line 182, in executemany
    return self._do_execute_many(
           ^^^^^^^^^^^^^^^^^^^^^^
  File "C:\SKN_main_project1\.venv\Lib\site-packages\pymysql\cursors.py", line 220, in _do_execute_many
    rows += self.execute(sql + postfix)
            ^^^^^^^^^^^^^^^^^^^^^^^^^^^
  File "C:\SKN_main_project1\.venv\Lib\site-packages\pymysql\cursors.py", line 153, in execute
    result = self._query(query)
             ^^^^^^^^^^^^^^^^^^
  File "C:\SKN_main_project1\.venv\Lib\site-packages\pymysql\cursors.py", line 322, in _query
    conn.query(q)
  File "C:\SKN_main_project1\.venv\Lib\site-packages\pymysql\connections.py", line 563, in query
    self._affected_rows = self._read_query_result(unbuffered=unbuffered)
                          ^^^^^^^^^^^^^^^^^^^^^^^^^^^^^^^^^^^^^^^^^^^^^^
  File "C:\SKN_main_project1\.venv\Lib\site-packages\pymysql\connections.py", line 825, in _read_query_result
    result.read()
  File "C:\SKN_main_project1\.venv\Lib\site-packages\pymysql\connections.py", line 1199, in read
    first_packet = self.connection._read_packet()
                   ^^^^^^^^^^^^^^^^^^^^^^^^^^^^^^
  File "C:\SKN_main_project1\.venv\Lib\site-packages\pymysql\connections.py", line 775, in _read_packet
    packet.raise_for_error()
  File "C:\SKN_main_project1\.venv\Lib\site-packages\pymysql\protocol.py", line 219, in raise_for_error
    err.raise_mysql_exception(self._data)
  File "C:\SKN_main_project1\.venv\Lib\site-packages\pymysql\err.py", line 150, in raise_mysql_exception
    raise errorclass(errno, errval)
pymysql.err.DataError: (1265, "Data truncated for column 'age_group' at row 21")
2026-05-17 01:12:48,182 [INFO] 처리 시작: 2024년_03월_자동차_등록자료_통계.xlsx (202403)
2026-05-17 01:12:48,844 [INFO]   [01] 시도별      :    90행
2026-05-17 01:12:48,866 [ERROR] 오류 발생, 롤백: (1265, "Data truncated for column 'age_group' at row 21")
Traceback (most recent call last):
  File "c:\SKN_main_project1\load_to_db.py", line 373, in process_file
    total += upsert_gender_age(conn, r04)
             ^^^^^^^^^^^^^^^^^^^^^^^^^^^^
  File "c:\SKN_main_project1\load_to_db.py", line 305, in upsert_gender_age
    return insert_many(conn, """
           ^^^^^^^^^^^^^^^^^^^^^
  File "c:\SKN_main_project1\load_to_db.py", line 288, in insert_many
    cur.executemany(sql, data)
  File "C:\SKN_main_project1\.venv\Lib\site-packages\pymysql\cursors.py", line 182, in executemany
    return self._do_execute_many(
           ^^^^^^^^^^^^^^^^^^^^^^
  File "C:\SKN_main_project1\.venv\Lib\site-packages\pymysql\cursors.py", line 220, in _do_execute_many
    rows += self.execute(sql + postfix)
            ^^^^^^^^^^^^^^^^^^^^^^^^^^^
  File "C:\SKN_main_project1\.venv\Lib\site-packages\pymysql\cursors.py", line 153, in execute
    result = self._query(query)
             ^^^^^^^^^^^^^^^^^^
  File "C:\SKN_main_project1\.venv\Lib\site-packages\pymysql\cursors.py", line 322, in _query
    conn.query(q)
  File "C:\SKN_main_project1\.venv\Lib\site-packages\pymysql\connections.py", line 563, in query
    self._affected_rows = self._read_query_result(unbuffered=unbuffered)
                          ^^^^^^^^^^^^^^^^^^^^^^^^^^^^^^^^^^^^^^^^^^^^^^
  File "C:\SKN_main_project1\.venv\Lib\site-packages\pymysql\connections.py", line 825, in _read_query_result
    result.read()
  File "C:\SKN_main_project1\.venv\Lib\site-packages\pymysql\connections.py", line 1199, in read
    first_packet = self.connection._read_packet()
                   ^^^^^^^^^^^^^^^^^^^^^^^^^^^^^^
  File "C:\SKN_main_project1\.venv\Lib\site-packages\pymysql\connections.py", line 775, in _read_packet
    packet.raise_for_error()
  File "C:\SKN_main_project1\.venv\Lib\site-packages\pymysql\protocol.py", line 219, in raise_for_error
    err.raise_mysql_exception(self._data)
  File "C:\SKN_main_project1\.venv\Lib\site-packages\pymysql\err.py", line 150, in raise_mysql_exception
    raise errorclass(errno, errval)
pymysql.err.DataError: (1265, "Data truncated for column 'age_group' at row 21")
2026-05-17 01:12:48,867 [INFO] 처리 시작: 2024년_04월_자동차_등록자료_통계.xlsx (202404)
2026-05-17 01:12:49,538 [INFO]   [01] 시도별      :    90행
2026-05-17 01:12:49,557 [ERROR] 오류 발생, 롤백: (1265, "Data truncated for column 'age_group' at row 21")
Traceback (most recent call last):
  File "c:\SKN_main_project1\load_to_db.py", line 373, in process_file
    total += upsert_gender_age(conn, r04)
             ^^^^^^^^^^^^^^^^^^^^^^^^^^^^
  File "c:\SKN_main_project1\load_to_db.py", line 305, in upsert_gender_age
    return insert_many(conn, """
           ^^^^^^^^^^^^^^^^^^^^^
  File "c:\SKN_main_project1\load_to_db.py", line 288, in insert_many
    cur.executemany(sql, data)
  File "C:\SKN_main_project1\.venv\Lib\site-packages\pymysql\cursors.py", line 182, in executemany
    return self._do_execute_many(
           ^^^^^^^^^^^^^^^^^^^^^^
  File "C:\SKN_main_project1\.venv\Lib\site-packages\pymysql\cursors.py", line 220, in _do_execute_many
    rows += self.execute(sql + postfix)
            ^^^^^^^^^^^^^^^^^^^^^^^^^^^
  File "C:\SKN_main_project1\.venv\Lib\site-packages\pymysql\cursors.py", line 153, in execute
    result = self._query(query)
             ^^^^^^^^^^^^^^^^^^
  File "C:\SKN_main_project1\.venv\Lib\site-packages\pymysql\cursors.py", line 322, in _query
    conn.query(q)
  File "C:\SKN_main_project1\.venv\Lib\site-packages\pymysql\connections.py", line 563, in query
    self._affected_rows = self._read_query_result(unbuffered=unbuffered)
                          ^^^^^^^^^^^^^^^^^^^^^^^^^^^^^^^^^^^^^^^^^^^^^^
  File "C:\SKN_main_project1\.venv\Lib\site-packages\pymysql\connections.py", line 825, in _read_query_result
    result.read()
  File "C:\SKN_main_project1\.venv\Lib\site-packages\pymysql\connections.py", line 1199, in read
    first_packet = self.connection._read_packet()
                   ^^^^^^^^^^^^^^^^^^^^^^^^^^^^^^
  File "C:\SKN_main_project1\.venv\Lib\site-packages\pymysql\connections.py", line 775, in _read_packet
    packet.raise_for_error()
  File "C:\SKN_main_project1\.venv\Lib\site-packages\pymysql\protocol.py", line 219, in raise_for_error
    err.raise_mysql_exception(self._data)
  File "C:\SKN_main_project1\.venv\Lib\site-packages\pymysql\err.py", line 150, in raise_mysql_exception
    raise errorclass(errno, errval)
pymysql.err.DataError: (1265, "Data truncated for column 'age_group' at row 21")
2026-05-17 01:12:49,558 [INFO] 처리 시작: 2024년_05월_자동차_등록자료_통계.xlsx (202405)
2026-05-17 01:12:50,267 [INFO]   [01] 시도별      :    90행
2026-05-17 01:12:50,295 [ERROR] 오류 발생, 롤백: (1265, "Data truncated for column 'age_group' at row 21")
Traceback (most recent call last):
  File "c:\SKN_main_project1\load_to_db.py", line 373, in process_file
    total += upsert_gender_age(conn, r04)
             ^^^^^^^^^^^^^^^^^^^^^^^^^^^^
  File "c:\SKN_main_project1\load_to_db.py", line 305, in upsert_gender_age
    return insert_many(conn, """
           ^^^^^^^^^^^^^^^^^^^^^
  File "c:\SKN_main_project1\load_to_db.py", line 288, in insert_many
    cur.executemany(sql, data)
  File "C:\SKN_main_project1\.venv\Lib\site-packages\pymysql\cursors.py", line 182, in executemany
    return self._do_execute_many(
           ^^^^^^^^^^^^^^^^^^^^^^
  File "C:\SKN_main_project1\.venv\Lib\site-packages\pymysql\cursors.py", line 220, in _do_execute_many
    rows += self.execute(sql + postfix)
            ^^^^^^^^^^^^^^^^^^^^^^^^^^^
  File "C:\SKN_main_project1\.venv\Lib\site-packages\pymysql\cursors.py", line 153, in execute
    result = self._query(query)
             ^^^^^^^^^^^^^^^^^^
  File "C:\SKN_main_project1\.venv\Lib\site-packages\pymysql\cursors.py", line 322, in _query
    conn.query(q)
  File "C:\SKN_main_project1\.venv\Lib\site-packages\pymysql\connections.py", line 563, in query
    self._affected_rows = self._read_query_result(unbuffered=unbuffered)
                          ^^^^^^^^^^^^^^^^^^^^^^^^^^^^^^^^^^^^^^^^^^^^^^
  File "C:\SKN_main_project1\.venv\Lib\site-packages\pymysql\connections.py", line 825, in _read_query_result
    result.read()
  File "C:\SKN_main_project1\.venv\Lib\site-packages\pymysql\connections.py", line 1199, in read
    first_packet = self.connection._read_packet()
                   ^^^^^^^^^^^^^^^^^^^^^^^^^^^^^^
  File "C:\SKN_main_project1\.venv\Lib\site-packages\pymysql\connections.py", line 775, in _read_packet
    packet.raise_for_error()
  File "C:\SKN_main_project1\.venv\Lib\site-packages\pymysql\protocol.py", line 219, in raise_for_error
    err.raise_mysql_exception(self._data)
  File "C:\SKN_main_project1\.venv\Lib\site-packages\pymysql\err.py", line 150, in raise_mysql_exception
    raise errorclass(errno, errval)
pymysql.err.DataError: (1265, "Data truncated for column 'age_group' at row 21")
2026-05-17 01:12:50,297 [INFO] 처리 시작: 2024년_06월_자동차_등록자료_통계.xlsx (202406)
2026-05-17 01:12:51,022 [INFO]   [01] 시도별      :    90행
2026-05-17 01:12:51,030 [ERROR] 오류 발생, 롤백: (1265, "Data truncated for column 'age_group' at row 21")
Traceback (most recent call last):
  File "c:\SKN_main_project1\load_to_db.py", line 373, in process_file
    total += upsert_gender_age(conn, r04)
             ^^^^^^^^^^^^^^^^^^^^^^^^^^^^
  File "c:\SKN_main_project1\load_to_db.py", line 305, in upsert_gender_age
    return insert_many(conn, """
           ^^^^^^^^^^^^^^^^^^^^^
  File "c:\SKN_main_project1\load_to_db.py", line 288, in insert_many
    cur.executemany(sql, data)
  File "C:\SKN_main_project1\.venv\Lib\site-packages\pymysql\cursors.py", line 182, in executemany
    return self._do_execute_many(
           ^^^^^^^^^^^^^^^^^^^^^^
  File "C:\SKN_main_project1\.venv\Lib\site-packages\pymysql\cursors.py", line 220, in _do_execute_many
    rows += self.execute(sql + postfix)
            ^^^^^^^^^^^^^^^^^^^^^^^^^^^
  File "C:\SKN_main_project1\.venv\Lib\site-packages\pymysql\cursors.py", line 153, in execute
    result = self._query(query)
             ^^^^^^^^^^^^^^^^^^
  File "C:\SKN_main_project1\.venv\Lib\site-packages\pymysql\cursors.py", line 322, in _query
    conn.query(q)
  File "C:\SKN_main_project1\.venv\Lib\site-packages\pymysql\connections.py", line 563, in query
    self._affected_rows = self._read_query_result(unbuffered=unbuffered)
                          ^^^^^^^^^^^^^^^^^^^^^^^^^^^^^^^^^^^^^^^^^^^^^^
  File "C:\SKN_main_project1\.venv\Lib\site-packages\pymysql\connections.py", line 825, in _read_query_result
    result.read()
  File "C:\SKN_main_project1\.venv\Lib\site-packages\pymysql\connections.py", line 1199, in read
    first_packet = self.connection._read_packet()
                   ^^^^^^^^^^^^^^^^^^^^^^^^^^^^^^
  File "C:\SKN_main_project1\.venv\Lib\site-packages\pymysql\connections.py", line 775, in _read_packet
    packet.raise_for_error()
  File "C:\SKN_main_project1\.venv\Lib\site-packages\pymysql\protocol.py", line 219, in raise_for_error
    err.raise_mysql_exception(self._data)
  File "C:\SKN_main_project1\.venv\Lib\site-packages\pymysql\err.py", line 150, in raise_mysql_exception
    raise errorclass(errno, errval)
pymysql.err.DataError: (1265, "Data truncated for column 'age_group' at row 21")
2026-05-17 01:12:51,031 [INFO] 처리 시작: 2024년_07월_자동차_등록자료_통계.xlsx (202407)
2026-05-17 01:12:51,662 [INFO]   [01] 시도별      :    90행
2026-05-17 01:12:51,668 [ERROR] 오류 발생, 롤백: (1265, "Data truncated for column 'age_group' at row 21")
Traceback (most recent call last):
  File "c:\SKN_main_project1\load_to_db.py", line 373, in process_file
    total += upsert_gender_age(conn, r04)
             ^^^^^^^^^^^^^^^^^^^^^^^^^^^^
  File "c:\SKN_main_project1\load_to_db.py", line 305, in upsert_gender_age
    return insert_many(conn, """
           ^^^^^^^^^^^^^^^^^^^^^
  File "c:\SKN_main_project1\load_to_db.py", line 288, in insert_many
    cur.executemany(sql, data)
  File "C:\SKN_main_project1\.venv\Lib\site-packages\pymysql\cursors.py", line 182, in executemany
    return self._do_execute_many(
           ^^^^^^^^^^^^^^^^^^^^^^
  File "C:\SKN_main_project1\.venv\Lib\site-packages\pymysql\cursors.py", line 220, in _do_execute_many
    rows += self.execute(sql + postfix)
            ^^^^^^^^^^^^^^^^^^^^^^^^^^^
  File "C:\SKN_main_project1\.venv\Lib\site-packages\pymysql\cursors.py", line 153, in execute
    result = self._query(query)
             ^^^^^^^^^^^^^^^^^^
  File "C:\SKN_main_project1\.venv\Lib\site-packages\pymysql\cursors.py", line 322, in _query
    conn.query(q)
  File "C:\SKN_main_project1\.venv\Lib\site-packages\pymysql\connections.py", line 563, in query
    self._affected_rows = self._read_query_result(unbuffered=unbuffered)
                          ^^^^^^^^^^^^^^^^^^^^^^^^^^^^^^^^^^^^^^^^^^^^^^
  File "C:\SKN_main_project1\.venv\Lib\site-packages\pymysql\connections.py", line 825, in _read_query_result
    result.read()
  File "C:\SKN_main_project1\.venv\Lib\site-packages\pymysql\connections.py", line 1199, in read
    first_packet = self.connection._read_packet()
                   ^^^^^^^^^^^^^^^^^^^^^^^^^^^^^^
  File "C:\SKN_main_project1\.venv\Lib\site-packages\pymysql\connections.py", line 775, in _read_packet
    packet.raise_for_error()
  File "C:\SKN_main_project1\.venv\Lib\site-packages\pymysql\protocol.py", line 219, in raise_for_error
    err.raise_mysql_exception(self._data)
  File "C:\SKN_main_project1\.venv\Lib\site-packages\pymysql\err.py", line 150, in raise_mysql_exception
    raise errorclass(errno, errval)
pymysql.err.DataError: (1265, "Data truncated for column 'age_group' at row 21")
2026-05-17 01:12:51,670 [INFO] 처리 시작: 2024년_08월_자동차_등록자료_통계.xlsx (202408)
2026-05-17 01:12:52,306 [INFO]   [01] 시도별      :    90행
2026-05-17 01:12:52,320 [ERROR] 오류 발생, 롤백: (1265, "Data truncated for column 'age_group' at row 21")
Traceback (most recent call last):
  File "c:\SKN_main_project1\load_to_db.py", line 373, in process_file
    total += upsert_gender_age(conn, r04)
             ^^^^^^^^^^^^^^^^^^^^^^^^^^^^
  File "c:\SKN_main_project1\load_to_db.py", line 305, in upsert_gender_age
    return insert_many(conn, """
           ^^^^^^^^^^^^^^^^^^^^^
  File "c:\SKN_main_project1\load_to_db.py", line 288, in insert_many
    cur.executemany(sql, data)
  File "C:\SKN_main_project1\.venv\Lib\site-packages\pymysql\cursors.py", line 182, in executemany
    return self._do_execute_many(
           ^^^^^^^^^^^^^^^^^^^^^^
  File "C:\SKN_main_project1\.venv\Lib\site-packages\pymysql\cursors.py", line 220, in _do_execute_many
    rows += self.execute(sql + postfix)
            ^^^^^^^^^^^^^^^^^^^^^^^^^^^
  File "C:\SKN_main_project1\.venv\Lib\site-packages\pymysql\cursors.py", line 153, in execute
    result = self._query(query)
             ^^^^^^^^^^^^^^^^^^
  File "C:\SKN_main_project1\.venv\Lib\site-packages\pymysql\cursors.py", line 322, in _query
    conn.query(q)
  File "C:\SKN_main_project1\.venv\Lib\site-packages\pymysql\connections.py", line 563, in query
    self._affected_rows = self._read_query_result(unbuffered=unbuffered)
                          ^^^^^^^^^^^^^^^^^^^^^^^^^^^^^^^^^^^^^^^^^^^^^^
  File "C:\SKN_main_project1\.venv\Lib\site-packages\pymysql\connections.py", line 825, in _read_query_result
    result.read()
  File "C:\SKN_main_project1\.venv\Lib\site-packages\pymysql\connections.py", line 1199, in read
    first_packet = self.connection._read_packet()
                   ^^^^^^^^^^^^^^^^^^^^^^^^^^^^^^
  File "C:\SKN_main_project1\.venv\Lib\site-packages\pymysql\connections.py", line 775, in _read_packet
    packet.raise_for_error()
  File "C:\SKN_main_project1\.venv\Lib\site-packages\pymysql\protocol.py", line 219, in raise_for_error
    err.raise_mysql_exception(self._data)
  File "C:\SKN_main_project1\.venv\Lib\site-packages\pymysql\err.py", line 150, in raise_mysql_exception
    raise errorclass(errno, errval)
pymysql.err.DataError: (1265, "Data truncated for column 'age_group' at row 21")
2026-05-17 01:12:52,321 [INFO] 처리 시작: 2024년_09월_자동차_등록자료_통계.xlsx (202409)
2026-05-17 01:12:52,963 [INFO]   [01] 시도별      :    90행
2026-05-17 01:12:52,970 [ERROR] 오류 발생, 롤백: (1265, "Data truncated for column 'age_group' at row 21")
Traceback (most recent call last):
  File "c:\SKN_main_project1\load_to_db.py", line 373, in process_file
    total += upsert_gender_age(conn, r04)
             ^^^^^^^^^^^^^^^^^^^^^^^^^^^^
  File "c:\SKN_main_project1\load_to_db.py", line 305, in upsert_gender_age
    return insert_many(conn, """
           ^^^^^^^^^^^^^^^^^^^^^
  File "c:\SKN_main_project1\load_to_db.py", line 288, in insert_many
    cur.executemany(sql, data)
  File "C:\SKN_main_project1\.venv\Lib\site-packages\pymysql\cursors.py", line 182, in executemany
    return self._do_execute_many(
           ^^^^^^^^^^^^^^^^^^^^^^
  File "C:\SKN_main_project1\.venv\Lib\site-packages\pymysql\cursors.py", line 220, in _do_execute_many
    rows += self.execute(sql + postfix)
            ^^^^^^^^^^^^^^^^^^^^^^^^^^^
  File "C:\SKN_main_project1\.venv\Lib\site-packages\pymysql\cursors.py", line 153, in execute
    result = self._query(query)
             ^^^^^^^^^^^^^^^^^^
  File "C:\SKN_main_project1\.venv\Lib\site-packages\pymysql\cursors.py", line 322, in _query
    conn.query(q)
  File "C:\SKN_main_project1\.venv\Lib\site-packages\pymysql\connections.py", line 563, in query
    self._affected_rows = self._read_query_result(unbuffered=unbuffered)
                          ^^^^^^^^^^^^^^^^^^^^^^^^^^^^^^^^^^^^^^^^^^^^^^
  File "C:\SKN_main_project1\.venv\Lib\site-packages\pymysql\connections.py", line 825, in _read_query_result
    result.read()
  File "C:\SKN_main_project1\.venv\Lib\site-packages\pymysql\connections.py", line 1199, in read
    first_packet = self.connection._read_packet()
                   ^^^^^^^^^^^^^^^^^^^^^^^^^^^^^^
  File "C:\SKN_main_project1\.venv\Lib\site-packages\pymysql\connections.py", line 775, in _read_packet
    packet.raise_for_error()
  File "C:\SKN_main_project1\.venv\Lib\site-packages\pymysql\protocol.py", line 219, in raise_for_error
    err.raise_mysql_exception(self._data)
  File "C:\SKN_main_project1\.venv\Lib\site-packages\pymysql\err.py", line 150, in raise_mysql_exception
    raise errorclass(errno, errval)
pymysql.err.DataError: (1265, "Data truncated for column 'age_group' at row 21")
2026-05-17 01:12:52,971 [INFO] 처리 시작: 2024년_10월_자동차_등록자료_통계.xlsx (202410)
2026-05-17 01:12:53,609 [INFO]   [01] 시도별      :    90행
2026-05-17 01:12:53,630 [ERROR] 오류 발생, 롤백: (1265, "Data truncated for column 'age_group' at row 21")
Traceback (most recent call last):
  File "c:\SKN_main_project1\load_to_db.py", line 373, in process_file
    total += upsert_gender_age(conn, r04)
             ^^^^^^^^^^^^^^^^^^^^^^^^^^^^
  File "c:\SKN_main_project1\load_to_db.py", line 305, in upsert_gender_age
    return insert_many(conn, """
           ^^^^^^^^^^^^^^^^^^^^^
  File "c:\SKN_main_project1\load_to_db.py", line 288, in insert_many
    cur.executemany(sql, data)
  File "C:\SKN_main_project1\.venv\Lib\site-packages\pymysql\cursors.py", line 182, in executemany
    return self._do_execute_many(
           ^^^^^^^^^^^^^^^^^^^^^^
  File "C:\SKN_main_project1\.venv\Lib\site-packages\pymysql\cursors.py", line 220, in _do_execute_many
    rows += self.execute(sql + postfix)
            ^^^^^^^^^^^^^^^^^^^^^^^^^^^
  File "C:\SKN_main_project1\.venv\Lib\site-packages\pymysql\cursors.py", line 153, in execute
    result = self._query(query)
             ^^^^^^^^^^^^^^^^^^
  File "C:\SKN_main_project1\.venv\Lib\site-packages\pymysql\cursors.py", line 322, in _query
    conn.query(q)
  File "C:\SKN_main_project1\.venv\Lib\site-packages\pymysql\connections.py", line 563, in query
    self._affected_rows = self._read_query_result(unbuffered=unbuffered)
                          ^^^^^^^^^^^^^^^^^^^^^^^^^^^^^^^^^^^^^^^^^^^^^^
  File "C:\SKN_main_project1\.venv\Lib\site-packages\pymysql\connections.py", line 825, in _read_query_result
    result.read()
  File "C:\SKN_main_project1\.venv\Lib\site-packages\pymysql\connections.py", line 1199, in read
    first_packet = self.connection._read_packet()
                   ^^^^^^^^^^^^^^^^^^^^^^^^^^^^^^
  File "C:\SKN_main_project1\.venv\Lib\site-packages\pymysql\connections.py", line 775, in _read_packet
    packet.raise_for_error()
  File "C:\SKN_main_project1\.venv\Lib\site-packages\pymysql\protocol.py", line 219, in raise_for_error
    err.raise_mysql_exception(self._data)
  File "C:\SKN_main_project1\.venv\Lib\site-packages\pymysql\err.py", line 150, in raise_mysql_exception
    raise errorclass(errno, errval)
pymysql.err.DataError: (1265, "Data truncated for column 'age_group' at row 21")
2026-05-17 01:12:53,631 [INFO] 처리 시작: 2024년_11월_자동차_등록자료_통계.xlsx (202411)
2026-05-17 01:12:54,263 [INFO]   [01] 시도별      :    90행
2026-05-17 01:12:54,298 [ERROR] 오류 발생, 롤백: (1265, "Data truncated for column 'age_group' at row 21")
Traceback (most recent call last):
  File "c:\SKN_main_project1\load_to_db.py", line 373, in process_file
    total += upsert_gender_age(conn, r04)
             ^^^^^^^^^^^^^^^^^^^^^^^^^^^^
  File "c:\SKN_main_project1\load_to_db.py", line 305, in upsert_gender_age
    return insert_many(conn, """
           ^^^^^^^^^^^^^^^^^^^^^
  File "c:\SKN_main_project1\load_to_db.py", line 288, in insert_many
    cur.executemany(sql, data)
  File "C:\SKN_main_project1\.venv\Lib\site-packages\pymysql\cursors.py", line 182, in executemany
    return self._do_execute_many(
           ^^^^^^^^^^^^^^^^^^^^^^
  File "C:\SKN_main_project1\.venv\Lib\site-packages\pymysql\cursors.py", line 220, in _do_execute_many
    rows += self.execute(sql + postfix)
            ^^^^^^^^^^^^^^^^^^^^^^^^^^^
  File "C:\SKN_main_project1\.venv\Lib\site-packages\pymysql\cursors.py", line 153, in execute
    result = self._query(query)
             ^^^^^^^^^^^^^^^^^^
  File "C:\SKN_main_project1\.venv\Lib\site-packages\pymysql\cursors.py", line 322, in _query
    conn.query(q)
  File "C:\SKN_main_project1\.venv\Lib\site-packages\pymysql\connections.py", line 563, in query
    self._affected_rows = self._read_query_result(unbuffered=unbuffered)
                          ^^^^^^^^^^^^^^^^^^^^^^^^^^^^^^^^^^^^^^^^^^^^^^
  File "C:\SKN_main_project1\.venv\Lib\site-packages\pymysql\connections.py", line 825, in _read_query_result
    result.read()
  File "C:\SKN_main_project1\.venv\Lib\site-packages\pymysql\connections.py", line 1199, in read
    first_packet = self.connection._read_packet()
                   ^^^^^^^^^^^^^^^^^^^^^^^^^^^^^^
  File "C:\SKN_main_project1\.venv\Lib\site-packages\pymysql\connections.py", line 775, in _read_packet
    packet.raise_for_error()
  File "C:\SKN_main_project1\.venv\Lib\site-packages\pymysql\protocol.py", line 219, in raise_for_error
    err.raise_mysql_exception(self._data)
  File "C:\SKN_main_project1\.venv\Lib\site-packages\pymysql\err.py", line 150, in raise_mysql_exception
    raise errorclass(errno, errval)
pymysql.err.DataError: (1265, "Data truncated for column 'age_group' at row 21")
2026-05-17 01:12:54,299 [INFO] 처리 시작: 2024년_12월_자동차_등록자료_통계.xlsx (202412)
2026-05-17 01:12:54,934 [INFO]   [01] 시도별      :    90행
2026-05-17 01:12:54,961 [ERROR] 오류 발생, 롤백: (1265, "Data truncated for column 'age_group' at row 21")
Traceback (most recent call last):
  File "c:\SKN_main_project1\load_to_db.py", line 373, in process_file
    total += upsert_gender_age(conn, r04)
             ^^^^^^^^^^^^^^^^^^^^^^^^^^^^
  File "c:\SKN_main_project1\load_to_db.py", line 305, in upsert_gender_age
    return insert_many(conn, """
           ^^^^^^^^^^^^^^^^^^^^^
  File "c:\SKN_main_project1\load_to_db.py", line 288, in insert_many
    cur.executemany(sql, data)
  File "C:\SKN_main_project1\.venv\Lib\site-packages\pymysql\cursors.py", line 182, in executemany
    return self._do_execute_many(
           ^^^^^^^^^^^^^^^^^^^^^^
  File "C:\SKN_main_project1\.venv\Lib\site-packages\pymysql\cursors.py", line 220, in _do_execute_many
    rows += self.execute(sql + postfix)
            ^^^^^^^^^^^^^^^^^^^^^^^^^^^
  File "C:\SKN_main_project1\.venv\Lib\site-packages\pymysql\cursors.py", line 153, in execute
    result = self._query(query)
             ^^^^^^^^^^^^^^^^^^
  File "C:\SKN_main_project1\.venv\Lib\site-packages\pymysql\cursors.py", line 322, in _query
    conn.query(q)
  File "C:\SKN_main_project1\.venv\Lib\site-packages\pymysql\connections.py", line 563, in query
    self._affected_rows = self._read_query_result(unbuffered=unbuffered)
                          ^^^^^^^^^^^^^^^^^^^^^^^^^^^^^^^^^^^^^^^^^^^^^^
  File "C:\SKN_main_project1\.venv\Lib\site-packages\pymysql\connections.py", line 825, in _read_query_result
    result.read()
  File "C:\SKN_main_project1\.venv\Lib\site-packages\pymysql\connections.py", line 1199, in read
    first_packet = self.connection._read_packet()
                   ^^^^^^^^^^^^^^^^^^^^^^^^^^^^^^
  File "C:\SKN_main_project1\.venv\Lib\site-packages\pymysql\connections.py", line 775, in _read_packet
    packet.raise_for_error()
  File "C:\SKN_main_project1\.venv\Lib\site-packages\pymysql\protocol.py", line 219, in raise_for_error
    err.raise_mysql_exception(self._data)
  File "C:\SKN_main_project1\.venv\Lib\site-packages\pymysql\err.py", line 150, in raise_mysql_exception
    raise errorclass(errno, errval)
pymysql.err.DataError: (1265, "Data truncated for column 'age_group' at row 21")
2026-05-17 01:12:54,962 [INFO] 처리 시작: 2025년_01월_자동차_등록자료_통계.xlsx (202501)
2026-05-17 01:12:55,593 [INFO]   [01] 시도별      :    90행
2026-05-17 01:12:55,614 [ERROR] 오류 발생, 롤백: (1265, "Data truncated for column 'age_group' at row 21")
Traceback (most recent call last):
  File "c:\SKN_main_project1\load_to_db.py", line 373, in process_file
    total += upsert_gender_age(conn, r04)
             ^^^^^^^^^^^^^^^^^^^^^^^^^^^^
  File "c:\SKN_main_project1\load_to_db.py", line 305, in upsert_gender_age
    return insert_many(conn, """
           ^^^^^^^^^^^^^^^^^^^^^
  File "c:\SKN_main_project1\load_to_db.py", line 288, in insert_many
    cur.executemany(sql, data)
  File "C:\SKN_main_project1\.venv\Lib\site-packages\pymysql\cursors.py", line 182, in executemany
    return self._do_execute_many(
           ^^^^^^^^^^^^^^^^^^^^^^
  File "C:\SKN_main_project1\.venv\Lib\site-packages\pymysql\cursors.py", line 220, in _do_execute_many
    rows += self.execute(sql + postfix)
            ^^^^^^^^^^^^^^^^^^^^^^^^^^^
  File "C:\SKN_main_project1\.venv\Lib\site-packages\pymysql\cursors.py", line 153, in execute
    result = self._query(query)
             ^^^^^^^^^^^^^^^^^^
  File "C:\SKN_main_project1\.venv\Lib\site-packages\pymysql\cursors.py", line 322, in _query
    conn.query(q)
  File "C:\SKN_main_project1\.venv\Lib\site-packages\pymysql\connections.py", line 563, in query
    self._affected_rows = self._read_query_result(unbuffered=unbuffered)
                          ^^^^^^^^^^^^^^^^^^^^^^^^^^^^^^^^^^^^^^^^^^^^^^
  File "C:\SKN_main_project1\.venv\Lib\site-packages\pymysql\connections.py", line 825, in _read_query_result
    result.read()
  File "C:\SKN_main_project1\.venv\Lib\site-packages\pymysql\connections.py", line 1199, in read
    first_packet = self.connection._read_packet()
                   ^^^^^^^^^^^^^^^^^^^^^^^^^^^^^^
  File "C:\SKN_main_project1\.venv\Lib\site-packages\pymysql\connections.py", line 775, in _read_packet
    packet.raise_for_error()
  File "C:\SKN_main_project1\.venv\Lib\site-packages\pymysql\protocol.py", line 219, in raise_for_error
    err.raise_mysql_exception(self._data)
  File "C:\SKN_main_project1\.venv\Lib\site-packages\pymysql\err.py", line 150, in raise_mysql_exception
    raise errorclass(errno, errval)
pymysql.err.DataError: (1265, "Data truncated for column 'age_group' at row 21")
2026-05-17 01:12:55,615 [INFO] 처리 시작: 2025년_02월_자동차_등록자료_통계.xlsx (202502)
2026-05-17 01:12:56,256 [INFO]   [01] 시도별      :    90행
2026-05-17 01:12:56,277 [ERROR] 오류 발생, 롤백: (1265, "Data truncated for column 'age_group' at row 21")
Traceback (most recent call last):
  File "c:\SKN_main_project1\load_to_db.py", line 373, in process_file
    total += upsert_gender_age(conn, r04)
             ^^^^^^^^^^^^^^^^^^^^^^^^^^^^
  File "c:\SKN_main_project1\load_to_db.py", line 305, in upsert_gender_age
    return insert_many(conn, """
           ^^^^^^^^^^^^^^^^^^^^^
  File "c:\SKN_main_project1\load_to_db.py", line 288, in insert_many
    cur.executemany(sql, data)
  File "C:\SKN_main_project1\.venv\Lib\site-packages\pymysql\cursors.py", line 182, in executemany
    return self._do_execute_many(
           ^^^^^^^^^^^^^^^^^^^^^^
  File "C:\SKN_main_project1\.venv\Lib\site-packages\pymysql\cursors.py", line 220, in _do_execute_many
    rows += self.execute(sql + postfix)
            ^^^^^^^^^^^^^^^^^^^^^^^^^^^
  File "C:\SKN_main_project1\.venv\Lib\site-packages\pymysql\cursors.py", line 153, in execute
    result = self._query(query)
             ^^^^^^^^^^^^^^^^^^
  File "C:\SKN_main_project1\.venv\Lib\site-packages\pymysql\cursors.py", line 322, in _query
    conn.query(q)
  File "C:\SKN_main_project1\.venv\Lib\site-packages\pymysql\connections.py", line 563, in query
    self._affected_rows = self._read_query_result(unbuffered=unbuffered)
                          ^^^^^^^^^^^^^^^^^^^^^^^^^^^^^^^^^^^^^^^^^^^^^^
  File "C:\SKN_main_project1\.venv\Lib\site-packages\pymysql\connections.py", line 825, in _read_query_result
    result.read()
  File "C:\SKN_main_project1\.venv\Lib\site-packages\pymysql\connections.py", line 1199, in read
    first_packet = self.connection._read_packet()
                   ^^^^^^^^^^^^^^^^^^^^^^^^^^^^^^
  File "C:\SKN_main_project1\.venv\Lib\site-packages\pymysql\connections.py", line 775, in _read_packet
    packet.raise_for_error()
  File "C:\SKN_main_project1\.venv\Lib\site-packages\pymysql\protocol.py", line 219, in raise_for_error
    err.raise_mysql_exception(self._data)
  File "C:\SKN_main_project1\.venv\Lib\site-packages\pymysql\err.py", line 150, in raise_mysql_exception
    raise errorclass(errno, errval)
pymysql.err.DataError: (1265, "Data truncated for column 'age_group' at row 21")
2026-05-17 01:12:56,278 [INFO] 처리 시작: 2025년_03월_자동차_등록자료_통계.xlsx (202503)
2026-05-17 01:12:56,986 [INFO]   [01] 시도별      :    90행
2026-05-17 01:12:57,006 [ERROR] 오류 발생, 롤백: (1265, "Data truncated for column 'age_group' at row 21")
Traceback (most recent call last):
  File "c:\SKN_main_project1\load_to_db.py", line 373, in process_file
    total += upsert_gender_age(conn, r04)
             ^^^^^^^^^^^^^^^^^^^^^^^^^^^^
  File "c:\SKN_main_project1\load_to_db.py", line 305, in upsert_gender_age
    return insert_many(conn, """
           ^^^^^^^^^^^^^^^^^^^^^
  File "c:\SKN_main_project1\load_to_db.py", line 288, in insert_many
    cur.executemany(sql, data)
  File "C:\SKN_main_project1\.venv\Lib\site-packages\pymysql\cursors.py", line 182, in executemany
    return self._do_execute_many(
           ^^^^^^^^^^^^^^^^^^^^^^
  File "C:\SKN_main_project1\.venv\Lib\site-packages\pymysql\cursors.py", line 220, in _do_execute_many
    rows += self.execute(sql + postfix)
            ^^^^^^^^^^^^^^^^^^^^^^^^^^^
  File "C:\SKN_main_project1\.venv\Lib\site-packages\pymysql\cursors.py", line 153, in execute
    result = self._query(query)
             ^^^^^^^^^^^^^^^^^^
  File "C:\SKN_main_project1\.venv\Lib\site-packages\pymysql\cursors.py", line 322, in _query
    conn.query(q)
  File "C:\SKN_main_project1\.venv\Lib\site-packages\pymysql\connections.py", line 563, in query
    self._affected_rows = self._read_query_result(unbuffered=unbuffered)
                          ^^^^^^^^^^^^^^^^^^^^^^^^^^^^^^^^^^^^^^^^^^^^^^
  File "C:\SKN_main_project1\.venv\Lib\site-packages\pymysql\connections.py", line 825, in _read_query_result
    result.read()
  File "C:\SKN_main_project1\.venv\Lib\site-packages\pymysql\connections.py", line 1199, in read
    first_packet = self.connection._read_packet()
                   ^^^^^^^^^^^^^^^^^^^^^^^^^^^^^^
  File "C:\SKN_main_project1\.venv\Lib\site-packages\pymysql\connections.py", line 775, in _read_packet
    packet.raise_for_error()
  File "C:\SKN_main_project1\.venv\Lib\site-packages\pymysql\protocol.py", line 219, in raise_for_error
    err.raise_mysql_exception(self._data)
  File "C:\SKN_main_project1\.venv\Lib\site-packages\pymysql\err.py", line 150, in raise_mysql_exception
    raise errorclass(errno, errval)
pymysql.err.DataError: (1265, "Data truncated for column 'age_group' at row 21")
2026-05-17 01:12:57,008 [INFO] 처리 시작: 2025년_04월_자동차_등록자료_통계.xlsx (202504)
2026-05-17 01:12:57,657 [INFO]   [01] 시도별      :    90행
2026-05-17 01:12:57,664 [ERROR] 오류 발생, 롤백: (1265, "Data truncated for column 'age_group' at row 21")
Traceback (most recent call last):
  File "c:\SKN_main_project1\load_to_db.py", line 373, in process_file
    total += upsert_gender_age(conn, r04)
             ^^^^^^^^^^^^^^^^^^^^^^^^^^^^
  File "c:\SKN_main_project1\load_to_db.py", line 305, in upsert_gender_age
    return insert_many(conn, """
           ^^^^^^^^^^^^^^^^^^^^^
  File "c:\SKN_main_project1\load_to_db.py", line 288, in insert_many
    cur.executemany(sql, data)
  File "C:\SKN_main_project1\.venv\Lib\site-packages\pymysql\cursors.py", line 182, in executemany
    return self._do_execute_many(
           ^^^^^^^^^^^^^^^^^^^^^^
  File "C:\SKN_main_project1\.venv\Lib\site-packages\pymysql\cursors.py", line 220, in _do_execute_many
    rows += self.execute(sql + postfix)
            ^^^^^^^^^^^^^^^^^^^^^^^^^^^
  File "C:\SKN_main_project1\.venv\Lib\site-packages\pymysql\cursors.py", line 153, in execute
    result = self._query(query)
             ^^^^^^^^^^^^^^^^^^
  File "C:\SKN_main_project1\.venv\Lib\site-packages\pymysql\cursors.py", line 322, in _query
    conn.query(q)
  File "C:\SKN_main_project1\.venv\Lib\site-packages\pymysql\connections.py", line 563, in query
    self._affected_rows = self._read_query_result(unbuffered=unbuffered)
                          ^^^^^^^^^^^^^^^^^^^^^^^^^^^^^^^^^^^^^^^^^^^^^^
  File "C:\SKN_main_project1\.venv\Lib\site-packages\pymysql\connections.py", line 825, in _read_query_result
    result.read()
  File "C:\SKN_main_project1\.venv\Lib\site-packages\pymysql\connections.py", line 1199, in read
    first_packet = self.connection._read_packet()
                   ^^^^^^^^^^^^^^^^^^^^^^^^^^^^^^
  File "C:\SKN_main_project1\.venv\Lib\site-packages\pymysql\connections.py", line 775, in _read_packet
    packet.raise_for_error()
  File "C:\SKN_main_project1\.venv\Lib\site-packages\pymysql\protocol.py", line 219, in raise_for_error
    err.raise_mysql_exception(self._data)
  File "C:\SKN_main_project1\.venv\Lib\site-packages\pymysql\err.py", line 150, in raise_mysql_exception
    raise errorclass(errno, errval)
pymysql.err.DataError: (1265, "Data truncated for column 'age_group' at row 21")
2026-05-17 01:12:57,665 [INFO] 처리 시작: 2025년_05월_자동차_등록자료_통계.xlsx (202505)
2026-05-17 01:12:58,309 [INFO]   [01] 시도별      :    90행
2026-05-17 01:12:58,340 [ERROR] 오류 발생, 롤백: (1265, "Data truncated for column 'age_group' at row 21")
Traceback (most recent call last):
  File "c:\SKN_main_project1\load_to_db.py", line 373, in process_file
    total += upsert_gender_age(conn, r04)
             ^^^^^^^^^^^^^^^^^^^^^^^^^^^^
  File "c:\SKN_main_project1\load_to_db.py", line 305, in upsert_gender_age
    return insert_many(conn, """
           ^^^^^^^^^^^^^^^^^^^^^
  File "c:\SKN_main_project1\load_to_db.py", line 288, in insert_many
    cur.executemany(sql, data)
  File "C:\SKN_main_project1\.venv\Lib\site-packages\pymysql\cursors.py", line 182, in executemany
    return self._do_execute_many(
           ^^^^^^^^^^^^^^^^^^^^^^
  File "C:\SKN_main_project1\.venv\Lib\site-packages\pymysql\cursors.py", line 220, in _do_execute_many
    rows += self.execute(sql + postfix)
            ^^^^^^^^^^^^^^^^^^^^^^^^^^^
  File "C:\SKN_main_project1\.venv\Lib\site-packages\pymysql\cursors.py", line 153, in execute
    result = self._query(query)
             ^^^^^^^^^^^^^^^^^^
  File "C:\SKN_main_project1\.venv\Lib\site-packages\pymysql\cursors.py", line 322, in _query
    conn.query(q)
  File "C:\SKN_main_project1\.venv\Lib\site-packages\pymysql\connections.py", line 563, in query
    self._affected_rows = self._read_query_result(unbuffered=unbuffered)
                          ^^^^^^^^^^^^^^^^^^^^^^^^^^^^^^^^^^^^^^^^^^^^^^
  File "C:\SKN_main_project1\.venv\Lib\site-packages\pymysql\connections.py", line 825, in _read_query_result
    result.read()
  File "C:\SKN_main_project1\.venv\Lib\site-packages\pymysql\connections.py", line 1199, in read
    first_packet = self.connection._read_packet()
                   ^^^^^^^^^^^^^^^^^^^^^^^^^^^^^^
  File "C:\SKN_main_project1\.venv\Lib\site-packages\pymysql\connections.py", line 775, in _read_packet
    packet.raise_for_error()
  File "C:\SKN_main_project1\.venv\Lib\site-packages\pymysql\protocol.py", line 219, in raise_for_error
    err.raise_mysql_exception(self._data)
  File "C:\SKN_main_project1\.venv\Lib\site-packages\pymysql\err.py", line 150, in raise_mysql_exception
    raise errorclass(errno, errval)
pymysql.err.DataError: (1265, "Data truncated for column 'age_group' at row 21")
2026-05-17 01:12:58,341 [INFO] 처리 시작: 2025년_06월_자동차_등록자료_통계.xlsx (202506)
2026-05-17 01:12:58,989 [INFO]   [01] 시도별      :    90행
2026-05-17 01:12:59,009 [ERROR] 오류 발생, 롤백: (1265, "Data truncated for column 'age_group' at row 21")
Traceback (most recent call last):
  File "c:\SKN_main_project1\load_to_db.py", line 373, in process_file
    total += upsert_gender_age(conn, r04)
             ^^^^^^^^^^^^^^^^^^^^^^^^^^^^
  File "c:\SKN_main_project1\load_to_db.py", line 305, in upsert_gender_age
    return insert_many(conn, """
           ^^^^^^^^^^^^^^^^^^^^^
  File "c:\SKN_main_project1\load_to_db.py", line 288, in insert_many
    cur.executemany(sql, data)
  File "C:\SKN_main_project1\.venv\Lib\site-packages\pymysql\cursors.py", line 182, in executemany
    return self._do_execute_many(
           ^^^^^^^^^^^^^^^^^^^^^^
  File "C:\SKN_main_project1\.venv\Lib\site-packages\pymysql\cursors.py", line 220, in _do_execute_many
    rows += self.execute(sql + postfix)
            ^^^^^^^^^^^^^^^^^^^^^^^^^^^
  File "C:\SKN_main_project1\.venv\Lib\site-packages\pymysql\cursors.py", line 153, in execute
    result = self._query(query)
             ^^^^^^^^^^^^^^^^^^
  File "C:\SKN_main_project1\.venv\Lib\site-packages\pymysql\cursors.py", line 322, in _query
    conn.query(q)
  File "C:\SKN_main_project1\.venv\Lib\site-packages\pymysql\connections.py", line 563, in query
    self._affected_rows = self._read_query_result(unbuffered=unbuffered)
                          ^^^^^^^^^^^^^^^^^^^^^^^^^^^^^^^^^^^^^^^^^^^^^^
  File "C:\SKN_main_project1\.venv\Lib\site-packages\pymysql\connections.py", line 825, in _read_query_result
    result.read()
  File "C:\SKN_main_project1\.venv\Lib\site-packages\pymysql\connections.py", line 1199, in read
    first_packet = self.connection._read_packet()
                   ^^^^^^^^^^^^^^^^^^^^^^^^^^^^^^
  File "C:\SKN_main_project1\.venv\Lib\site-packages\pymysql\connections.py", line 775, in _read_packet
    packet.raise_for_error()
  File "C:\SKN_main_project1\.venv\Lib\site-packages\pymysql\protocol.py", line 219, in raise_for_error
    err.raise_mysql_exception(self._data)
  File "C:\SKN_main_project1\.venv\Lib\site-packages\pymysql\err.py", line 150, in raise_mysql_exception
    raise errorclass(errno, errval)
pymysql.err.DataError: (1265, "Data truncated for column 'age_group' at row 21")
2026-05-17 01:12:59,010 [INFO] 처리 시작: 2025년_07월_자동차_등록자료_통계.xlsx (202507)
2026-05-17 01:12:59,689 [INFO]   [01] 시도별      :    90행
2026-05-17 01:12:59,695 [ERROR] 오류 발생, 롤백: (1265, "Data truncated for column 'age_group' at row 21")
Traceback (most recent call last):
  File "c:\SKN_main_project1\load_to_db.py", line 373, in process_file
    total += upsert_gender_age(conn, r04)
             ^^^^^^^^^^^^^^^^^^^^^^^^^^^^
  File "c:\SKN_main_project1\load_to_db.py", line 305, in upsert_gender_age
    return insert_many(conn, """
           ^^^^^^^^^^^^^^^^^^^^^
  File "c:\SKN_main_project1\load_to_db.py", line 288, in insert_many
    cur.executemany(sql, data)
  File "C:\SKN_main_project1\.venv\Lib\site-packages\pymysql\cursors.py", line 182, in executemany
    return self._do_execute_many(
           ^^^^^^^^^^^^^^^^^^^^^^
  File "C:\SKN_main_project1\.venv\Lib\site-packages\pymysql\cursors.py", line 220, in _do_execute_many
    rows += self.execute(sql + postfix)
            ^^^^^^^^^^^^^^^^^^^^^^^^^^^
  File "C:\SKN_main_project1\.venv\Lib\site-packages\pymysql\cursors.py", line 153, in execute
    result = self._query(query)
             ^^^^^^^^^^^^^^^^^^
  File "C:\SKN_main_project1\.venv\Lib\site-packages\pymysql\cursors.py", line 322, in _query
    conn.query(q)
  File "C:\SKN_main_project1\.venv\Lib\site-packages\pymysql\connections.py", line 563, in query
    self._affected_rows = self._read_query_result(unbuffered=unbuffered)
                          ^^^^^^^^^^^^^^^^^^^^^^^^^^^^^^^^^^^^^^^^^^^^^^
  File "C:\SKN_main_project1\.venv\Lib\site-packages\pymysql\connections.py", line 825, in _read_query_result
    result.read()
  File "C:\SKN_main_project1\.venv\Lib\site-packages\pymysql\connections.py", line 1199, in read
    first_packet = self.connection._read_packet()
                   ^^^^^^^^^^^^^^^^^^^^^^^^^^^^^^
  File "C:\SKN_main_project1\.venv\Lib\site-packages\pymysql\connections.py", line 775, in _read_packet
    packet.raise_for_error()
  File "C:\SKN_main_project1\.venv\Lib\site-packages\pymysql\protocol.py", line 219, in raise_for_error
    err.raise_mysql_exception(self._data)
  File "C:\SKN_main_project1\.venv\Lib\site-packages\pymysql\err.py", line 150, in raise_mysql_exception
    raise errorclass(errno, errval)
pymysql.err.DataError: (1265, "Data truncated for column 'age_group' at row 21")
2026-05-17 01:12:59,697 [INFO] 처리 시작: 2025년_08월_자동차_등록자료_통계.xlsx (202508)
2026-05-17 01:13:00,378 [INFO]   [01] 시도별      :    90행
2026-05-17 01:13:00,398 [ERROR] 오류 발생, 롤백: (1265, "Data truncated for column 'age_group' at row 21")
Traceback (most recent call last):
  File "c:\SKN_main_project1\load_to_db.py", line 373, in process_file
    total += upsert_gender_age(conn, r04)
             ^^^^^^^^^^^^^^^^^^^^^^^^^^^^
  File "c:\SKN_main_project1\load_to_db.py", line 305, in upsert_gender_age
    return insert_many(conn, """
           ^^^^^^^^^^^^^^^^^^^^^
  File "c:\SKN_main_project1\load_to_db.py", line 288, in insert_many
    cur.executemany(sql, data)
  File "C:\SKN_main_project1\.venv\Lib\site-packages\pymysql\cursors.py", line 182, in executemany
    return self._do_execute_many(
           ^^^^^^^^^^^^^^^^^^^^^^
  File "C:\SKN_main_project1\.venv\Lib\site-packages\pymysql\cursors.py", line 220, in _do_execute_many
    rows += self.execute(sql + postfix)
            ^^^^^^^^^^^^^^^^^^^^^^^^^^^
  File "C:\SKN_main_project1\.venv\Lib\site-packages\pymysql\cursors.py", line 153, in execute
    result = self._query(query)
             ^^^^^^^^^^^^^^^^^^
  File "C:\SKN_main_project1\.venv\Lib\site-packages\pymysql\cursors.py", line 322, in _query
    conn.query(q)
  File "C:\SKN_main_project1\.venv\Lib\site-packages\pymysql\connections.py", line 563, in query
    self._affected_rows = self._read_query_result(unbuffered=unbuffered)
                          ^^^^^^^^^^^^^^^^^^^^^^^^^^^^^^^^^^^^^^^^^^^^^^
  File "C:\SKN_main_project1\.venv\Lib\site-packages\pymysql\connections.py", line 825, in _read_query_result
    result.read()
  File "C:\SKN_main_project1\.venv\Lib\site-packages\pymysql\connections.py", line 1199, in read
    first_packet = self.connection._read_packet()
                   ^^^^^^^^^^^^^^^^^^^^^^^^^^^^^^
  File "C:\SKN_main_project1\.venv\Lib\site-packages\pymysql\connections.py", line 775, in _read_packet
    packet.raise_for_error()
  File "C:\SKN_main_project1\.venv\Lib\site-packages\pymysql\protocol.py", line 219, in raise_for_error
    err.raise_mysql_exception(self._data)
  File "C:\SKN_main_project1\.venv\Lib\site-packages\pymysql\err.py", line 150, in raise_mysql_exception
    raise errorclass(errno, errval)
pymysql.err.DataError: (1265, "Data truncated for column 'age_group' at row 21")
2026-05-17 01:13:00,399 [INFO] 처리 시작: 2025년_09월_자동차_등록자료_통계.xlsx (202509)
2026-05-17 01:13:01,049 [INFO]   [01] 시도별      :    90행
2026-05-17 01:13:01,074 [ERROR] 오류 발생, 롤백: (1265, "Data truncated for column 'age_group' at row 21")
Traceback (most recent call last):
  File "c:\SKN_main_project1\load_to_db.py", line 373, in process_file
    total += upsert_gender_age(conn, r04)
             ^^^^^^^^^^^^^^^^^^^^^^^^^^^^
  File "c:\SKN_main_project1\load_to_db.py", line 305, in upsert_gender_age
    return insert_many(conn, """
           ^^^^^^^^^^^^^^^^^^^^^
  File "c:\SKN_main_project1\load_to_db.py", line 288, in insert_many
    cur.executemany(sql, data)
  File "C:\SKN_main_project1\.venv\Lib\site-packages\pymysql\cursors.py", line 182, in executemany
    return self._do_execute_many(
           ^^^^^^^^^^^^^^^^^^^^^^
  File "C:\SKN_main_project1\.venv\Lib\site-packages\pymysql\cursors.py", line 220, in _do_execute_many
    rows += self.execute(sql + postfix)
            ^^^^^^^^^^^^^^^^^^^^^^^^^^^
  File "C:\SKN_main_project1\.venv\Lib\site-packages\pymysql\cursors.py", line 153, in execute
    result = self._query(query)
             ^^^^^^^^^^^^^^^^^^
  File "C:\SKN_main_project1\.venv\Lib\site-packages\pymysql\cursors.py", line 322, in _query
    conn.query(q)
  File "C:\SKN_main_project1\.venv\Lib\site-packages\pymysql\connections.py", line 563, in query
    self._affected_rows = self._read_query_result(unbuffered=unbuffered)
                          ^^^^^^^^^^^^^^^^^^^^^^^^^^^^^^^^^^^^^^^^^^^^^^
  File "C:\SKN_main_project1\.venv\Lib\site-packages\pymysql\connections.py", line 825, in _read_query_result
    result.read()
  File "C:\SKN_main_project1\.venv\Lib\site-packages\pymysql\connections.py", line 1199, in read
    first_packet = self.connection._read_packet()
                   ^^^^^^^^^^^^^^^^^^^^^^^^^^^^^^
  File "C:\SKN_main_project1\.venv\Lib\site-packages\pymysql\connections.py", line 775, in _read_packet
    packet.raise_for_error()
  File "C:\SKN_main_project1\.venv\Lib\site-packages\pymysql\protocol.py", line 219, in raise_for_error
    err.raise_mysql_exception(self._data)
  File "C:\SKN_main_project1\.venv\Lib\site-packages\pymysql\err.py", line 150, in raise_mysql_exception
    raise errorclass(errno, errval)
pymysql.err.DataError: (1265, "Data truncated for column 'age_group' at row 21")
2026-05-17 01:13:01,075 [INFO] 처리 시작: 2025년_10월_자동차_등록자료_통계.xlsx (202510)
2026-05-17 01:13:01,752 [INFO]   [01] 시도별      :    90행
2026-05-17 01:13:01,784 [ERROR] 오류 발생, 롤백: (1265, "Data truncated for column 'age_group' at row 21")
Traceback (most recent call last):
  File "c:\SKN_main_project1\load_to_db.py", line 373, in process_file
    total += upsert_gender_age(conn, r04)
             ^^^^^^^^^^^^^^^^^^^^^^^^^^^^
  File "c:\SKN_main_project1\load_to_db.py", line 305, in upsert_gender_age
    return insert_many(conn, """
           ^^^^^^^^^^^^^^^^^^^^^
  File "c:\SKN_main_project1\load_to_db.py", line 288, in insert_many
    cur.executemany(sql, data)
  File "C:\SKN_main_project1\.venv\Lib\site-packages\pymysql\cursors.py", line 182, in executemany
    return self._do_execute_many(
           ^^^^^^^^^^^^^^^^^^^^^^
  File "C:\SKN_main_project1\.venv\Lib\site-packages\pymysql\cursors.py", line 220, in _do_execute_many
    rows += self.execute(sql + postfix)
            ^^^^^^^^^^^^^^^^^^^^^^^^^^^
  File "C:\SKN_main_project1\.venv\Lib\site-packages\pymysql\cursors.py", line 153, in execute
    result = self._query(query)
             ^^^^^^^^^^^^^^^^^^
  File "C:\SKN_main_project1\.venv\Lib\site-packages\pymysql\cursors.py", line 322, in _query
    conn.query(q)
  File "C:\SKN_main_project1\.venv\Lib\site-packages\pymysql\connections.py", line 563, in query
    self._affected_rows = self._read_query_result(unbuffered=unbuffered)
                          ^^^^^^^^^^^^^^^^^^^^^^^^^^^^^^^^^^^^^^^^^^^^^^
  File "C:\SKN_main_project1\.venv\Lib\site-packages\pymysql\connections.py", line 825, in _read_query_result
    result.read()
  File "C:\SKN_main_project1\.venv\Lib\site-packages\pymysql\connections.py", line 1199, in read
    first_packet = self.connection._read_packet()
                   ^^^^^^^^^^^^^^^^^^^^^^^^^^^^^^
  File "C:\SKN_main_project1\.venv\Lib\site-packages\pymysql\connections.py", line 775, in _read_packet
    packet.raise_for_error()
  File "C:\SKN_main_project1\.venv\Lib\site-packages\pymysql\protocol.py", line 219, in raise_for_error
    err.raise_mysql_exception(self._data)
  File "C:\SKN_main_project1\.venv\Lib\site-packages\pymysql\err.py", line 150, in raise_mysql_exception
    raise errorclass(errno, errval)
pymysql.err.DataError: (1265, "Data truncated for column 'age_group' at row 21")
2026-05-17 01:13:01,785 [INFO] 처리 시작: 2025년_11월_자동차_등록자료_통계.xlsx (202511)
2026-05-17 01:13:02,493 [INFO]   [01] 시도별      :    90행
2026-05-17 01:13:02,510 [ERROR] 오류 발생, 롤백: (1265, "Data truncated for column 'age_group' at row 21")
Traceback (most recent call last):
  File "c:\SKN_main_project1\load_to_db.py", line 373, in process_file
    total += upsert_gender_age(conn, r04)
             ^^^^^^^^^^^^^^^^^^^^^^^^^^^^
  File "c:\SKN_main_project1\load_to_db.py", line 305, in upsert_gender_age
    return insert_many(conn, """
           ^^^^^^^^^^^^^^^^^^^^^
  File "c:\SKN_main_project1\load_to_db.py", line 288, in insert_many
    cur.executemany(sql, data)
  File "C:\SKN_main_project1\.venv\Lib\site-packages\pymysql\cursors.py", line 182, in executemany
    return self._do_execute_many(
           ^^^^^^^^^^^^^^^^^^^^^^
  File "C:\SKN_main_project1\.venv\Lib\site-packages\pymysql\cursors.py", line 220, in _do_execute_many
    rows += self.execute(sql + postfix)
            ^^^^^^^^^^^^^^^^^^^^^^^^^^^
  File "C:\SKN_main_project1\.venv\Lib\site-packages\pymysql\cursors.py", line 153, in execute
    result = self._query(query)
             ^^^^^^^^^^^^^^^^^^
  File "C:\SKN_main_project1\.venv\Lib\site-packages\pymysql\cursors.py", line 322, in _query
    conn.query(q)
  File "C:\SKN_main_project1\.venv\Lib\site-packages\pymysql\connections.py", line 563, in query
    self._affected_rows = self._read_query_result(unbuffered=unbuffered)
                          ^^^^^^^^^^^^^^^^^^^^^^^^^^^^^^^^^^^^^^^^^^^^^^
  File "C:\SKN_main_project1\.venv\Lib\site-packages\pymysql\connections.py", line 825, in _read_query_result
    result.read()
  File "C:\SKN_main_project1\.venv\Lib\site-packages\pymysql\connections.py", line 1199, in read
    first_packet = self.connection._read_packet()
                   ^^^^^^^^^^^^^^^^^^^^^^^^^^^^^^
  File "C:\SKN_main_project1\.venv\Lib\site-packages\pymysql\connections.py", line 775, in _read_packet
    packet.raise_for_error()
  File "C:\SKN_main_project1\.venv\Lib\site-packages\pymysql\protocol.py", line 219, in raise_for_error
    err.raise_mysql_exception(self._data)
  File "C:\SKN_main_project1\.venv\Lib\site-packages\pymysql\err.py", line 150, in raise_mysql_exception
    raise errorclass(errno, errval)
pymysql.err.DataError: (1265, "Data truncated for column 'age_group' at row 21")
2026-05-17 01:13:02,511 [INFO] 처리 시작: 2025년_12월_자동차_등록자료_통계.xlsx (202512)
2026-05-17 01:13:03,235 [INFO]   [01] 시도별      :    90행
2026-05-17 01:13:03,257 [ERROR] 오류 발생, 롤백: (1265, "Data truncated for column 'age_group' at row 21")
Traceback (most recent call last):
  File "c:\SKN_main_project1\load_to_db.py", line 373, in process_file
    total += upsert_gender_age(conn, r04)
             ^^^^^^^^^^^^^^^^^^^^^^^^^^^^
  File "c:\SKN_main_project1\load_to_db.py", line 305, in upsert_gender_age
    return insert_many(conn, """
           ^^^^^^^^^^^^^^^^^^^^^
  File "c:\SKN_main_project1\load_to_db.py", line 288, in insert_many
    cur.executemany(sql, data)
  File "C:\SKN_main_project1\.venv\Lib\site-packages\pymysql\cursors.py", line 182, in executemany
    return self._do_execute_many(
           ^^^^^^^^^^^^^^^^^^^^^^
  File "C:\SKN_main_project1\.venv\Lib\site-packages\pymysql\cursors.py", line 220, in _do_execute_many
    rows += self.execute(sql + postfix)
            ^^^^^^^^^^^^^^^^^^^^^^^^^^^
  File "C:\SKN_main_project1\.venv\Lib\site-packages\pymysql\cursors.py", line 153, in execute
    result = self._query(query)
             ^^^^^^^^^^^^^^^^^^
  File "C:\SKN_main_project1\.venv\Lib\site-packages\pymysql\cursors.py", line 322, in _query
    conn.query(q)
  File "C:\SKN_main_project1\.venv\Lib\site-packages\pymysql\connections.py", line 563, in query
    self._affected_rows = self._read_query_result(unbuffered=unbuffered)
                          ^^^^^^^^^^^^^^^^^^^^^^^^^^^^^^^^^^^^^^^^^^^^^^
  File "C:\SKN_main_project1\.venv\Lib\site-packages\pymysql\connections.py", line 825, in _read_query_result
    result.read()
  File "C:\SKN_main_project1\.venv\Lib\site-packages\pymysql\connections.py", line 1199, in read
    first_packet = self.connection._read_packet()
                   ^^^^^^^^^^^^^^^^^^^^^^^^^^^^^^
  File "C:\SKN_main_project1\.venv\Lib\site-packages\pymysql\connections.py", line 775, in _read_packet
    packet.raise_for_error()
  File "C:\SKN_main_project1\.venv\Lib\site-packages\pymysql\protocol.py", line 219, in raise_for_error
    err.raise_mysql_exception(self._data)
  File "C:\SKN_main_project1\.venv\Lib\site-packages\pymysql\err.py", line 150, in raise_mysql_exception
    raise errorclass(errno, errval)
pymysql.err.DataError: (1265, "Data truncated for column 'age_group' at row 21")
2026-05-17 01:13:03,258 [INFO] 처리 시작: 2026년_01월_자동차_등록자료_통계.xlsx (202601)
2026-05-17 01:13:04,010 [INFO]   [01] 시도별      :    90행
2026-05-17 01:13:04,025 [ERROR] 오류 발생, 롤백: (1265, "Data truncated for column 'age_group' at row 21")
Traceback (most recent call last):
  File "c:\SKN_main_project1\load_to_db.py", line 373, in process_file
    total += upsert_gender_age(conn, r04)
             ^^^^^^^^^^^^^^^^^^^^^^^^^^^^
  File "c:\SKN_main_project1\load_to_db.py", line 305, in upsert_gender_age
    return insert_many(conn, """
           ^^^^^^^^^^^^^^^^^^^^^
  File "c:\SKN_main_project1\load_to_db.py", line 288, in insert_many
    cur.executemany(sql, data)
  File "C:\SKN_main_project1\.venv\Lib\site-packages\pymysql\cursors.py", line 182, in executemany
    return self._do_execute_many(
           ^^^^^^^^^^^^^^^^^^^^^^
  File "C:\SKN_main_project1\.venv\Lib\site-packages\pymysql\cursors.py", line 220, in _do_execute_many
    rows += self.execute(sql + postfix)
            ^^^^^^^^^^^^^^^^^^^^^^^^^^^
  File "C:\SKN_main_project1\.venv\Lib\site-packages\pymysql\cursors.py", line 153, in execute
    result = self._query(query)
             ^^^^^^^^^^^^^^^^^^
  File "C:\SKN_main_project1\.venv\Lib\site-packages\pymysql\cursors.py", line 322, in _query
    conn.query(q)
  File "C:\SKN_main_project1\.venv\Lib\site-packages\pymysql\connections.py", line 563, in query
    self._affected_rows = self._read_query_result(unbuffered=unbuffered)
                          ^^^^^^^^^^^^^^^^^^^^^^^^^^^^^^^^^^^^^^^^^^^^^^
  File "C:\SKN_main_project1\.venv\Lib\site-packages\pymysql\connections.py", line 825, in _read_query_result
    result.read()
  File "C:\SKN_main_project1\.venv\Lib\site-packages\pymysql\connections.py", line 1199, in read
    first_packet = self.connection._read_packet()
                   ^^^^^^^^^^^^^^^^^^^^^^^^^^^^^^
  File "C:\SKN_main_project1\.venv\Lib\site-packages\pymysql\connections.py", line 775, in _read_packet
    packet.raise_for_error()
  File "C:\SKN_main_project1\.venv\Lib\site-packages\pymysql\protocol.py", line 219, in raise_for_error
    err.raise_mysql_exception(self._data)
  File "C:\SKN_main_project1\.venv\Lib\site-packages\pymysql\err.py", line 150, in raise_mysql_exception
    raise errorclass(errno, errval)
pymysql.err.DataError: (1265, "Data truncated for column 'age_group' at row 21")
2026-05-17 01:13:04,026 [INFO] 처리 시작: 2026년_02월_자동차_등록자료_통계.xlsx (202602)
2026-05-17 01:13:04,734 [INFO]   [01] 시도별      :    90행
2026-05-17 01:13:04,754 [ERROR] 오류 발생, 롤백: (1265, "Data truncated for column 'age_group' at row 21")
Traceback (most recent call last):
  File "c:\SKN_main_project1\load_to_db.py", line 373, in process_file
    total += upsert_gender_age(conn, r04)
             ^^^^^^^^^^^^^^^^^^^^^^^^^^^^
  File "c:\SKN_main_project1\load_to_db.py", line 305, in upsert_gender_age
    return insert_many(conn, """
           ^^^^^^^^^^^^^^^^^^^^^
  File "c:\SKN_main_project1\load_to_db.py", line 288, in insert_many
    cur.executemany(sql, data)
  File "C:\SKN_main_project1\.venv\Lib\site-packages\pymysql\cursors.py", line 182, in executemany
    return self._do_execute_many(
           ^^^^^^^^^^^^^^^^^^^^^^
  File "C:\SKN_main_project1\.venv\Lib\site-packages\pymysql\cursors.py", line 220, in _do_execute_many
    rows += self.execute(sql + postfix)
            ^^^^^^^^^^^^^^^^^^^^^^^^^^^
  File "C:\SKN_main_project1\.venv\Lib\site-packages\pymysql\cursors.py", line 153, in execute
    result = self._query(query)
             ^^^^^^^^^^^^^^^^^^
  File "C:\SKN_main_project1\.venv\Lib\site-packages\pymysql\cursors.py", line 322, in _query
    conn.query(q)
  File "C:\SKN_main_project1\.venv\Lib\site-packages\pymysql\connections.py", line 563, in query
    self._affected_rows = self._read_query_result(unbuffered=unbuffered)
                          ^^^^^^^^^^^^^^^^^^^^^^^^^^^^^^^^^^^^^^^^^^^^^^
  File "C:\SKN_main_project1\.venv\Lib\site-packages\pymysql\connections.py", line 825, in _read_query_result
    result.read()
  File "C:\SKN_main_project1\.venv\Lib\site-packages\pymysql\connections.py", line 1199, in read
    first_packet = self.connection._read_packet()
                   ^^^^^^^^^^^^^^^^^^^^^^^^^^^^^^
  File "C:\SKN_main_project1\.venv\Lib\site-packages\pymysql\connections.py", line 775, in _read_packet
    packet.raise_for_error()
  File "C:\SKN_main_project1\.venv\Lib\site-packages\pymysql\protocol.py", line 219, in raise_for_error
    err.raise_mysql_exception(self._data)
  File "C:\SKN_main_project1\.venv\Lib\site-packages\pymysql\err.py", line 150, in raise_mysql_exception
    raise errorclass(errno, errval)
pymysql.err.DataError: (1265, "Data truncated for column 'age_group' at row 21")
2026-05-17 01:13:04,755 [INFO] 처리 시작: 2026년_03월_자동차_등록자료_통계.xlsx (202603)
2026-05-17 01:13:05,470 [INFO]   [01] 시도별      :    90행
2026-05-17 01:13:05,495 [ERROR] 오류 발생, 롤백: (1265, "Data truncated for column 'age_group' at row 21")
Traceback (most recent call last):
  File "c:\SKN_main_project1\load_to_db.py", line 373, in process_file
    total += upsert_gender_age(conn, r04)
             ^^^^^^^^^^^^^^^^^^^^^^^^^^^^
  File "c:\SKN_main_project1\load_to_db.py", line 305, in upsert_gender_age
    return insert_many(conn, """
           ^^^^^^^^^^^^^^^^^^^^^
  File "c:\SKN_main_project1\load_to_db.py", line 288, in insert_many
    cur.executemany(sql, data)
  File "C:\SKN_main_project1\.venv\Lib\site-packages\pymysql\cursors.py", line 182, in executemany
    return self._do_execute_many(
           ^^^^^^^^^^^^^^^^^^^^^^
  File "C:\SKN_main_project1\.venv\Lib\site-packages\pymysql\cursors.py", line 220, in _do_execute_many
    rows += self.execute(sql + postfix)
            ^^^^^^^^^^^^^^^^^^^^^^^^^^^
  File "C:\SKN_main_project1\.venv\Lib\site-packages\pymysql\cursors.py", line 153, in execute
    result = self._query(query)
             ^^^^^^^^^^^^^^^^^^
  File "C:\SKN_main_project1\.venv\Lib\site-packages\pymysql\cursors.py", line 322, in _query
    conn.query(q)
  File "C:\SKN_main_project1\.venv\Lib\site-packages\pymysql\connections.py", line 563, in query
    self._affected_rows = self._read_query_result(unbuffered=unbuffered)
                          ^^^^^^^^^^^^^^^^^^^^^^^^^^^^^^^^^^^^^^^^^^^^^^
  File "C:\SKN_main_project1\.venv\Lib\site-packages\pymysql\connections.py", line 825, in _read_query_result
    result.read()
  File "C:\SKN_main_project1\.venv\Lib\site-packages\pymysql\connections.py", line 1199, in read
    first_packet = self.connection._read_packet()
                   ^^^^^^^^^^^^^^^^^^^^^^^^^^^^^^
  File "C:\SKN_main_project1\.venv\Lib\site-packages\pymysql\connections.py", line 775, in _read_packet
    packet.raise_for_error()
  File "C:\SKN_main_project1\.venv\Lib\site-packages\pymysql\protocol.py", line 219, in raise_for_error
    err.raise_mysql_exception(self._data)
  File "C:\SKN_main_project1\.venv\Lib\site-packages\pymysql\err.py", line 150, in raise_mysql_exception
    raise errorclass(errno, errval)
pymysql.err.DataError: (1265, "Data truncated for column 'age_group' at row 21")
2026-05-17 01:13:05,497 [INFO] 처리 시작: 2026년_04월_자동차_등록자료_통계.xlsx (202604)
2026-05-17 01:13:06,209 [INFO]   [01] 시도별      :    90행
2026-05-17 01:13:06,215 [ERROR] 오류 발생, 롤백: (1265, "Data truncated for column 'age_group' at row 21")
Traceback (most recent call last):
  File "c:\SKN_main_project1\load_to_db.py", line 373, in process_file
    total += upsert_gender_age(conn, r04)
             ^^^^^^^^^^^^^^^^^^^^^^^^^^^^
  File "c:\SKN_main_project1\load_to_db.py", line 305, in upsert_gender_age
    return insert_many(conn, """
           ^^^^^^^^^^^^^^^^^^^^^
  File "c:\SKN_main_project1\load_to_db.py", line 288, in insert_many
    cur.executemany(sql, data)
  File "C:\SKN_main_project1\.venv\Lib\site-packages\pymysql\cursors.py", line 182, in executemany
    return self._do_execute_many(
           ^^^^^^^^^^^^^^^^^^^^^^
  File "C:\SKN_main_project1\.venv\Lib\site-packages\pymysql\cursors.py", line 220, in _do_execute_many
    rows += self.execute(sql + postfix)
            ^^^^^^^^^^^^^^^^^^^^^^^^^^^
  File "C:\SKN_main_project1\.venv\Lib\site-packages\pymysql\cursors.py", line 153, in execute
    result = self._query(query)
             ^^^^^^^^^^^^^^^^^^
  File "C:\SKN_main_project1\.venv\Lib\site-packages\pymysql\cursors.py", line 322, in _query
    conn.query(q)
  File "C:\SKN_main_project1\.venv\Lib\site-packages\pymysql\connections.py", line 563, in query
    self._affected_rows = self._read_query_result(unbuffered=unbuffered)
                          ^^^^^^^^^^^^^^^^^^^^^^^^^^^^^^^^^^^^^^^^^^^^^^
  File "C:\SKN_main_project1\.venv\Lib\site-packages\pymysql\connections.py", line 825, in _read_query_result
    result.read()
  File "C:\SKN_main_project1\.venv\Lib\site-packages\pymysql\connections.py", line 1199, in read
    first_packet = self.connection._read_packet()
                   ^^^^^^^^^^^^^^^^^^^^^^^^^^^^^^
  File "C:\SKN_main_project1\.venv\Lib\site-packages\pymysql\connections.py", line 775, in _read_packet
    packet.raise_for_error()
  File "C:\SKN_main_project1\.venv\Lib\site-packages\pymysql\protocol.py", line 219, in raise_for_error
    err.raise_mysql_exception(self._data)
  File "C:\SKN_main_project1\.venv\Lib\site-packages\pymysql\err.py", line 150, in raise_mysql_exception
    raise errorclass(errno, errval)
pymysql.err.DataError: (1265, "Data truncated for column 'age_group' at row 21")
2026-05-17 01:13:06,217 [INFO] DB 최신 기준: None
2026-05-17 01:13:06,218 [INFO] ============================================================
2026-05-17 01:13:06,218 [INFO] 종료: 2026-05-17 01:13:06
2026-05-17 01:13:06,218 [INFO] ============================================================
2026-05-17 01:17:51,465 [INFO] ============================================================
2026-05-17 01:17:51,465 [INFO] 전국 자동차 등록 현황 DB 적재 시작
2026-05-17 01:17:51,465 [INFO] 시작: 2026-05-17 01:17:51
2026-05-17 01:17:51,465 [INFO] ============================================================
2026-05-17 01:17:51,467 [INFO] 발견 파일: 28개
2026-05-17 01:17:51,476 [INFO] DB 연결 성공
2026-05-17 01:17:51,493 [INFO] 신규 적재: 28개 (기적재 0개 스킵)
2026-05-17 01:17:51,493 [INFO] 처리 시작: 2024년_01월_자동차_등록자료_통계.xlsx (202401)
2026-05-17 01:17:52,154 [INFO]   [01] 시도별      :    90행
2026-05-17 01:17:52,160 [INFO]   [04] 성별·연령별 :    21행
2026-05-17 01:17:52,164 [INFO]   [09] 차종유형별  :    17행
2026-05-17 01:17:52,194 [ERROR] 오류 발생, 롤백: 'sregistered_count'
Traceback (most recent call last):
  File "c:\SKN_main_project1\load_to_db.py", line 387, in process_file
    total += upsert_fuel(conn, r10)
             ^^^^^^^^^^^^^^^^^^^^^^
  File "c:\SKN_main_project1\load_to_db.py", line 329, in upsert_fuel
    return insert_many(conn, """
           ^^^^^^^^^^^^^^^^^^^^^
  File "c:\SKN_main_project1\load_to_db.py", line 294, in insert_many
    cur.executemany(sql, data)
  File "C:\SKN_main_project1\.venv\Lib\site-packages\pymysql\cursors.py", line 182, in executemany
    return self._do_execute_many(
           ^^^^^^^^^^^^^^^^^^^^^^
  File "C:\SKN_main_project1\.venv\Lib\site-packages\pymysql\cursors.py", line 205, in _do_execute_many
    v = values % escape(next(args), conn)
        ~~~~~~~^~~~~~~~~~~~~~~~~~~~~~~~~~
KeyError: 'sregistered_count'
2026-05-17 01:17:52,196 [INFO] 처리 시작: 2024년_02월_자동차_등록자료_통계.xlsx (202402)
2026-05-17 01:17:52,940 [INFO]   [01] 시도별      :    90행
2026-05-17 01:17:52,944 [INFO]   [04] 성별·연령별 :    21행
2026-05-17 01:17:52,947 [INFO]   [09] 차종유형별  :    17행
2026-05-17 01:17:52,990 [ERROR] 오류 발생, 롤백: 'sregistered_count'
Traceback (most recent call last):
  File "c:\SKN_main_project1\load_to_db.py", line 387, in process_file
    total += upsert_fuel(conn, r10)
             ^^^^^^^^^^^^^^^^^^^^^^
  File "c:\SKN_main_project1\load_to_db.py", line 329, in upsert_fuel
    return insert_many(conn, """
           ^^^^^^^^^^^^^^^^^^^^^
  File "c:\SKN_main_project1\load_to_db.py", line 294, in insert_many
    cur.executemany(sql, data)
  File "C:\SKN_main_project1\.venv\Lib\site-packages\pymysql\cursors.py", line 182, in executemany
    return self._do_execute_many(
           ^^^^^^^^^^^^^^^^^^^^^^
  File "C:\SKN_main_project1\.venv\Lib\site-packages\pymysql\cursors.py", line 205, in _do_execute_many
    v = values % escape(next(args), conn)
        ~~~~~~~^~~~~~~~~~~~~~~~~~~~~~~~~~
KeyError: 'sregistered_count'
2026-05-17 01:17:52,990 [INFO] 처리 시작: 2024년_03월_자동차_등록자료_통계.xlsx (202403)
2026-05-17 01:17:53,634 [INFO]   [01] 시도별      :    90행
2026-05-17 01:17:53,638 [INFO]   [04] 성별·연령별 :    21행
2026-05-17 01:17:53,641 [INFO]   [09] 차종유형별  :    17행
2026-05-17 01:17:53,668 [ERROR] 오류 발생, 롤백: 'sregistered_count'
Traceback (most recent call last):
  File "c:\SKN_main_project1\load_to_db.py", line 387, in process_file
    total += upsert_fuel(conn, r10)
             ^^^^^^^^^^^^^^^^^^^^^^
  File "c:\SKN_main_project1\load_to_db.py", line 329, in upsert_fuel
    return insert_many(conn, """
           ^^^^^^^^^^^^^^^^^^^^^
  File "c:\SKN_main_project1\load_to_db.py", line 294, in insert_many
    cur.executemany(sql, data)
  File "C:\SKN_main_project1\.venv\Lib\site-packages\pymysql\cursors.py", line 182, in executemany
    return self._do_execute_many(
           ^^^^^^^^^^^^^^^^^^^^^^
  File "C:\SKN_main_project1\.venv\Lib\site-packages\pymysql\cursors.py", line 205, in _do_execute_many
    v = values % escape(next(args), conn)
        ~~~~~~~^~~~~~~~~~~~~~~~~~~~~~~~~~
KeyError: 'sregistered_count'
2026-05-17 01:17:53,669 [INFO] 처리 시작: 2024년_04월_자동차_등록자료_통계.xlsx (202404)
2026-05-17 01:17:54,296 [INFO]   [01] 시도별      :    90행
2026-05-17 01:17:54,300 [INFO]   [04] 성별·연령별 :    21행
2026-05-17 01:17:54,304 [INFO]   [09] 차종유형별  :    17행
2026-05-17 01:17:54,333 [ERROR] 오류 발생, 롤백: 'sregistered_count'
Traceback (most recent call last):
  File "c:\SKN_main_project1\load_to_db.py", line 387, in process_file
    total += upsert_fuel(conn, r10)
             ^^^^^^^^^^^^^^^^^^^^^^
  File "c:\SKN_main_project1\load_to_db.py", line 329, in upsert_fuel
    return insert_many(conn, """
           ^^^^^^^^^^^^^^^^^^^^^
  File "c:\SKN_main_project1\load_to_db.py", line 294, in insert_many
    cur.executemany(sql, data)
  File "C:\SKN_main_project1\.venv\Lib\site-packages\pymysql\cursors.py", line 182, in executemany
    return self._do_execute_many(
           ^^^^^^^^^^^^^^^^^^^^^^
  File "C:\SKN_main_project1\.venv\Lib\site-packages\pymysql\cursors.py", line 205, in _do_execute_many
    v = values % escape(next(args), conn)
        ~~~~~~~^~~~~~~~~~~~~~~~~~~~~~~~~~
KeyError: 'sregistered_count'
2026-05-17 01:17:54,333 [INFO] 처리 시작: 2024년_05월_자동차_등록자료_통계.xlsx (202405)
2026-05-17 01:17:54,950 [INFO]   [01] 시도별      :    90행
2026-05-17 01:17:54,953 [INFO]   [04] 성별·연령별 :    21행
2026-05-17 01:17:54,956 [INFO]   [09] 차종유형별  :    17행
2026-05-17 01:17:54,985 [ERROR] 오류 발생, 롤백: 'sregistered_count'
Traceback (most recent call last):
  File "c:\SKN_main_project1\load_to_db.py", line 387, in process_file
    total += upsert_fuel(conn, r10)
             ^^^^^^^^^^^^^^^^^^^^^^
  File "c:\SKN_main_project1\load_to_db.py", line 329, in upsert_fuel
    return insert_many(conn, """
           ^^^^^^^^^^^^^^^^^^^^^
  File "c:\SKN_main_project1\load_to_db.py", line 294, in insert_many
    cur.executemany(sql, data)
  File "C:\SKN_main_project1\.venv\Lib\site-packages\pymysql\cursors.py", line 182, in executemany
    return self._do_execute_many(
           ^^^^^^^^^^^^^^^^^^^^^^
  File "C:\SKN_main_project1\.venv\Lib\site-packages\pymysql\cursors.py", line 205, in _do_execute_many
    v = values % escape(next(args), conn)
        ~~~~~~~^~~~~~~~~~~~~~~~~~~~~~~~~~
KeyError: 'sregistered_count'
2026-05-17 01:17:54,986 [INFO] 처리 시작: 2024년_06월_자동차_등록자료_통계.xlsx (202406)
2026-05-17 01:17:55,610 [INFO]   [01] 시도별      :    90행
2026-05-17 01:17:55,613 [INFO]   [04] 성별·연령별 :    21행
2026-05-17 01:17:55,616 [INFO]   [09] 차종유형별  :    17행
2026-05-17 01:17:55,644 [ERROR] 오류 발생, 롤백: 'sregistered_count'
Traceback (most recent call last):
  File "c:\SKN_main_project1\load_to_db.py", line 387, in process_file
    total += upsert_fuel(conn, r10)
             ^^^^^^^^^^^^^^^^^^^^^^
  File "c:\SKN_main_project1\load_to_db.py", line 329, in upsert_fuel
    return insert_many(conn, """
           ^^^^^^^^^^^^^^^^^^^^^
  File "c:\SKN_main_project1\load_to_db.py", line 294, in insert_many
    cur.executemany(sql, data)
  File "C:\SKN_main_project1\.venv\Lib\site-packages\pymysql\cursors.py", line 182, in executemany
    return self._do_execute_many(
           ^^^^^^^^^^^^^^^^^^^^^^
  File "C:\SKN_main_project1\.venv\Lib\site-packages\pymysql\cursors.py", line 205, in _do_execute_many
    v = values % escape(next(args), conn)
        ~~~~~~~^~~~~~~~~~~~~~~~~~~~~~~~~~
KeyError: 'sregistered_count'
2026-05-17 01:17:55,645 [INFO] 처리 시작: 2024년_07월_자동차_등록자료_통계.xlsx (202407)
2026-05-17 01:17:56,267 [INFO]   [01] 시도별      :    90행
2026-05-17 01:17:56,275 [INFO]   [04] 성별·연령별 :    21행
2026-05-17 01:17:56,278 [INFO]   [09] 차종유형별  :    17행
2026-05-17 01:17:56,306 [ERROR] 오류 발생, 롤백: 'sregistered_count'
Traceback (most recent call last):
  File "c:\SKN_main_project1\load_to_db.py", line 387, in process_file
    total += upsert_fuel(conn, r10)
             ^^^^^^^^^^^^^^^^^^^^^^
  File "c:\SKN_main_project1\load_to_db.py", line 329, in upsert_fuel
    return insert_many(conn, """
           ^^^^^^^^^^^^^^^^^^^^^
  File "c:\SKN_main_project1\load_to_db.py", line 294, in insert_many
    cur.executemany(sql, data)
  File "C:\SKN_main_project1\.venv\Lib\site-packages\pymysql\cursors.py", line 182, in executemany
    return self._do_execute_many(
           ^^^^^^^^^^^^^^^^^^^^^^
  File "C:\SKN_main_project1\.venv\Lib\site-packages\pymysql\cursors.py", line 205, in _do_execute_many
    v = values % escape(next(args), conn)
        ~~~~~~~^~~~~~~~~~~~~~~~~~~~~~~~~~
KeyError: 'sregistered_count'
2026-05-17 01:17:56,307 [INFO] 처리 시작: 2024년_08월_자동차_등록자료_통계.xlsx (202408)
2026-05-17 01:17:56,925 [INFO]   [01] 시도별      :    90행
2026-05-17 01:17:56,929 [INFO]   [04] 성별·연령별 :    21행
2026-05-17 01:17:56,932 [INFO]   [09] 차종유형별  :    17행
2026-05-17 01:17:56,973 [ERROR] 오류 발생, 롤백: 'sregistered_count'
Traceback (most recent call last):
  File "c:\SKN_main_project1\load_to_db.py", line 387, in process_file
    total += upsert_fuel(conn, r10)
             ^^^^^^^^^^^^^^^^^^^^^^
  File "c:\SKN_main_project1\load_to_db.py", line 329, in upsert_fuel
    return insert_many(conn, """
           ^^^^^^^^^^^^^^^^^^^^^
  File "c:\SKN_main_project1\load_to_db.py", line 294, in insert_many
    cur.executemany(sql, data)
  File "C:\SKN_main_project1\.venv\Lib\site-packages\pymysql\cursors.py", line 182, in executemany
    return self._do_execute_many(
           ^^^^^^^^^^^^^^^^^^^^^^
  File "C:\SKN_main_project1\.venv\Lib\site-packages\pymysql\cursors.py", line 205, in _do_execute_many
    v = values % escape(next(args), conn)
        ~~~~~~~^~~~~~~~~~~~~~~~~~~~~~~~~~
KeyError: 'sregistered_count'
2026-05-17 01:17:56,974 [INFO] 처리 시작: 2024년_09월_자동차_등록자료_통계.xlsx (202409)
2026-05-17 01:17:57,593 [INFO]   [01] 시도별      :    90행
2026-05-17 01:17:57,597 [INFO]   [04] 성별·연령별 :    21행
2026-05-17 01:17:57,599 [INFO]   [09] 차종유형별  :    17행
2026-05-17 01:17:57,628 [ERROR] 오류 발생, 롤백: 'sregistered_count'
Traceback (most recent call last):
  File "c:\SKN_main_project1\load_to_db.py", line 387, in process_file
    total += upsert_fuel(conn, r10)
             ^^^^^^^^^^^^^^^^^^^^^^
  File "c:\SKN_main_project1\load_to_db.py", line 329, in upsert_fuel
    return insert_many(conn, """
           ^^^^^^^^^^^^^^^^^^^^^
  File "c:\SKN_main_project1\load_to_db.py", line 294, in insert_many
    cur.executemany(sql, data)
  File "C:\SKN_main_project1\.venv\Lib\site-packages\pymysql\cursors.py", line 182, in executemany
    return self._do_execute_many(
           ^^^^^^^^^^^^^^^^^^^^^^
  File "C:\SKN_main_project1\.venv\Lib\site-packages\pymysql\cursors.py", line 205, in _do_execute_many
    v = values % escape(next(args), conn)
        ~~~~~~~^~~~~~~~~~~~~~~~~~~~~~~~~~
KeyError: 'sregistered_count'
2026-05-17 01:17:57,629 [INFO] 처리 시작: 2024년_10월_자동차_등록자료_통계.xlsx (202410)
2026-05-17 01:17:58,251 [INFO]   [01] 시도별      :    90행
2026-05-17 01:17:58,255 [INFO]   [04] 성별·연령별 :    21행
2026-05-17 01:17:58,257 [INFO]   [09] 차종유형별  :    17행
2026-05-17 01:17:58,290 [ERROR] 오류 발생, 롤백: 'sregistered_count'
Traceback (most recent call last):
  File "c:\SKN_main_project1\load_to_db.py", line 387, in process_file
    total += upsert_fuel(conn, r10)
             ^^^^^^^^^^^^^^^^^^^^^^
  File "c:\SKN_main_project1\load_to_db.py", line 329, in upsert_fuel
    return insert_many(conn, """
           ^^^^^^^^^^^^^^^^^^^^^
  File "c:\SKN_main_project1\load_to_db.py", line 294, in insert_many
    cur.executemany(sql, data)
  File "C:\SKN_main_project1\.venv\Lib\site-packages\pymysql\cursors.py", line 182, in executemany
    return self._do_execute_many(
           ^^^^^^^^^^^^^^^^^^^^^^
  File "C:\SKN_main_project1\.venv\Lib\site-packages\pymysql\cursors.py", line 205, in _do_execute_many
    v = values % escape(next(args), conn)
        ~~~~~~~^~~~~~~~~~~~~~~~~~~~~~~~~~
KeyError: 'sregistered_count'
2026-05-17 01:17:58,291 [INFO] 처리 시작: 2024년_11월_자동차_등록자료_통계.xlsx (202411)
2026-05-17 01:17:58,910 [INFO]   [01] 시도별      :    90행
2026-05-17 01:17:58,914 [INFO]   [04] 성별·연령별 :    21행
2026-05-17 01:17:58,916 [INFO]   [09] 차종유형별  :    17행
2026-05-17 01:17:58,945 [ERROR] 오류 발생, 롤백: 'sregistered_count'
Traceback (most recent call last):
  File "c:\SKN_main_project1\load_to_db.py", line 387, in process_file
    total += upsert_fuel(conn, r10)
             ^^^^^^^^^^^^^^^^^^^^^^
  File "c:\SKN_main_project1\load_to_db.py", line 329, in upsert_fuel
    return insert_many(conn, """
           ^^^^^^^^^^^^^^^^^^^^^
  File "c:\SKN_main_project1\load_to_db.py", line 294, in insert_many
    cur.executemany(sql, data)
  File "C:\SKN_main_project1\.venv\Lib\site-packages\pymysql\cursors.py", line 182, in executemany
    return self._do_execute_many(
           ^^^^^^^^^^^^^^^^^^^^^^
  File "C:\SKN_main_project1\.venv\Lib\site-packages\pymysql\cursors.py", line 205, in _do_execute_many
    v = values % escape(next(args), conn)
        ~~~~~~~^~~~~~~~~~~~~~~~~~~~~~~~~~
KeyError: 'sregistered_count'
2026-05-17 01:17:58,946 [INFO] 처리 시작: 2024년_12월_자동차_등록자료_통계.xlsx (202412)
2026-05-17 01:17:59,561 [INFO]   [01] 시도별      :    90행
2026-05-17 01:17:59,564 [INFO]   [04] 성별·연령별 :    21행
2026-05-17 01:17:59,567 [INFO]   [09] 차종유형별  :    17행
2026-05-17 01:17:59,596 [ERROR] 오류 발생, 롤백: 'sregistered_count'
Traceback (most recent call last):
  File "c:\SKN_main_project1\load_to_db.py", line 387, in process_file
    total += upsert_fuel(conn, r10)
             ^^^^^^^^^^^^^^^^^^^^^^
  File "c:\SKN_main_project1\load_to_db.py", line 329, in upsert_fuel
    return insert_many(conn, """
           ^^^^^^^^^^^^^^^^^^^^^
  File "c:\SKN_main_project1\load_to_db.py", line 294, in insert_many
    cur.executemany(sql, data)
  File "C:\SKN_main_project1\.venv\Lib\site-packages\pymysql\cursors.py", line 182, in executemany
    return self._do_execute_many(
           ^^^^^^^^^^^^^^^^^^^^^^
  File "C:\SKN_main_project1\.venv\Lib\site-packages\pymysql\cursors.py", line 205, in _do_execute_many
    v = values % escape(next(args), conn)
        ~~~~~~~^~~~~~~~~~~~~~~~~~~~~~~~~~
KeyError: 'sregistered_count'
2026-05-17 01:17:59,597 [INFO] 처리 시작: 2025년_01월_자동차_등록자료_통계.xlsx (202501)
2026-05-17 01:18:00,220 [INFO]   [01] 시도별      :    90행
2026-05-17 01:18:00,225 [INFO]   [04] 성별·연령별 :    21행
2026-05-17 01:18:00,229 [INFO]   [09] 차종유형별  :    17행
2026-05-17 01:18:00,256 [ERROR] 오류 발생, 롤백: 'sregistered_count'
Traceback (most recent call last):
  File "c:\SKN_main_project1\load_to_db.py", line 387, in process_file
    total += upsert_fuel(conn, r10)
             ^^^^^^^^^^^^^^^^^^^^^^
  File "c:\SKN_main_project1\load_to_db.py", line 329, in upsert_fuel
    return insert_many(conn, """
           ^^^^^^^^^^^^^^^^^^^^^
  File "c:\SKN_main_project1\load_to_db.py", line 294, in insert_many
    cur.executemany(sql, data)
  File "C:\SKN_main_project1\.venv\Lib\site-packages\pymysql\cursors.py", line 182, in executemany
    return self._do_execute_many(
           ^^^^^^^^^^^^^^^^^^^^^^
  File "C:\SKN_main_project1\.venv\Lib\site-packages\pymysql\cursors.py", line 205, in _do_execute_many
    v = values % escape(next(args), conn)
        ~~~~~~~^~~~~~~~~~~~~~~~~~~~~~~~~~
KeyError: 'sregistered_count'
2026-05-17 01:18:00,257 [INFO] 처리 시작: 2025년_02월_자동차_등록자료_통계.xlsx (202502)
2026-05-17 01:18:00,878 [INFO]   [01] 시도별      :    90행
2026-05-17 01:18:00,881 [INFO]   [04] 성별·연령별 :    21행
2026-05-17 01:18:00,883 [INFO]   [09] 차종유형별  :    17행
2026-05-17 01:18:00,913 [ERROR] 오류 발생, 롤백: 'sregistered_count'
Traceback (most recent call last):
  File "c:\SKN_main_project1\load_to_db.py", line 387, in process_file
    total += upsert_fuel(conn, r10)
             ^^^^^^^^^^^^^^^^^^^^^^
  File "c:\SKN_main_project1\load_to_db.py", line 329, in upsert_fuel
    return insert_many(conn, """
           ^^^^^^^^^^^^^^^^^^^^^
  File "c:\SKN_main_project1\load_to_db.py", line 294, in insert_many
    cur.executemany(sql, data)
  File "C:\SKN_main_project1\.venv\Lib\site-packages\pymysql\cursors.py", line 182, in executemany
    return self._do_execute_many(
           ^^^^^^^^^^^^^^^^^^^^^^
  File "C:\SKN_main_project1\.venv\Lib\site-packages\pymysql\cursors.py", line 205, in _do_execute_many
    v = values % escape(next(args), conn)
        ~~~~~~~^~~~~~~~~~~~~~~~~~~~~~~~~~
KeyError: 'sregistered_count'
2026-05-17 01:18:00,913 [INFO] 처리 시작: 2025년_03월_자동차_등록자료_통계.xlsx (202503)
2026-05-17 01:18:01,553 [INFO]   [01] 시도별      :    90행
2026-05-17 01:18:01,556 [INFO]   [04] 성별·연령별 :    21행
2026-05-17 01:18:01,560 [INFO]   [09] 차종유형별  :    17행
2026-05-17 01:18:01,588 [ERROR] 오류 발생, 롤백: 'sregistered_count'
Traceback (most recent call last):
  File "c:\SKN_main_project1\load_to_db.py", line 387, in process_file
    total += upsert_fuel(conn, r10)
             ^^^^^^^^^^^^^^^^^^^^^^
  File "c:\SKN_main_project1\load_to_db.py", line 329, in upsert_fuel
    return insert_many(conn, """
           ^^^^^^^^^^^^^^^^^^^^^
  File "c:\SKN_main_project1\load_to_db.py", line 294, in insert_many
    cur.executemany(sql, data)
  File "C:\SKN_main_project1\.venv\Lib\site-packages\pymysql\cursors.py", line 182, in executemany
    return self._do_execute_many(
           ^^^^^^^^^^^^^^^^^^^^^^
  File "C:\SKN_main_project1\.venv\Lib\site-packages\pymysql\cursors.py", line 205, in _do_execute_many
    v = values % escape(next(args), conn)
        ~~~~~~~^~~~~~~~~~~~~~~~~~~~~~~~~~
KeyError: 'sregistered_count'
2026-05-17 01:18:01,589 [INFO] 처리 시작: 2025년_04월_자동차_등록자료_통계.xlsx (202504)
2026-05-17 01:18:02,210 [INFO]   [01] 시도별      :    90행
2026-05-17 01:18:02,213 [INFO]   [04] 성별·연령별 :    21행
2026-05-17 01:18:02,216 [INFO]   [09] 차종유형별  :    17행
2026-05-17 01:18:02,245 [ERROR] 오류 발생, 롤백: 'sregistered_count'
Traceback (most recent call last):
  File "c:\SKN_main_project1\load_to_db.py", line 387, in process_file
    total += upsert_fuel(conn, r10)
             ^^^^^^^^^^^^^^^^^^^^^^
  File "c:\SKN_main_project1\load_to_db.py", line 329, in upsert_fuel
    return insert_many(conn, """
           ^^^^^^^^^^^^^^^^^^^^^
  File "c:\SKN_main_project1\load_to_db.py", line 294, in insert_many
    cur.executemany(sql, data)
  File "C:\SKN_main_project1\.venv\Lib\site-packages\pymysql\cursors.py", line 182, in executemany
    return self._do_execute_many(
           ^^^^^^^^^^^^^^^^^^^^^^
  File "C:\SKN_main_project1\.venv\Lib\site-packages\pymysql\cursors.py", line 205, in _do_execute_many
    v = values % escape(next(args), conn)
        ~~~~~~~^~~~~~~~~~~~~~~~~~~~~~~~~~
KeyError: 'sregistered_count'
2026-05-17 01:18:02,246 [INFO] 처리 시작: 2025년_05월_자동차_등록자료_통계.xlsx (202505)
2026-05-17 01:18:02,861 [INFO]   [01] 시도별      :    90행
2026-05-17 01:18:02,865 [INFO]   [04] 성별·연령별 :    21행
2026-05-17 01:18:02,868 [INFO]   [09] 차종유형별  :    17행
2026-05-17 01:18:02,897 [ERROR] 오류 발생, 롤백: 'sregistered_count'
Traceback (most recent call last):
  File "c:\SKN_main_project1\load_to_db.py", line 387, in process_file
    total += upsert_fuel(conn, r10)
             ^^^^^^^^^^^^^^^^^^^^^^
  File "c:\SKN_main_project1\load_to_db.py", line 329, in upsert_fuel
    return insert_many(conn, """
           ^^^^^^^^^^^^^^^^^^^^^
  File "c:\SKN_main_project1\load_to_db.py", line 294, in insert_many
    cur.executemany(sql, data)
  File "C:\SKN_main_project1\.venv\Lib\site-packages\pymysql\cursors.py", line 182, in executemany
    return self._do_execute_many(
           ^^^^^^^^^^^^^^^^^^^^^^
  File "C:\SKN_main_project1\.venv\Lib\site-packages\pymysql\cursors.py", line 205, in _do_execute_many
    v = values % escape(next(args), conn)
        ~~~~~~~^~~~~~~~~~~~~~~~~~~~~~~~~~
KeyError: 'sregistered_count'
2026-05-17 01:18:02,898 [INFO] 처리 시작: 2025년_06월_자동차_등록자료_통계.xlsx (202506)
2026-05-17 01:18:03,523 [INFO]   [01] 시도별      :    90행
2026-05-17 01:18:03,527 [INFO]   [04] 성별·연령별 :    21행
2026-05-17 01:18:03,531 [INFO]   [09] 차종유형별  :    17행
2026-05-17 01:18:03,558 [ERROR] 오류 발생, 롤백: 'sregistered_count'
Traceback (most recent call last):
  File "c:\SKN_main_project1\load_to_db.py", line 387, in process_file
    total += upsert_fuel(conn, r10)
             ^^^^^^^^^^^^^^^^^^^^^^
  File "c:\SKN_main_project1\load_to_db.py", line 329, in upsert_fuel
    return insert_many(conn, """
           ^^^^^^^^^^^^^^^^^^^^^
  File "c:\SKN_main_project1\load_to_db.py", line 294, in insert_many
    cur.executemany(sql, data)
  File "C:\SKN_main_project1\.venv\Lib\site-packages\pymysql\cursors.py", line 182, in executemany
    return self._do_execute_many(
           ^^^^^^^^^^^^^^^^^^^^^^
  File "C:\SKN_main_project1\.venv\Lib\site-packages\pymysql\cursors.py", line 205, in _do_execute_many
    v = values % escape(next(args), conn)
        ~~~~~~~^~~~~~~~~~~~~~~~~~~~~~~~~~
KeyError: 'sregistered_count'
2026-05-17 01:18:03,558 [INFO] 처리 시작: 2025년_07월_자동차_등록자료_통계.xlsx (202507)
2026-05-17 01:18:04,185 [INFO]   [01] 시도별      :    90행
2026-05-17 01:18:04,190 [INFO]   [04] 성별·연령별 :    21행
2026-05-17 01:18:04,195 [INFO]   [09] 차종유형별  :    17행
2026-05-17 01:18:04,223 [ERROR] 오류 발생, 롤백: 'sregistered_count'
Traceback (most recent call last):
  File "c:\SKN_main_project1\load_to_db.py", line 387, in process_file
    total += upsert_fuel(conn, r10)
             ^^^^^^^^^^^^^^^^^^^^^^
  File "c:\SKN_main_project1\load_to_db.py", line 329, in upsert_fuel
    return insert_many(conn, """
           ^^^^^^^^^^^^^^^^^^^^^
  File "c:\SKN_main_project1\load_to_db.py", line 294, in insert_many
    cur.executemany(sql, data)
  File "C:\SKN_main_project1\.venv\Lib\site-packages\pymysql\cursors.py", line 182, in executemany
    return self._do_execute_many(
           ^^^^^^^^^^^^^^^^^^^^^^
  File "C:\SKN_main_project1\.venv\Lib\site-packages\pymysql\cursors.py", line 205, in _do_execute_many
    v = values % escape(next(args), conn)
        ~~~~~~~^~~~~~~~~~~~~~~~~~~~~~~~~~
KeyError: 'sregistered_count'
2026-05-17 01:18:04,224 [INFO] 처리 시작: 2025년_08월_자동차_등록자료_통계.xlsx (202508)
2026-05-17 01:18:04,855 [INFO]   [01] 시도별      :    90행
2026-05-17 01:18:04,861 [INFO]   [04] 성별·연령별 :    21행
2026-05-17 01:18:04,865 [INFO]   [09] 차종유형별  :    17행
2026-05-17 01:18:04,896 [ERROR] 오류 발생, 롤백: 'sregistered_count'
Traceback (most recent call last):
  File "c:\SKN_main_project1\load_to_db.py", line 387, in process_file
    total += upsert_fuel(conn, r10)
             ^^^^^^^^^^^^^^^^^^^^^^
  File "c:\SKN_main_project1\load_to_db.py", line 329, in upsert_fuel
    return insert_many(conn, """
           ^^^^^^^^^^^^^^^^^^^^^
  File "c:\SKN_main_project1\load_to_db.py", line 294, in insert_many
    cur.executemany(sql, data)
  File "C:\SKN_main_project1\.venv\Lib\site-packages\pymysql\cursors.py", line 182, in executemany
    return self._do_execute_many(
           ^^^^^^^^^^^^^^^^^^^^^^
  File "C:\SKN_main_project1\.venv\Lib\site-packages\pymysql\cursors.py", line 205, in _do_execute_many
    v = values % escape(next(args), conn)
        ~~~~~~~^~~~~~~~~~~~~~~~~~~~~~~~~~
KeyError: 'sregistered_count'
2026-05-17 01:18:04,897 [INFO] 처리 시작: 2025년_09월_자동차_등록자료_통계.xlsx (202509)
2026-05-17 01:18:05,534 [INFO]   [01] 시도별      :    90행
2026-05-17 01:18:05,538 [INFO]   [04] 성별·연령별 :    21행
2026-05-17 01:18:05,542 [INFO]   [09] 차종유형별  :    17행
2026-05-17 01:18:05,577 [ERROR] 오류 발생, 롤백: 'sregistered_count'
Traceback (most recent call last):
  File "c:\SKN_main_project1\load_to_db.py", line 387, in process_file
    total += upsert_fuel(conn, r10)
             ^^^^^^^^^^^^^^^^^^^^^^
  File "c:\SKN_main_project1\load_to_db.py", line 329, in upsert_fuel
    return insert_many(conn, """
           ^^^^^^^^^^^^^^^^^^^^^
  File "c:\SKN_main_project1\load_to_db.py", line 294, in insert_many
    cur.executemany(sql, data)
  File "C:\SKN_main_project1\.venv\Lib\site-packages\pymysql\cursors.py", line 182, in executemany
    return self._do_execute_many(
           ^^^^^^^^^^^^^^^^^^^^^^
  File "C:\SKN_main_project1\.venv\Lib\site-packages\pymysql\cursors.py", line 205, in _do_execute_many
    v = values % escape(next(args), conn)
        ~~~~~~~^~~~~~~~~~~~~~~~~~~~~~~~~~
KeyError: 'sregistered_count'
2026-05-17 01:18:05,578 [INFO] 처리 시작: 2025년_10월_자동차_등록자료_통계.xlsx (202510)
2026-05-17 01:18:06,207 [INFO]   [01] 시도별      :    90행
2026-05-17 01:18:06,210 [INFO]   [04] 성별·연령별 :    21행
2026-05-17 01:18:06,214 [INFO]   [09] 차종유형별  :    17행
2026-05-17 01:18:06,242 [ERROR] 오류 발생, 롤백: 'sregistered_count'
Traceback (most recent call last):
  File "c:\SKN_main_project1\load_to_db.py", line 387, in process_file
    total += upsert_fuel(conn, r10)
             ^^^^^^^^^^^^^^^^^^^^^^
  File "c:\SKN_main_project1\load_to_db.py", line 329, in upsert_fuel
    return insert_many(conn, """
           ^^^^^^^^^^^^^^^^^^^^^
  File "c:\SKN_main_project1\load_to_db.py", line 294, in insert_many
    cur.executemany(sql, data)
  File "C:\SKN_main_project1\.venv\Lib\site-packages\pymysql\cursors.py", line 182, in executemany
    return self._do_execute_many(
           ^^^^^^^^^^^^^^^^^^^^^^
  File "C:\SKN_main_project1\.venv\Lib\site-packages\pymysql\cursors.py", line 205, in _do_execute_many
    v = values % escape(next(args), conn)
        ~~~~~~~^~~~~~~~~~~~~~~~~~~~~~~~~~
KeyError: 'sregistered_count'
2026-05-17 01:18:06,242 [INFO] 처리 시작: 2025년_11월_자동차_등록자료_통계.xlsx (202511)
2026-05-17 01:18:06,909 [INFO]   [01] 시도별      :    90행
2026-05-17 01:18:06,912 [INFO]   [04] 성별·연령별 :    21행
2026-05-17 01:18:06,916 [INFO]   [09] 차종유형별  :    17행
2026-05-17 01:18:06,948 [ERROR] 오류 발생, 롤백: 'sregistered_count'
Traceback (most recent call last):
  File "c:\SKN_main_project1\load_to_db.py", line 387, in process_file
    total += upsert_fuel(conn, r10)
             ^^^^^^^^^^^^^^^^^^^^^^
  File "c:\SKN_main_project1\load_to_db.py", line 329, in upsert_fuel
    return insert_many(conn, """
           ^^^^^^^^^^^^^^^^^^^^^
  File "c:\SKN_main_project1\load_to_db.py", line 294, in insert_many
    cur.executemany(sql, data)
  File "C:\SKN_main_project1\.venv\Lib\site-packages\pymysql\cursors.py", line 182, in executemany
    return self._do_execute_many(
           ^^^^^^^^^^^^^^^^^^^^^^
  File "C:\SKN_main_project1\.venv\Lib\site-packages\pymysql\cursors.py", line 205, in _do_execute_many
    v = values % escape(next(args), conn)
        ~~~~~~~^~~~~~~~~~~~~~~~~~~~~~~~~~
KeyError: 'sregistered_count'
2026-05-17 01:18:06,949 [INFO] 처리 시작: 2025년_12월_자동차_등록자료_통계.xlsx (202512)
2026-05-17 01:18:07,632 [INFO]   [01] 시도별      :    90행
2026-05-17 01:18:07,635 [INFO]   [04] 성별·연령별 :    21행
2026-05-17 01:18:07,638 [INFO]   [09] 차종유형별  :    17행
2026-05-17 01:18:07,667 [ERROR] 오류 발생, 롤백: 'sregistered_count'
Traceback (most recent call last):
  File "c:\SKN_main_project1\load_to_db.py", line 387, in process_file
    total += upsert_fuel(conn, r10)
             ^^^^^^^^^^^^^^^^^^^^^^
  File "c:\SKN_main_project1\load_to_db.py", line 329, in upsert_fuel
    return insert_many(conn, """
           ^^^^^^^^^^^^^^^^^^^^^
  File "c:\SKN_main_project1\load_to_db.py", line 294, in insert_many
    cur.executemany(sql, data)
  File "C:\SKN_main_project1\.venv\Lib\site-packages\pymysql\cursors.py", line 182, in executemany
    return self._do_execute_many(
           ^^^^^^^^^^^^^^^^^^^^^^
  File "C:\SKN_main_project1\.venv\Lib\site-packages\pymysql\cursors.py", line 205, in _do_execute_many
    v = values % escape(next(args), conn)
        ~~~~~~~^~~~~~~~~~~~~~~~~~~~~~~~~~
KeyError: 'sregistered_count'
2026-05-17 01:18:07,668 [INFO] 처리 시작: 2026년_01월_자동차_등록자료_통계.xlsx (202601)
2026-05-17 01:18:08,354 [INFO]   [01] 시도별      :    90행
2026-05-17 01:18:08,358 [INFO]   [04] 성별·연령별 :    21행
2026-05-17 01:18:08,362 [INFO]   [09] 차종유형별  :    17행
2026-05-17 01:18:08,390 [ERROR] 오류 발생, 롤백: 'sregistered_count'
Traceback (most recent call last):
  File "c:\SKN_main_project1\load_to_db.py", line 387, in process_file
    total += upsert_fuel(conn, r10)
             ^^^^^^^^^^^^^^^^^^^^^^
  File "c:\SKN_main_project1\load_to_db.py", line 329, in upsert_fuel
    return insert_many(conn, """
           ^^^^^^^^^^^^^^^^^^^^^
  File "c:\SKN_main_project1\load_to_db.py", line 294, in insert_many
    cur.executemany(sql, data)
  File "C:\SKN_main_project1\.venv\Lib\site-packages\pymysql\cursors.py", line 182, in executemany
    return self._do_execute_many(
           ^^^^^^^^^^^^^^^^^^^^^^
  File "C:\SKN_main_project1\.venv\Lib\site-packages\pymysql\cursors.py", line 205, in _do_execute_many
    v = values % escape(next(args), conn)
        ~~~~~~~^~~~~~~~~~~~~~~~~~~~~~~~~~
KeyError: 'sregistered_count'
2026-05-17 01:18:08,391 [INFO] 처리 시작: 2026년_02월_자동차_등록자료_통계.xlsx (202602)
2026-05-17 01:18:09,068 [INFO]   [01] 시도별      :    90행
2026-05-17 01:18:09,073 [INFO]   [04] 성별·연령별 :    21행
2026-05-17 01:18:09,077 [INFO]   [09] 차종유형별  :    17행
2026-05-17 01:18:09,105 [ERROR] 오류 발생, 롤백: 'sregistered_count'
Traceback (most recent call last):
  File "c:\SKN_main_project1\load_to_db.py", line 387, in process_file
    total += upsert_fuel(conn, r10)
             ^^^^^^^^^^^^^^^^^^^^^^
  File "c:\SKN_main_project1\load_to_db.py", line 329, in upsert_fuel
    return insert_many(conn, """
           ^^^^^^^^^^^^^^^^^^^^^
  File "c:\SKN_main_project1\load_to_db.py", line 294, in insert_many
    cur.executemany(sql, data)
  File "C:\SKN_main_project1\.venv\Lib\site-packages\pymysql\cursors.py", line 182, in executemany
    return self._do_execute_many(
           ^^^^^^^^^^^^^^^^^^^^^^
  File "C:\SKN_main_project1\.venv\Lib\site-packages\pymysql\cursors.py", line 205, in _do_execute_many
    v = values % escape(next(args), conn)
        ~~~~~~~^~~~~~~~~~~~~~~~~~~~~~~~~~
KeyError: 'sregistered_count'
2026-05-17 01:18:09,107 [INFO] 처리 시작: 2026년_03월_자동차_등록자료_통계.xlsx (202603)
2026-05-17 01:18:09,768 [INFO]   [01] 시도별      :    90행
2026-05-17 01:18:09,771 [INFO]   [04] 성별·연령별 :    21행
2026-05-17 01:18:09,774 [INFO]   [09] 차종유형별  :    17행
2026-05-17 01:18:09,805 [ERROR] 오류 발생, 롤백: 'sregistered_count'
Traceback (most recent call last):
  File "c:\SKN_main_project1\load_to_db.py", line 387, in process_file
    total += upsert_fuel(conn, r10)
             ^^^^^^^^^^^^^^^^^^^^^^
  File "c:\SKN_main_project1\load_to_db.py", line 329, in upsert_fuel
    return insert_many(conn, """
           ^^^^^^^^^^^^^^^^^^^^^
  File "c:\SKN_main_project1\load_to_db.py", line 294, in insert_many
    cur.executemany(sql, data)
  File "C:\SKN_main_project1\.venv\Lib\site-packages\pymysql\cursors.py", line 182, in executemany
    return self._do_execute_many(
           ^^^^^^^^^^^^^^^^^^^^^^
  File "C:\SKN_main_project1\.venv\Lib\site-packages\pymysql\cursors.py", line 205, in _do_execute_many
    v = values % escape(next(args), conn)
        ~~~~~~~^~~~~~~~~~~~~~~~~~~~~~~~~~
KeyError: 'sregistered_count'
2026-05-17 01:18:09,805 [INFO] 처리 시작: 2026년_04월_자동차_등록자료_통계.xlsx (202604)
2026-05-17 01:18:10,492 [INFO]   [01] 시도별      :    90행
2026-05-17 01:18:10,495 [INFO]   [04] 성별·연령별 :    21행
2026-05-17 01:18:10,499 [INFO]   [09] 차종유형별  :    17행
2026-05-17 01:18:10,530 [ERROR] 오류 발생, 롤백: 'sregistered_count'
Traceback (most recent call last):
  File "c:\SKN_main_project1\load_to_db.py", line 387, in process_file
    total += upsert_fuel(conn, r10)
             ^^^^^^^^^^^^^^^^^^^^^^
  File "c:\SKN_main_project1\load_to_db.py", line 329, in upsert_fuel
    return insert_many(conn, """
           ^^^^^^^^^^^^^^^^^^^^^
  File "c:\SKN_main_project1\load_to_db.py", line 294, in insert_many
    cur.executemany(sql, data)
  File "C:\SKN_main_project1\.venv\Lib\site-packages\pymysql\cursors.py", line 182, in executemany
    return self._do_execute_many(
           ^^^^^^^^^^^^^^^^^^^^^^
  File "C:\SKN_main_project1\.venv\Lib\site-packages\pymysql\cursors.py", line 205, in _do_execute_many
    v = values % escape(next(args), conn)
        ~~~~~~~^~~~~~~~~~~~~~~~~~~~~~~~~~
KeyError: 'sregistered_count'
2026-05-17 01:18:10,531 [INFO] DB 최신 기준: None
2026-05-17 01:18:10,531 [INFO] ============================================================
2026-05-17 01:18:10,531 [INFO] 종료: 2026-05-17 01:18:10
2026-05-17 01:18:10,531 [INFO] ============================================================
2026-05-17 01:22:00,529 [INFO] ============================================================
2026-05-17 01:22:00,529 [INFO] 전국 자동차 등록 현황 DB 적재 시작
2026-05-17 01:22:00,529 [INFO] 시작: 2026-05-17 01:22:00
2026-05-17 01:22:00,529 [INFO] ============================================================
2026-05-17 01:22:00,529 [INFO] 발견 파일: 28개
2026-05-17 01:22:00,545 [INFO] DB 연결 성공
2026-05-17 01:22:00,561 [INFO] 신규 적재: 28개 (기적재 0개 스킵)
2026-05-17 01:22:00,561 [INFO] 처리 시작: 2024년_01월_자동차_등록자료_통계.xlsx (202401)
2026-05-17 01:22:01,244 [INFO]   [01] 시도별      :    90행
2026-05-17 01:22:01,249 [INFO]   [04] 성별·연령별 :    21행
2026-05-17 01:22:01,253 [INFO]   [09] 차종유형별  :    17행
2026-05-17 01:22:01,282 [ERROR] 오류 발생, 롤백: 'sregistered_count'
Traceback (most recent call last):
  File "c:\SKN_main_project1\load_to_db.py", line 387, in process_file
    total += upsert_fuel(conn, r10)
             ^^^^^^^^^^^^^^^^^^^^^^
  File "c:\SKN_main_project1\load_to_db.py", line 329, in upsert_fuel
    return insert_many(conn, """
           ^^^^^^^^^^^^^^^^^^^^^
  File "c:\SKN_main_project1\load_to_db.py", line 294, in insert_many
    cur.executemany(sql, data)
  File "C:\SKN_main_project1\.venv\Lib\site-packages\pymysql\cursors.py", line 182, in executemany
    return self._do_execute_many(
           ^^^^^^^^^^^^^^^^^^^^^^
  File "C:\SKN_main_project1\.venv\Lib\site-packages\pymysql\cursors.py", line 205, in _do_execute_many
    v = values % escape(next(args), conn)
        ~~~~~~~^~~~~~~~~~~~~~~~~~~~~~~~~~
KeyError: 'sregistered_count'
2026-05-17 01:22:01,282 [INFO] 처리 시작: 2024년_02월_자동차_등록자료_통계.xlsx (202402)
2026-05-17 01:22:02,031 [INFO]   [01] 시도별      :    90행
2026-05-17 01:22:02,036 [INFO]   [04] 성별·연령별 :    21행
2026-05-17 01:22:02,040 [INFO]   [09] 차종유형별  :    17행
2026-05-17 01:22:02,080 [ERROR] 오류 발생, 롤백: 'sregistered_count'
Traceback (most recent call last):
  File "c:\SKN_main_project1\load_to_db.py", line 387, in process_file
    total += upsert_fuel(conn, r10)
             ^^^^^^^^^^^^^^^^^^^^^^
  File "c:\SKN_main_project1\load_to_db.py", line 329, in upsert_fuel
    return insert_many(conn, """
           ^^^^^^^^^^^^^^^^^^^^^
  File "c:\SKN_main_project1\load_to_db.py", line 294, in insert_many
    cur.executemany(sql, data)
  File "C:\SKN_main_project1\.venv\Lib\site-packages\pymysql\cursors.py", line 182, in executemany
    return self._do_execute_many(
           ^^^^^^^^^^^^^^^^^^^^^^
  File "C:\SKN_main_project1\.venv\Lib\site-packages\pymysql\cursors.py", line 205, in _do_execute_many
    v = values % escape(next(args), conn)
        ~~~~~~~^~~~~~~~~~~~~~~~~~~~~~~~~~
KeyError: 'sregistered_count'
2026-05-17 01:22:02,080 [INFO] 처리 시작: 2024년_03월_자동차_등록자료_통계.xlsx (202403)
2026-05-17 01:22:02,757 [INFO]   [01] 시도별      :    90행
2026-05-17 01:22:02,757 [INFO]   [04] 성별·연령별 :    21행
2026-05-17 01:22:02,768 [INFO]   [09] 차종유형별  :    17행
2026-05-17 01:22:02,795 [ERROR] 오류 발생, 롤백: 'sregistered_count'
Traceback (most recent call last):
  File "c:\SKN_main_project1\load_to_db.py", line 387, in process_file
    total += upsert_fuel(conn, r10)
             ^^^^^^^^^^^^^^^^^^^^^^
  File "c:\SKN_main_project1\load_to_db.py", line 329, in upsert_fuel
    return insert_many(conn, """
           ^^^^^^^^^^^^^^^^^^^^^
  File "c:\SKN_main_project1\load_to_db.py", line 294, in insert_many
    cur.executemany(sql, data)
  File "C:\SKN_main_project1\.venv\Lib\site-packages\pymysql\cursors.py", line 182, in executemany
    return self._do_execute_many(
           ^^^^^^^^^^^^^^^^^^^^^^
  File "C:\SKN_main_project1\.venv\Lib\site-packages\pymysql\cursors.py", line 205, in _do_execute_many
    v = values % escape(next(args), conn)
        ~~~~~~~^~~~~~~~~~~~~~~~~~~~~~~~~~
KeyError: 'sregistered_count'
2026-05-17 01:22:02,796 [INFO] 처리 시작: 2024년_04월_자동차_등록자료_통계.xlsx (202404)
2026-05-17 01:22:03,417 [INFO]   [01] 시도별      :    90행
2026-05-17 01:22:03,417 [INFO]   [04] 성별·연령별 :    21행
2026-05-17 01:22:03,422 [INFO]   [09] 차종유형별  :    17행
2026-05-17 01:22:03,447 [ERROR] 오류 발생, 롤백: 'sregistered_count'
Traceback (most recent call last):
  File "c:\SKN_main_project1\load_to_db.py", line 387, in process_file
    total += upsert_fuel(conn, r10)
             ^^^^^^^^^^^^^^^^^^^^^^
  File "c:\SKN_main_project1\load_to_db.py", line 329, in upsert_fuel
    return insert_many(conn, """
           ^^^^^^^^^^^^^^^^^^^^^
  File "c:\SKN_main_project1\load_to_db.py", line 294, in insert_many
    cur.executemany(sql, data)
  File "C:\SKN_main_project1\.venv\Lib\site-packages\pymysql\cursors.py", line 182, in executemany
    return self._do_execute_many(
           ^^^^^^^^^^^^^^^^^^^^^^
  File "C:\SKN_main_project1\.venv\Lib\site-packages\pymysql\cursors.py", line 205, in _do_execute_many
    v = values % escape(next(args), conn)
        ~~~~~~~^~~~~~~~~~~~~~~~~~~~~~~~~~
KeyError: 'sregistered_count'
2026-05-17 01:22:03,447 [INFO] 처리 시작: 2024년_05월_자동차_등록자료_통계.xlsx (202405)
2026-05-17 01:22:04,051 [INFO]   [01] 시도별      :    90행
2026-05-17 01:22:04,070 [INFO]   [04] 성별·연령별 :    21행
2026-05-17 01:22:04,074 [INFO]   [09] 차종유형별  :    17행
2026-05-17 01:22:04,107 [ERROR] 오류 발생, 롤백: 'sregistered_count'
Traceback (most recent call last):
  File "c:\SKN_main_project1\load_to_db.py", line 387, in process_file
    total += upsert_fuel(conn, r10)
             ^^^^^^^^^^^^^^^^^^^^^^
  File "c:\SKN_main_project1\load_to_db.py", line 329, in upsert_fuel
    return insert_many(conn, """
           ^^^^^^^^^^^^^^^^^^^^^
  File "c:\SKN_main_project1\load_to_db.py", line 294, in insert_many
    cur.executemany(sql, data)
  File "C:\SKN_main_project1\.venv\Lib\site-packages\pymysql\cursors.py", line 182, in executemany
    return self._do_execute_many(
           ^^^^^^^^^^^^^^^^^^^^^^
  File "C:\SKN_main_project1\.venv\Lib\site-packages\pymysql\cursors.py", line 205, in _do_execute_many
    v = values % escape(next(args), conn)
        ~~~~~~~^~~~~~~~~~~~~~~~~~~~~~~~~~
KeyError: 'sregistered_count'
2026-05-17 01:22:04,107 [INFO] 처리 시작: 2024년_06월_자동차_등록자료_통계.xlsx (202406)
2026-05-17 01:22:04,802 [INFO]   [01] 시도별      :    90행
2026-05-17 01:22:04,802 [INFO]   [04] 성별·연령별 :    21행
2026-05-17 01:22:04,814 [INFO]   [09] 차종유형별  :    17행
2026-05-17 01:22:04,837 [ERROR] 오류 발생, 롤백: 'sregistered_count'
Traceback (most recent call last):
  File "c:\SKN_main_project1\load_to_db.py", line 387, in process_file
    total += upsert_fuel(conn, r10)
             ^^^^^^^^^^^^^^^^^^^^^^
  File "c:\SKN_main_project1\load_to_db.py", line 329, in upsert_fuel
    return insert_many(conn, """
           ^^^^^^^^^^^^^^^^^^^^^
  File "c:\SKN_main_project1\load_to_db.py", line 294, in insert_many
    cur.executemany(sql, data)
  File "C:\SKN_main_project1\.venv\Lib\site-packages\pymysql\cursors.py", line 182, in executemany
    return self._do_execute_many(
           ^^^^^^^^^^^^^^^^^^^^^^
  File "C:\SKN_main_project1\.venv\Lib\site-packages\pymysql\cursors.py", line 205, in _do_execute_many
    v = values % escape(next(args), conn)
        ~~~~~~~^~~~~~~~~~~~~~~~~~~~~~~~~~
KeyError: 'sregistered_count'
2026-05-17 01:22:04,837 [INFO] 처리 시작: 2024년_07월_자동차_등록자료_통계.xlsx (202407)
2026-05-17 01:22:05,471 [INFO]   [01] 시도별      :    90행
2026-05-17 01:22:05,471 [INFO]   [04] 성별·연령별 :    21행
2026-05-17 01:22:05,482 [INFO]   [09] 차종유형별  :    17행
2026-05-17 01:22:05,512 [ERROR] 오류 발생, 롤백: 'sregistered_count'
Traceback (most recent call last):
  File "c:\SKN_main_project1\load_to_db.py", line 387, in process_file
    total += upsert_fuel(conn, r10)
             ^^^^^^^^^^^^^^^^^^^^^^
  File "c:\SKN_main_project1\load_to_db.py", line 329, in upsert_fuel
    return insert_many(conn, """
           ^^^^^^^^^^^^^^^^^^^^^
  File "c:\SKN_main_project1\load_to_db.py", line 294, in insert_many
    cur.executemany(sql, data)
  File "C:\SKN_main_project1\.venv\Lib\site-packages\pymysql\cursors.py", line 182, in executemany
    return self._do_execute_many(
           ^^^^^^^^^^^^^^^^^^^^^^
  File "C:\SKN_main_project1\.venv\Lib\site-packages\pymysql\cursors.py", line 205, in _do_execute_many
    v = values % escape(next(args), conn)
        ~~~~~~~^~~~~~~~~~~~~~~~~~~~~~~~~~
KeyError: 'sregistered_count'
2026-05-17 01:22:05,512 [INFO] 처리 시작: 2024년_08월_자동차_등록자료_통계.xlsx (202408)
2026-05-17 01:22:06,168 [INFO]   [01] 시도별      :    90행
2026-05-17 01:22:06,171 [INFO]   [04] 성별·연령별 :    21행
2026-05-17 01:22:06,174 [INFO]   [09] 차종유형별  :    17행
2026-05-17 01:22:06,214 [ERROR] 오류 발생, 롤백: 'sregistered_count'
Traceback (most recent call last):
  File "c:\SKN_main_project1\load_to_db.py", line 387, in process_file
    total += upsert_fuel(conn, r10)
             ^^^^^^^^^^^^^^^^^^^^^^
  File "c:\SKN_main_project1\load_to_db.py", line 329, in upsert_fuel
    return insert_many(conn, """
           ^^^^^^^^^^^^^^^^^^^^^
  File "c:\SKN_main_project1\load_to_db.py", line 294, in insert_many
    cur.executemany(sql, data)
  File "C:\SKN_main_project1\.venv\Lib\site-packages\pymysql\cursors.py", line 182, in executemany
    return self._do_execute_many(
           ^^^^^^^^^^^^^^^^^^^^^^
  File "C:\SKN_main_project1\.venv\Lib\site-packages\pymysql\cursors.py", line 205, in _do_execute_many
    v = values % escape(next(args), conn)
        ~~~~~~~^~~~~~~~~~~~~~~~~~~~~~~~~~
KeyError: 'sregistered_count'
2026-05-17 01:22:06,215 [INFO] 처리 시작: 2024년_09월_자동차_등록자료_통계.xlsx (202409)
2026-05-17 01:22:06,831 [INFO]   [01] 시도별      :    90행
2026-05-17 01:22:06,834 [INFO]   [04] 성별·연령별 :    21행
2026-05-17 01:22:06,837 [INFO]   [09] 차종유형별  :    17행
2026-05-17 01:22:06,866 [ERROR] 오류 발생, 롤백: 'sregistered_count'
Traceback (most recent call last):
  File "c:\SKN_main_project1\load_to_db.py", line 387, in process_file
    total += upsert_fuel(conn, r10)
             ^^^^^^^^^^^^^^^^^^^^^^
  File "c:\SKN_main_project1\load_to_db.py", line 329, in upsert_fuel
    return insert_many(conn, """
           ^^^^^^^^^^^^^^^^^^^^^
  File "c:\SKN_main_project1\load_to_db.py", line 294, in insert_many
    cur.executemany(sql, data)
  File "C:\SKN_main_project1\.venv\Lib\site-packages\pymysql\cursors.py", line 182, in executemany
    return self._do_execute_many(
           ^^^^^^^^^^^^^^^^^^^^^^
  File "C:\SKN_main_project1\.venv\Lib\site-packages\pymysql\cursors.py", line 205, in _do_execute_many
    v = values % escape(next(args), conn)
        ~~~~~~~^~~~~~~~~~~~~~~~~~~~~~~~~~
KeyError: 'sregistered_count'
2026-05-17 01:22:06,867 [INFO] 처리 시작: 2024년_10월_자동차_등록자료_통계.xlsx (202410)
2026-05-17 01:22:07,507 [INFO]   [01] 시도별      :    90행
2026-05-17 01:22:07,509 [INFO]   [04] 성별·연령별 :    21행
2026-05-17 01:22:07,513 [INFO]   [09] 차종유형별  :    17행
2026-05-17 01:22:07,542 [ERROR] 오류 발생, 롤백: 'sregistered_count'
Traceback (most recent call last):
  File "c:\SKN_main_project1\load_to_db.py", line 387, in process_file
    total += upsert_fuel(conn, r10)
             ^^^^^^^^^^^^^^^^^^^^^^
  File "c:\SKN_main_project1\load_to_db.py", line 329, in upsert_fuel
    return insert_many(conn, """
           ^^^^^^^^^^^^^^^^^^^^^
  File "c:\SKN_main_project1\load_to_db.py", line 294, in insert_many
    cur.executemany(sql, data)
  File "C:\SKN_main_project1\.venv\Lib\site-packages\pymysql\cursors.py", line 182, in executemany
    return self._do_execute_many(
           ^^^^^^^^^^^^^^^^^^^^^^
  File "C:\SKN_main_project1\.venv\Lib\site-packages\pymysql\cursors.py", line 205, in _do_execute_many
    v = values % escape(next(args), conn)
        ~~~~~~~^~~~~~~~~~~~~~~~~~~~~~~~~~
KeyError: 'sregistered_count'
2026-05-17 01:22:07,543 [INFO] 처리 시작: 2024년_11월_자동차_등록자료_통계.xlsx (202411)
2026-05-17 01:22:08,157 [INFO]   [01] 시도별      :    90행
2026-05-17 01:22:08,163 [INFO]   [04] 성별·연령별 :    21행
2026-05-17 01:22:08,166 [INFO]   [09] 차종유형별  :    17행
2026-05-17 01:22:08,195 [ERROR] 오류 발생, 롤백: 'sregistered_count'
Traceback (most recent call last):
  File "c:\SKN_main_project1\load_to_db.py", line 387, in process_file
    total += upsert_fuel(conn, r10)
             ^^^^^^^^^^^^^^^^^^^^^^
  File "c:\SKN_main_project1\load_to_db.py", line 329, in upsert_fuel
    return insert_many(conn, """
           ^^^^^^^^^^^^^^^^^^^^^
  File "c:\SKN_main_project1\load_to_db.py", line 294, in insert_many
    cur.executemany(sql, data)
  File "C:\SKN_main_project1\.venv\Lib\site-packages\pymysql\cursors.py", line 182, in executemany
    return self._do_execute_many(
           ^^^^^^^^^^^^^^^^^^^^^^
  File "C:\SKN_main_project1\.venv\Lib\site-packages\pymysql\cursors.py", line 205, in _do_execute_many
    v = values % escape(next(args), conn)
        ~~~~~~~^~~~~~~~~~~~~~~~~~~~~~~~~~
KeyError: 'sregistered_count'
2026-05-17 01:22:08,196 [INFO] 처리 시작: 2024년_12월_자동차_등록자료_통계.xlsx (202412)
2026-05-17 01:22:08,807 [INFO]   [01] 시도별      :    90행
2026-05-17 01:22:08,807 [INFO]   [04] 성별·연령별 :    21행
2026-05-17 01:22:08,818 [INFO]   [09] 차종유형별  :    17행
2026-05-17 01:22:08,846 [ERROR] 오류 발생, 롤백: 'sregistered_count'
Traceback (most recent call last):
  File "c:\SKN_main_project1\load_to_db.py", line 387, in process_file
    total += upsert_fuel(conn, r10)
             ^^^^^^^^^^^^^^^^^^^^^^
  File "c:\SKN_main_project1\load_to_db.py", line 329, in upsert_fuel
    return insert_many(conn, """
           ^^^^^^^^^^^^^^^^^^^^^
  File "c:\SKN_main_project1\load_to_db.py", line 294, in insert_many
    cur.executemany(sql, data)
  File "C:\SKN_main_project1\.venv\Lib\site-packages\pymysql\cursors.py", line 182, in executemany
    return self._do_execute_many(
           ^^^^^^^^^^^^^^^^^^^^^^
  File "C:\SKN_main_project1\.venv\Lib\site-packages\pymysql\cursors.py", line 205, in _do_execute_many
    v = values % escape(next(args), conn)
        ~~~~~~~^~~~~~~~~~~~~~~~~~~~~~~~~~
KeyError: 'sregistered_count'
2026-05-17 01:22:08,846 [INFO] 처리 시작: 2025년_01월_자동차_등록자료_통계.xlsx (202501)
2026-05-17 01:22:09,457 [INFO]   [01] 시도별      :    90행
2026-05-17 01:22:09,457 [INFO]   [04] 성별·연령별 :    21행
2026-05-17 01:22:09,457 [INFO]   [09] 차종유형별  :    17행
2026-05-17 01:22:09,499 [ERROR] 오류 발생, 롤백: 'sregistered_count'
Traceback (most recent call last):
  File "c:\SKN_main_project1\load_to_db.py", line 387, in process_file
    total += upsert_fuel(conn, r10)
             ^^^^^^^^^^^^^^^^^^^^^^
  File "c:\SKN_main_project1\load_to_db.py", line 329, in upsert_fuel
    return insert_many(conn, """
           ^^^^^^^^^^^^^^^^^^^^^
  File "c:\SKN_main_project1\load_to_db.py", line 294, in insert_many
    cur.executemany(sql, data)
  File "C:\SKN_main_project1\.venv\Lib\site-packages\pymysql\cursors.py", line 182, in executemany
    return self._do_execute_many(
           ^^^^^^^^^^^^^^^^^^^^^^
  File "C:\SKN_main_project1\.venv\Lib\site-packages\pymysql\cursors.py", line 205, in _do_execute_many
    v = values % escape(next(args), conn)
        ~~~~~~~^~~~~~~~~~~~~~~~~~~~~~~~~~
KeyError: 'sregistered_count'
2026-05-17 01:22:09,499 [INFO] 처리 시작: 2025년_02월_자동차_등록자료_통계.xlsx (202502)
2026-05-17 01:22:10,114 [INFO]   [01] 시도별      :    90행
2026-05-17 01:22:10,117 [INFO]   [04] 성별·연령별 :    21행
2026-05-17 01:22:10,121 [INFO]   [09] 차종유형별  :    17행
2026-05-17 01:22:10,149 [ERROR] 오류 발생, 롤백: 'sregistered_count'
Traceback (most recent call last):
  File "c:\SKN_main_project1\load_to_db.py", line 387, in process_file
    total += upsert_fuel(conn, r10)
             ^^^^^^^^^^^^^^^^^^^^^^
  File "c:\SKN_main_project1\load_to_db.py", line 329, in upsert_fuel
    return insert_many(conn, """
           ^^^^^^^^^^^^^^^^^^^^^
  File "c:\SKN_main_project1\load_to_db.py", line 294, in insert_many
    cur.executemany(sql, data)
  File "C:\SKN_main_project1\.venv\Lib\site-packages\pymysql\cursors.py", line 182, in executemany
    return self._do_execute_many(
           ^^^^^^^^^^^^^^^^^^^^^^
  File "C:\SKN_main_project1\.venv\Lib\site-packages\pymysql\cursors.py", line 205, in _do_execute_many
    v = values % escape(next(args), conn)
        ~~~~~~~^~~~~~~~~~~~~~~~~~~~~~~~~~
KeyError: 'sregistered_count'
2026-05-17 01:22:10,149 [INFO] 처리 시작: 2025년_03월_자동차_등록자료_통계.xlsx (202503)
2026-05-17 01:22:10,777 [INFO]   [01] 시도별      :    90행
2026-05-17 01:22:10,789 [INFO]   [04] 성별·연령별 :    21행
2026-05-17 01:22:10,789 [INFO]   [09] 차종유형별  :    17행
2026-05-17 01:22:10,817 [ERROR] 오류 발생, 롤백: 'sregistered_count'
Traceback (most recent call last):
  File "c:\SKN_main_project1\load_to_db.py", line 387, in process_file
    total += upsert_fuel(conn, r10)
             ^^^^^^^^^^^^^^^^^^^^^^
  File "c:\SKN_main_project1\load_to_db.py", line 329, in upsert_fuel
    return insert_many(conn, """
           ^^^^^^^^^^^^^^^^^^^^^
  File "c:\SKN_main_project1\load_to_db.py", line 294, in insert_many
    cur.executemany(sql, data)
  File "C:\SKN_main_project1\.venv\Lib\site-packages\pymysql\cursors.py", line 182, in executemany
    return self._do_execute_many(
           ^^^^^^^^^^^^^^^^^^^^^^
  File "C:\SKN_main_project1\.venv\Lib\site-packages\pymysql\cursors.py", line 205, in _do_execute_many
    v = values % escape(next(args), conn)
        ~~~~~~~^~~~~~~~~~~~~~~~~~~~~~~~~~
KeyError: 'sregistered_count'
2026-05-17 01:22:10,817 [INFO] 처리 시작: 2025년_04월_자동차_등록자료_통계.xlsx (202504)
2026-05-17 01:22:11,452 [INFO]   [01] 시도별      :    90행
2026-05-17 01:22:11,452 [INFO]   [04] 성별·연령별 :    21행
2026-05-17 01:22:11,461 [INFO]   [09] 차종유형별  :    17행
2026-05-17 01:22:11,487 [ERROR] 오류 발생, 롤백: 'sregistered_count'
Traceback (most recent call last):
  File "c:\SKN_main_project1\load_to_db.py", line 387, in process_file
    total += upsert_fuel(conn, r10)
             ^^^^^^^^^^^^^^^^^^^^^^
  File "c:\SKN_main_project1\load_to_db.py", line 329, in upsert_fuel
    return insert_many(conn, """
           ^^^^^^^^^^^^^^^^^^^^^
  File "c:\SKN_main_project1\load_to_db.py", line 294, in insert_many
    cur.executemany(sql, data)
  File "C:\SKN_main_project1\.venv\Lib\site-packages\pymysql\cursors.py", line 182, in executemany
    return self._do_execute_many(
           ^^^^^^^^^^^^^^^^^^^^^^
  File "C:\SKN_main_project1\.venv\Lib\site-packages\pymysql\cursors.py", line 205, in _do_execute_many
    v = values % escape(next(args), conn)
        ~~~~~~~^~~~~~~~~~~~~~~~~~~~~~~~~~
KeyError: 'sregistered_count'
2026-05-17 01:22:11,487 [INFO] 처리 시작: 2025년_05월_자동차_등록자료_통계.xlsx (202505)
2026-05-17 01:22:12,111 [INFO]   [01] 시도별      :    90행
2026-05-17 01:22:12,111 [INFO]   [04] 성별·연령별 :    21행
2026-05-17 01:22:12,111 [INFO]   [09] 차종유형별  :    17행
2026-05-17 01:22:12,157 [ERROR] 오류 발생, 롤백: 'sregistered_count'
Traceback (most recent call last):
  File "c:\SKN_main_project1\load_to_db.py", line 387, in process_file
    total += upsert_fuel(conn, r10)
             ^^^^^^^^^^^^^^^^^^^^^^
  File "c:\SKN_main_project1\load_to_db.py", line 329, in upsert_fuel
    return insert_many(conn, """
           ^^^^^^^^^^^^^^^^^^^^^
  File "c:\SKN_main_project1\load_to_db.py", line 294, in insert_many
    cur.executemany(sql, data)
  File "C:\SKN_main_project1\.venv\Lib\site-packages\pymysql\cursors.py", line 182, in executemany
    return self._do_execute_many(
           ^^^^^^^^^^^^^^^^^^^^^^
  File "C:\SKN_main_project1\.venv\Lib\site-packages\pymysql\cursors.py", line 205, in _do_execute_many
    v = values % escape(next(args), conn)
        ~~~~~~~^~~~~~~~~~~~~~~~~~~~~~~~~~
KeyError: 'sregistered_count'
2026-05-17 01:22:12,158 [INFO] 처리 시작: 2025년_06월_자동차_등록자료_통계.xlsx (202506)
2026-05-17 01:22:12,782 [INFO]   [01] 시도별      :    90행
2026-05-17 01:22:12,787 [INFO]   [04] 성별·연령별 :    21행
2026-05-17 01:22:12,787 [INFO]   [09] 차종유형별  :    17행
2026-05-17 01:22:12,823 [ERROR] 오류 발생, 롤백: 'sregistered_count'
Traceback (most recent call last):
  File "c:\SKN_main_project1\load_to_db.py", line 387, in process_file
    total += upsert_fuel(conn, r10)
             ^^^^^^^^^^^^^^^^^^^^^^
  File "c:\SKN_main_project1\load_to_db.py", line 329, in upsert_fuel
    return insert_many(conn, """
           ^^^^^^^^^^^^^^^^^^^^^
  File "c:\SKN_main_project1\load_to_db.py", line 294, in insert_many
    cur.executemany(sql, data)
  File "C:\SKN_main_project1\.venv\Lib\site-packages\pymysql\cursors.py", line 182, in executemany
    return self._do_execute_many(
           ^^^^^^^^^^^^^^^^^^^^^^
  File "C:\SKN_main_project1\.venv\Lib\site-packages\pymysql\cursors.py", line 205, in _do_execute_many
    v = values % escape(next(args), conn)
        ~~~~~~~^~~~~~~~~~~~~~~~~~~~~~~~~~
KeyError: 'sregistered_count'
2026-05-17 01:22:12,823 [INFO] 처리 시작: 2025년_07월_자동차_등록자료_통계.xlsx (202507)
2026-05-17 01:22:13,437 [INFO]   [01] 시도별      :    90행
2026-05-17 01:22:13,443 [INFO]   [04] 성별·연령별 :    21행
2026-05-17 01:22:13,445 [INFO]   [09] 차종유형별  :    17행
2026-05-17 01:22:13,473 [ERROR] 오류 발생, 롤백: 'sregistered_count'
Traceback (most recent call last):
  File "c:\SKN_main_project1\load_to_db.py", line 387, in process_file
    total += upsert_fuel(conn, r10)
             ^^^^^^^^^^^^^^^^^^^^^^
  File "c:\SKN_main_project1\load_to_db.py", line 329, in upsert_fuel
    return insert_many(conn, """
           ^^^^^^^^^^^^^^^^^^^^^
  File "c:\SKN_main_project1\load_to_db.py", line 294, in insert_many
    cur.executemany(sql, data)
  File "C:\SKN_main_project1\.venv\Lib\site-packages\pymysql\cursors.py", line 182, in executemany
    return self._do_execute_many(
           ^^^^^^^^^^^^^^^^^^^^^^
  File "C:\SKN_main_project1\.venv\Lib\site-packages\pymysql\cursors.py", line 205, in _do_execute_many
    v = values % escape(next(args), conn)
        ~~~~~~~^~~~~~~~~~~~~~~~~~~~~~~~~~
KeyError: 'sregistered_count'
2026-05-17 01:22:13,474 [INFO] 처리 시작: 2025년_08월_자동차_등록자료_통계.xlsx (202508)
2026-05-17 01:22:14,124 [INFO]   [01] 시도별      :    90행
2026-05-17 01:22:14,128 [INFO]   [04] 성별·연령별 :    21행
2026-05-17 01:22:14,131 [INFO]   [09] 차종유형별  :    17행
2026-05-17 01:22:14,159 [ERROR] 오류 발생, 롤백: 'sregistered_count'
Traceback (most recent call last):
  File "c:\SKN_main_project1\load_to_db.py", line 387, in process_file
    total += upsert_fuel(conn, r10)
             ^^^^^^^^^^^^^^^^^^^^^^
  File "c:\SKN_main_project1\load_to_db.py", line 329, in upsert_fuel
    return insert_many(conn, """
           ^^^^^^^^^^^^^^^^^^^^^
  File "c:\SKN_main_project1\load_to_db.py", line 294, in insert_many
    cur.executemany(sql, data)
  File "C:\SKN_main_project1\.venv\Lib\site-packages\pymysql\cursors.py", line 182, in executemany
    return self._do_execute_many(
           ^^^^^^^^^^^^^^^^^^^^^^
  File "C:\SKN_main_project1\.venv\Lib\site-packages\pymysql\cursors.py", line 205, in _do_execute_many
    v = values % escape(next(args), conn)
        ~~~~~~~^~~~~~~~~~~~~~~~~~~~~~~~~~
KeyError: 'sregistered_count'
2026-05-17 01:22:14,159 [INFO] 처리 시작: 2025년_09월_자동차_등록자료_통계.xlsx (202509)
2026-05-17 01:22:14,797 [INFO]   [01] 시도별      :    90행
2026-05-17 01:22:14,797 [INFO]   [04] 성별·연령별 :    21행
2026-05-17 01:22:14,807 [INFO]   [09] 차종유형별  :    17행
2026-05-17 01:22:14,835 [ERROR] 오류 발생, 롤백: 'sregistered_count'
Traceback (most recent call last):
  File "c:\SKN_main_project1\load_to_db.py", line 387, in process_file
    total += upsert_fuel(conn, r10)
             ^^^^^^^^^^^^^^^^^^^^^^
  File "c:\SKN_main_project1\load_to_db.py", line 329, in upsert_fuel
    return insert_many(conn, """
           ^^^^^^^^^^^^^^^^^^^^^
  File "c:\SKN_main_project1\load_to_db.py", line 294, in insert_many
    cur.executemany(sql, data)
  File "C:\SKN_main_project1\.venv\Lib\site-packages\pymysql\cursors.py", line 182, in executemany
    return self._do_execute_many(
           ^^^^^^^^^^^^^^^^^^^^^^
  File "C:\SKN_main_project1\.venv\Lib\site-packages\pymysql\cursors.py", line 205, in _do_execute_many
    v = values % escape(next(args), conn)
        ~~~~~~~^~~~~~~~~~~~~~~~~~~~~~~~~~
KeyError: 'sregistered_count'
2026-05-17 01:22:14,836 [INFO] 처리 시작: 2025년_10월_자동차_등록자료_통계.xlsx (202510)
2026-05-17 01:22:15,467 [INFO]   [01] 시도별      :    90행
2026-05-17 01:22:15,467 [INFO]   [04] 성별·연령별 :    21행
2026-05-17 01:22:15,477 [INFO]   [09] 차종유형별  :    17행
2026-05-17 01:22:15,502 [ERROR] 오류 발생, 롤백: 'sregistered_count'
Traceback (most recent call last):
  File "c:\SKN_main_project1\load_to_db.py", line 387, in process_file
    total += upsert_fuel(conn, r10)
             ^^^^^^^^^^^^^^^^^^^^^^
  File "c:\SKN_main_project1\load_to_db.py", line 329, in upsert_fuel
    return insert_many(conn, """
           ^^^^^^^^^^^^^^^^^^^^^
  File "c:\SKN_main_project1\load_to_db.py", line 294, in insert_many
    cur.executemany(sql, data)
  File "C:\SKN_main_project1\.venv\Lib\site-packages\pymysql\cursors.py", line 182, in executemany
    return self._do_execute_many(
           ^^^^^^^^^^^^^^^^^^^^^^
  File "C:\SKN_main_project1\.venv\Lib\site-packages\pymysql\cursors.py", line 205, in _do_execute_many
    v = values % escape(next(args), conn)
        ~~~~~~~^~~~~~~~~~~~~~~~~~~~~~~~~~
KeyError: 'sregistered_count'
2026-05-17 01:22:15,506 [INFO] 처리 시작: 2025년_11월_자동차_등록자료_통계.xlsx (202511)
2026-05-17 01:22:16,187 [INFO]   [01] 시도별      :    90행
2026-05-17 01:22:16,187 [INFO]   [04] 성별·연령별 :    21행
2026-05-17 01:22:16,187 [INFO]   [09] 차종유형별  :    17행
2026-05-17 01:22:16,224 [ERROR] 오류 발생, 롤백: 'sregistered_count'
Traceback (most recent call last):
  File "c:\SKN_main_project1\load_to_db.py", line 387, in process_file
    total += upsert_fuel(conn, r10)
             ^^^^^^^^^^^^^^^^^^^^^^
  File "c:\SKN_main_project1\load_to_db.py", line 329, in upsert_fuel
    return insert_many(conn, """
           ^^^^^^^^^^^^^^^^^^^^^
  File "c:\SKN_main_project1\load_to_db.py", line 294, in insert_many
    cur.executemany(sql, data)
  File "C:\SKN_main_project1\.venv\Lib\site-packages\pymysql\cursors.py", line 182, in executemany
    return self._do_execute_many(
           ^^^^^^^^^^^^^^^^^^^^^^
  File "C:\SKN_main_project1\.venv\Lib\site-packages\pymysql\cursors.py", line 205, in _do_execute_many
    v = values % escape(next(args), conn)
        ~~~~~~~^~~~~~~~~~~~~~~~~~~~~~~~~~
KeyError: 'sregistered_count'
2026-05-17 01:22:16,225 [INFO] 처리 시작: 2025년_12월_자동차_등록자료_통계.xlsx (202512)
2026-05-17 01:22:16,907 [INFO]   [01] 시도별      :    90행
2026-05-17 01:22:16,917 [INFO]   [04] 성별·연령별 :    21행
2026-05-17 01:22:16,922 [INFO]   [09] 차종유형별  :    17행
2026-05-17 01:22:16,953 [ERROR] 오류 발생, 롤백: 'sregistered_count'
Traceback (most recent call last):
  File "c:\SKN_main_project1\load_to_db.py", line 387, in process_file
    total += upsert_fuel(conn, r10)
             ^^^^^^^^^^^^^^^^^^^^^^
  File "c:\SKN_main_project1\load_to_db.py", line 329, in upsert_fuel
    return insert_many(conn, """
           ^^^^^^^^^^^^^^^^^^^^^
  File "c:\SKN_main_project1\load_to_db.py", line 294, in insert_many
    cur.executemany(sql, data)
  File "C:\SKN_main_project1\.venv\Lib\site-packages\pymysql\cursors.py", line 182, in executemany
    return self._do_execute_many(
           ^^^^^^^^^^^^^^^^^^^^^^
  File "C:\SKN_main_project1\.venv\Lib\site-packages\pymysql\cursors.py", line 205, in _do_execute_many
    v = values % escape(next(args), conn)
        ~~~~~~~^~~~~~~~~~~~~~~~~~~~~~~~~~
KeyError: 'sregistered_count'
2026-05-17 01:22:16,954 [INFO] 처리 시작: 2026년_01월_자동차_등록자료_통계.xlsx (202601)
2026-05-17 01:22:17,647 [INFO]   [01] 시도별      :    90행
2026-05-17 01:22:17,647 [INFO]   [04] 성별·연령별 :    21행
2026-05-17 01:22:17,659 [INFO]   [09] 차종유형별  :    17행
2026-05-17 01:22:17,687 [ERROR] 오류 발생, 롤백: 'sregistered_count'
Traceback (most recent call last):
  File "c:\SKN_main_project1\load_to_db.py", line 387, in process_file
    total += upsert_fuel(conn, r10)
             ^^^^^^^^^^^^^^^^^^^^^^
  File "c:\SKN_main_project1\load_to_db.py", line 329, in upsert_fuel
    return insert_many(conn, """
           ^^^^^^^^^^^^^^^^^^^^^
  File "c:\SKN_main_project1\load_to_db.py", line 294, in insert_many
    cur.executemany(sql, data)
  File "C:\SKN_main_project1\.venv\Lib\site-packages\pymysql\cursors.py", line 182, in executemany
    return self._do_execute_many(
           ^^^^^^^^^^^^^^^^^^^^^^
  File "C:\SKN_main_project1\.venv\Lib\site-packages\pymysql\cursors.py", line 205, in _do_execute_many
    v = values % escape(next(args), conn)
        ~~~~~~~^~~~~~~~~~~~~~~~~~~~~~~~~~
KeyError: 'sregistered_count'
2026-05-17 01:22:17,687 [INFO] 처리 시작: 2026년_02월_자동차_등록자료_통계.xlsx (202602)
2026-05-17 01:22:18,407 [INFO]   [01] 시도별      :    90행
2026-05-17 01:22:18,414 [INFO]   [04] 성별·연령별 :    21행
2026-05-17 01:22:18,418 [INFO]   [09] 차종유형별  :    17행
2026-05-17 01:22:18,445 [ERROR] 오류 발생, 롤백: 'sregistered_count'
Traceback (most recent call last):
  File "c:\SKN_main_project1\load_to_db.py", line 387, in process_file
    total += upsert_fuel(conn, r10)
             ^^^^^^^^^^^^^^^^^^^^^^
  File "c:\SKN_main_project1\load_to_db.py", line 329, in upsert_fuel
    return insert_many(conn, """
           ^^^^^^^^^^^^^^^^^^^^^
  File "c:\SKN_main_project1\load_to_db.py", line 294, in insert_many
    cur.executemany(sql, data)
  File "C:\SKN_main_project1\.venv\Lib\site-packages\pymysql\cursors.py", line 182, in executemany
    return self._do_execute_many(
           ^^^^^^^^^^^^^^^^^^^^^^
  File "C:\SKN_main_project1\.venv\Lib\site-packages\pymysql\cursors.py", line 205, in _do_execute_many
    v = values % escape(next(args), conn)
        ~~~~~~~^~~~~~~~~~~~~~~~~~~~~~~~~~
KeyError: 'sregistered_count'
2026-05-17 01:22:18,446 [INFO] 처리 시작: 2026년_03월_자동차_등록자료_통계.xlsx (202603)
2026-05-17 01:22:19,128 [INFO]   [01] 시도별      :    90행
2026-05-17 01:22:19,131 [INFO]   [04] 성별·연령별 :    21행
2026-05-17 01:22:19,134 [INFO]   [09] 차종유형별  :    17행
2026-05-17 01:22:19,161 [ERROR] 오류 발생, 롤백: 'sregistered_count'
Traceback (most recent call last):
  File "c:\SKN_main_project1\load_to_db.py", line 387, in process_file
    total += upsert_fuel(conn, r10)
             ^^^^^^^^^^^^^^^^^^^^^^
  File "c:\SKN_main_project1\load_to_db.py", line 329, in upsert_fuel
    return insert_many(conn, """
           ^^^^^^^^^^^^^^^^^^^^^
  File "c:\SKN_main_project1\load_to_db.py", line 294, in insert_many
    cur.executemany(sql, data)
  File "C:\SKN_main_project1\.venv\Lib\site-packages\pymysql\cursors.py", line 182, in executemany
    return self._do_execute_many(
           ^^^^^^^^^^^^^^^^^^^^^^
  File "C:\SKN_main_project1\.venv\Lib\site-packages\pymysql\cursors.py", line 205, in _do_execute_many
    v = values % escape(next(args), conn)
        ~~~~~~~^~~~~~~~~~~~~~~~~~~~~~~~~~
KeyError: 'sregistered_count'
2026-05-17 01:22:19,163 [INFO] 처리 시작: 2026년_04월_자동차_등록자료_통계.xlsx (202604)
2026-05-17 01:22:19,876 [INFO]   [01] 시도별      :    90행
2026-05-17 01:22:19,880 [INFO]   [04] 성별·연령별 :    21행
2026-05-17 01:22:19,883 [INFO]   [09] 차종유형별  :    17행
2026-05-17 01:22:19,907 [ERROR] 오류 발생, 롤백: 'sregistered_count'
Traceback (most recent call last):
  File "c:\SKN_main_project1\load_to_db.py", line 387, in process_file
    total += upsert_fuel(conn, r10)
             ^^^^^^^^^^^^^^^^^^^^^^
  File "c:\SKN_main_project1\load_to_db.py", line 329, in upsert_fuel
    return insert_many(conn, """
           ^^^^^^^^^^^^^^^^^^^^^
  File "c:\SKN_main_project1\load_to_db.py", line 294, in insert_many
    cur.executemany(sql, data)
  File "C:\SKN_main_project1\.venv\Lib\site-packages\pymysql\cursors.py", line 182, in executemany
    return self._do_execute_many(
           ^^^^^^^^^^^^^^^^^^^^^^
  File "C:\SKN_main_project1\.venv\Lib\site-packages\pymysql\cursors.py", line 205, in _do_execute_many
    v = values % escape(next(args), conn)
        ~~~~~~~^~~~~~~~~~~~~~~~~~~~~~~~~~
KeyError: 'sregistered_count'
2026-05-17 01:22:19,911 [INFO] DB 최신 기준: None
2026-05-17 01:22:19,912 [INFO] ============================================================
2026-05-17 01:22:19,912 [INFO] 종료: 2026-05-17 01:22:19
2026-05-17 01:22:19,912 [INFO] ============================================================
2026-05-17 01:25:10,523 [INFO] ============================================================
2026-05-17 01:25:10,524 [INFO] 전국 자동차 등록 현황 DB 적재 시작
2026-05-17 01:25:10,524 [INFO] 시작: 2026-05-17 01:25:10
2026-05-17 01:25:10,524 [INFO] ============================================================
2026-05-17 01:25:10,525 [INFO] 발견 파일: 28개
2026-05-17 01:25:10,534 [INFO] DB 연결 성공
2026-05-17 01:25:10,552 [INFO] 신규 적재: 28개 (기적재 0개 스킵)
2026-05-17 01:25:10,552 [INFO] 처리 시작: 2024년_01월_자동차_등록자료_통계.xlsx (202401)
2026-05-17 01:25:11,260 [INFO]   [01] 시도별      :    90행
2026-05-17 01:25:11,263 [INFO]   [04] 성별·연령별 :    21행
2026-05-17 01:25:11,267 [INFO]   [09] 차종유형별  :    17행
2026-05-17 01:25:11,310 [ERROR] 오류 발생, 롤백: (1265, "Data truncated for column 'fuel_type' at row 76")
Traceback (most recent call last):
  File "c:\SKN_main_project1\load_to_db.py", line 387, in process_file
    total += upsert_fuel(conn, r10)
             ^^^^^^^^^^^^^^^^^^^^^^
  File "c:\SKN_main_project1\load_to_db.py", line 329, in upsert_fuel
    return insert_many(conn, """
           ^^^^^^^^^^^^^^^^^^^^^
  File "c:\SKN_main_project1\load_to_db.py", line 294, in insert_many
    cur.executemany(sql, data)
  File "C:\SKN_main_project1\.venv\Lib\site-packages\pymysql\cursors.py", line 182, in executemany
    return self._do_execute_many(
           ^^^^^^^^^^^^^^^^^^^^^^
  File "C:\SKN_main_project1\.venv\Lib\site-packages\pymysql\cursors.py", line 220, in _do_execute_many
    rows += self.execute(sql + postfix)
            ^^^^^^^^^^^^^^^^^^^^^^^^^^^
  File "C:\SKN_main_project1\.venv\Lib\site-packages\pymysql\cursors.py", line 153, in execute
    result = self._query(query)
             ^^^^^^^^^^^^^^^^^^
  File "C:\SKN_main_project1\.venv\Lib\site-packages\pymysql\cursors.py", line 322, in _query
    conn.query(q)
  File "C:\SKN_main_project1\.venv\Lib\site-packages\pymysql\connections.py", line 563, in query
    self._affected_rows = self._read_query_result(unbuffered=unbuffered)
                          ^^^^^^^^^^^^^^^^^^^^^^^^^^^^^^^^^^^^^^^^^^^^^^
  File "C:\SKN_main_project1\.venv\Lib\site-packages\pymysql\connections.py", line 825, in _read_query_result
    result.read()
  File "C:\SKN_main_project1\.venv\Lib\site-packages\pymysql\connections.py", line 1199, in read
    first_packet = self.connection._read_packet()
                   ^^^^^^^^^^^^^^^^^^^^^^^^^^^^^^
  File "C:\SKN_main_project1\.venv\Lib\site-packages\pymysql\connections.py", line 775, in _read_packet
    packet.raise_for_error()
  File "C:\SKN_main_project1\.venv\Lib\site-packages\pymysql\protocol.py", line 219, in raise_for_error
    err.raise_mysql_exception(self._data)
  File "C:\SKN_main_project1\.venv\Lib\site-packages\pymysql\err.py", line 150, in raise_mysql_exception
    raise errorclass(errno, errval)
pymysql.err.DataError: (1265, "Data truncated for column 'fuel_type' at row 76")
2026-05-17 01:25:11,313 [INFO] 처리 시작: 2024년_02월_자동차_등록자료_통계.xlsx (202402)
2026-05-17 01:25:12,108 [INFO]   [01] 시도별      :    90행
2026-05-17 01:25:12,113 [INFO]   [04] 성별·연령별 :    21행
2026-05-17 01:25:12,133 [INFO]   [09] 차종유형별  :    17행
2026-05-17 01:25:12,194 [ERROR] 오류 발생, 롤백: (1265, "Data truncated for column 'fuel_type' at row 76")
Traceback (most recent call last):
  File "c:\SKN_main_project1\load_to_db.py", line 387, in process_file
    total += upsert_fuel(conn, r10)
             ^^^^^^^^^^^^^^^^^^^^^^
  File "c:\SKN_main_project1\load_to_db.py", line 329, in upsert_fuel
    return insert_many(conn, """
           ^^^^^^^^^^^^^^^^^^^^^
  File "c:\SKN_main_project1\load_to_db.py", line 294, in insert_many
    cur.executemany(sql, data)
  File "C:\SKN_main_project1\.venv\Lib\site-packages\pymysql\cursors.py", line 182, in executemany
    return self._do_execute_many(
           ^^^^^^^^^^^^^^^^^^^^^^
  File "C:\SKN_main_project1\.venv\Lib\site-packages\pymysql\cursors.py", line 220, in _do_execute_many
    rows += self.execute(sql + postfix)
            ^^^^^^^^^^^^^^^^^^^^^^^^^^^
  File "C:\SKN_main_project1\.venv\Lib\site-packages\pymysql\cursors.py", line 153, in execute
    result = self._query(query)
             ^^^^^^^^^^^^^^^^^^
  File "C:\SKN_main_project1\.venv\Lib\site-packages\pymysql\cursors.py", line 322, in _query
    conn.query(q)
  File "C:\SKN_main_project1\.venv\Lib\site-packages\pymysql\connections.py", line 563, in query
    self._affected_rows = self._read_query_result(unbuffered=unbuffered)
                          ^^^^^^^^^^^^^^^^^^^^^^^^^^^^^^^^^^^^^^^^^^^^^^
  File "C:\SKN_main_project1\.venv\Lib\site-packages\pymysql\connections.py", line 825, in _read_query_result
    result.read()
  File "C:\SKN_main_project1\.venv\Lib\site-packages\pymysql\connections.py", line 1199, in read
    first_packet = self.connection._read_packet()
                   ^^^^^^^^^^^^^^^^^^^^^^^^^^^^^^
  File "C:\SKN_main_project1\.venv\Lib\site-packages\pymysql\connections.py", line 775, in _read_packet
    packet.raise_for_error()
  File "C:\SKN_main_project1\.venv\Lib\site-packages\pymysql\protocol.py", line 219, in raise_for_error
    err.raise_mysql_exception(self._data)
  File "C:\SKN_main_project1\.venv\Lib\site-packages\pymysql\err.py", line 150, in raise_mysql_exception
    raise errorclass(errno, errval)
pymysql.err.DataError: (1265, "Data truncated for column 'fuel_type' at row 76")
2026-05-17 01:25:12,196 [INFO] 처리 시작: 2024년_03월_자동차_등록자료_통계.xlsx (202403)
2026-05-17 01:25:12,863 [INFO]   [01] 시도별      :    90행
2026-05-17 01:25:12,868 [INFO]   [04] 성별·연령별 :    21행
2026-05-17 01:25:12,871 [INFO]   [09] 차종유형별  :    17행
2026-05-17 01:25:12,912 [ERROR] 오류 발생, 롤백: (1265, "Data truncated for column 'fuel_type' at row 76")
Traceback (most recent call last):
  File "c:\SKN_main_project1\load_to_db.py", line 387, in process_file
    total += upsert_fuel(conn, r10)
             ^^^^^^^^^^^^^^^^^^^^^^
  File "c:\SKN_main_project1\load_to_db.py", line 329, in upsert_fuel
    return insert_many(conn, """
           ^^^^^^^^^^^^^^^^^^^^^
  File "c:\SKN_main_project1\load_to_db.py", line 294, in insert_many
    cur.executemany(sql, data)
  File "C:\SKN_main_project1\.venv\Lib\site-packages\pymysql\cursors.py", line 182, in executemany
    return self._do_execute_many(
           ^^^^^^^^^^^^^^^^^^^^^^
  File "C:\SKN_main_project1\.venv\Lib\site-packages\pymysql\cursors.py", line 220, in _do_execute_many
    rows += self.execute(sql + postfix)
            ^^^^^^^^^^^^^^^^^^^^^^^^^^^
  File "C:\SKN_main_project1\.venv\Lib\site-packages\pymysql\cursors.py", line 153, in execute
    result = self._query(query)
             ^^^^^^^^^^^^^^^^^^
  File "C:\SKN_main_project1\.venv\Lib\site-packages\pymysql\cursors.py", line 322, in _query
    conn.query(q)
  File "C:\SKN_main_project1\.venv\Lib\site-packages\pymysql\connections.py", line 563, in query
    self._affected_rows = self._read_query_result(unbuffered=unbuffered)
                          ^^^^^^^^^^^^^^^^^^^^^^^^^^^^^^^^^^^^^^^^^^^^^^
  File "C:\SKN_main_project1\.venv\Lib\site-packages\pymysql\connections.py", line 825, in _read_query_result
    result.read()
  File "C:\SKN_main_project1\.venv\Lib\site-packages\pymysql\connections.py", line 1199, in read
    first_packet = self.connection._read_packet()
                   ^^^^^^^^^^^^^^^^^^^^^^^^^^^^^^
  File "C:\SKN_main_project1\.venv\Lib\site-packages\pymysql\connections.py", line 775, in _read_packet
    packet.raise_for_error()
  File "C:\SKN_main_project1\.venv\Lib\site-packages\pymysql\protocol.py", line 219, in raise_for_error
    err.raise_mysql_exception(self._data)
  File "C:\SKN_main_project1\.venv\Lib\site-packages\pymysql\err.py", line 150, in raise_mysql_exception
    raise errorclass(errno, errval)
pymysql.err.DataError: (1265, "Data truncated for column 'fuel_type' at row 76")
2026-05-17 01:25:12,913 [INFO] 처리 시작: 2024년_04월_자동차_등록자료_통계.xlsx (202404)
2026-05-17 01:25:13,584 [INFO]   [01] 시도별      :    90행
2026-05-17 01:25:13,587 [INFO]   [04] 성별·연령별 :    21행
2026-05-17 01:25:13,591 [INFO]   [09] 차종유형별  :    17행
2026-05-17 01:25:13,623 [ERROR] 오류 발생, 롤백: (1265, "Data truncated for column 'fuel_type' at row 76")
Traceback (most recent call last):
  File "c:\SKN_main_project1\load_to_db.py", line 387, in process_file
    total += upsert_fuel(conn, r10)
             ^^^^^^^^^^^^^^^^^^^^^^
  File "c:\SKN_main_project1\load_to_db.py", line 329, in upsert_fuel
    return insert_many(conn, """
           ^^^^^^^^^^^^^^^^^^^^^
  File "c:\SKN_main_project1\load_to_db.py", line 294, in insert_many
    cur.executemany(sql, data)
  File "C:\SKN_main_project1\.venv\Lib\site-packages\pymysql\cursors.py", line 182, in executemany
    return self._do_execute_many(
           ^^^^^^^^^^^^^^^^^^^^^^
  File "C:\SKN_main_project1\.venv\Lib\site-packages\pymysql\cursors.py", line 220, in _do_execute_many
    rows += self.execute(sql + postfix)
            ^^^^^^^^^^^^^^^^^^^^^^^^^^^
  File "C:\SKN_main_project1\.venv\Lib\site-packages\pymysql\cursors.py", line 153, in execute
    result = self._query(query)
             ^^^^^^^^^^^^^^^^^^
  File "C:\SKN_main_project1\.venv\Lib\site-packages\pymysql\cursors.py", line 322, in _query
    conn.query(q)
  File "C:\SKN_main_project1\.venv\Lib\site-packages\pymysql\connections.py", line 563, in query
    self._affected_rows = self._read_query_result(unbuffered=unbuffered)
                          ^^^^^^^^^^^^^^^^^^^^^^^^^^^^^^^^^^^^^^^^^^^^^^
  File "C:\SKN_main_project1\.venv\Lib\site-packages\pymysql\connections.py", line 825, in _read_query_result
    result.read()
  File "C:\SKN_main_project1\.venv\Lib\site-packages\pymysql\connections.py", line 1199, in read
    first_packet = self.connection._read_packet()
                   ^^^^^^^^^^^^^^^^^^^^^^^^^^^^^^
  File "C:\SKN_main_project1\.venv\Lib\site-packages\pymysql\connections.py", line 775, in _read_packet
    packet.raise_for_error()
  File "C:\SKN_main_project1\.venv\Lib\site-packages\pymysql\protocol.py", line 219, in raise_for_error
    err.raise_mysql_exception(self._data)
  File "C:\SKN_main_project1\.venv\Lib\site-packages\pymysql\err.py", line 150, in raise_mysql_exception
    raise errorclass(errno, errval)
pymysql.err.DataError: (1265, "Data truncated for column 'fuel_type' at row 76")
2026-05-17 01:25:13,624 [INFO] 처리 시작: 2024년_05월_자동차_등록자료_통계.xlsx (202405)
2026-05-17 01:25:14,292 [INFO]   [01] 시도별      :    90행
2026-05-17 01:25:14,296 [INFO]   [04] 성별·연령별 :    21행
2026-05-17 01:25:14,299 [INFO]   [09] 차종유형별  :    17행
2026-05-17 01:25:14,333 [ERROR] 오류 발생, 롤백: (1265, "Data truncated for column 'fuel_type' at row 76")
Traceback (most recent call last):
  File "c:\SKN_main_project1\load_to_db.py", line 387, in process_file
    total += upsert_fuel(conn, r10)
             ^^^^^^^^^^^^^^^^^^^^^^
  File "c:\SKN_main_project1\load_to_db.py", line 329, in upsert_fuel
    return insert_many(conn, """
           ^^^^^^^^^^^^^^^^^^^^^
  File "c:\SKN_main_project1\load_to_db.py", line 294, in insert_many
    cur.executemany(sql, data)
  File "C:\SKN_main_project1\.venv\Lib\site-packages\pymysql\cursors.py", line 182, in executemany
    return self._do_execute_many(
           ^^^^^^^^^^^^^^^^^^^^^^
  File "C:\SKN_main_project1\.venv\Lib\site-packages\pymysql\cursors.py", line 220, in _do_execute_many
    rows += self.execute(sql + postfix)
            ^^^^^^^^^^^^^^^^^^^^^^^^^^^
  File "C:\SKN_main_project1\.venv\Lib\site-packages\pymysql\cursors.py", line 153, in execute
    result = self._query(query)
             ^^^^^^^^^^^^^^^^^^
  File "C:\SKN_main_project1\.venv\Lib\site-packages\pymysql\cursors.py", line 322, in _query
    conn.query(q)
  File "C:\SKN_main_project1\.venv\Lib\site-packages\pymysql\connections.py", line 563, in query
    self._affected_rows = self._read_query_result(unbuffered=unbuffered)
                          ^^^^^^^^^^^^^^^^^^^^^^^^^^^^^^^^^^^^^^^^^^^^^^
  File "C:\SKN_main_project1\.venv\Lib\site-packages\pymysql\connections.py", line 825, in _read_query_result
    result.read()
  File "C:\SKN_main_project1\.venv\Lib\site-packages\pymysql\connections.py", line 1199, in read
    first_packet = self.connection._read_packet()
                   ^^^^^^^^^^^^^^^^^^^^^^^^^^^^^^
  File "C:\SKN_main_project1\.venv\Lib\site-packages\pymysql\connections.py", line 775, in _read_packet
    packet.raise_for_error()
  File "C:\SKN_main_project1\.venv\Lib\site-packages\pymysql\protocol.py", line 219, in raise_for_error
    err.raise_mysql_exception(self._data)
  File "C:\SKN_main_project1\.venv\Lib\site-packages\pymysql\err.py", line 150, in raise_mysql_exception
    raise errorclass(errno, errval)
pymysql.err.DataError: (1265, "Data truncated for column 'fuel_type' at row 76")
2026-05-17 01:25:14,334 [INFO] 처리 시작: 2024년_06월_자동차_등록자료_통계.xlsx (202406)
2026-05-17 01:25:14,975 [INFO]   [01] 시도별      :    90행
2026-05-17 01:25:14,981 [INFO]   [04] 성별·연령별 :    21행
2026-05-17 01:25:14,982 [INFO]   [09] 차종유형별  :    17행
2026-05-17 01:25:15,017 [ERROR] 오류 발생, 롤백: (1265, "Data truncated for column 'fuel_type' at row 76")
Traceback (most recent call last):
  File "c:\SKN_main_project1\load_to_db.py", line 387, in process_file
    total += upsert_fuel(conn, r10)
             ^^^^^^^^^^^^^^^^^^^^^^
  File "c:\SKN_main_project1\load_to_db.py", line 329, in upsert_fuel
    return insert_many(conn, """
           ^^^^^^^^^^^^^^^^^^^^^
  File "c:\SKN_main_project1\load_to_db.py", line 294, in insert_many
    cur.executemany(sql, data)
  File "C:\SKN_main_project1\.venv\Lib\site-packages\pymysql\cursors.py", line 182, in executemany
    return self._do_execute_many(
           ^^^^^^^^^^^^^^^^^^^^^^
  File "C:\SKN_main_project1\.venv\Lib\site-packages\pymysql\cursors.py", line 220, in _do_execute_many
    rows += self.execute(sql + postfix)
            ^^^^^^^^^^^^^^^^^^^^^^^^^^^
  File "C:\SKN_main_project1\.venv\Lib\site-packages\pymysql\cursors.py", line 153, in execute
    result = self._query(query)
             ^^^^^^^^^^^^^^^^^^
  File "C:\SKN_main_project1\.venv\Lib\site-packages\pymysql\cursors.py", line 322, in _query
    conn.query(q)
  File "C:\SKN_main_project1\.venv\Lib\site-packages\pymysql\connections.py", line 563, in query
    self._affected_rows = self._read_query_result(unbuffered=unbuffered)
                          ^^^^^^^^^^^^^^^^^^^^^^^^^^^^^^^^^^^^^^^^^^^^^^
  File "C:\SKN_main_project1\.venv\Lib\site-packages\pymysql\connections.py", line 825, in _read_query_result
    result.read()
  File "C:\SKN_main_project1\.venv\Lib\site-packages\pymysql\connections.py", line 1199, in read
    first_packet = self.connection._read_packet()
                   ^^^^^^^^^^^^^^^^^^^^^^^^^^^^^^
  File "C:\SKN_main_project1\.venv\Lib\site-packages\pymysql\connections.py", line 775, in _read_packet
    packet.raise_for_error()
  File "C:\SKN_main_project1\.venv\Lib\site-packages\pymysql\protocol.py", line 219, in raise_for_error
    err.raise_mysql_exception(self._data)
  File "C:\SKN_main_project1\.venv\Lib\site-packages\pymysql\err.py", line 150, in raise_mysql_exception
    raise errorclass(errno, errval)
pymysql.err.DataError: (1265, "Data truncated for column 'fuel_type' at row 76")
2026-05-17 01:25:15,018 [INFO] 처리 시작: 2024년_07월_자동차_등록자료_통계.xlsx (202407)
2026-05-17 01:25:15,715 [INFO]   [01] 시도별      :    90행
2026-05-17 01:25:15,719 [INFO]   [04] 성별·연령별 :    21행
2026-05-17 01:25:15,722 [INFO]   [09] 차종유형별  :    17행
2026-05-17 01:25:15,759 [ERROR] 오류 발생, 롤백: (1265, "Data truncated for column 'fuel_type' at row 76")
Traceback (most recent call last):
  File "c:\SKN_main_project1\load_to_db.py", line 387, in process_file
    total += upsert_fuel(conn, r10)
             ^^^^^^^^^^^^^^^^^^^^^^
  File "c:\SKN_main_project1\load_to_db.py", line 329, in upsert_fuel
    return insert_many(conn, """
           ^^^^^^^^^^^^^^^^^^^^^
  File "c:\SKN_main_project1\load_to_db.py", line 294, in insert_many
    cur.executemany(sql, data)
  File "C:\SKN_main_project1\.venv\Lib\site-packages\pymysql\cursors.py", line 182, in executemany
    return self._do_execute_many(
           ^^^^^^^^^^^^^^^^^^^^^^
  File "C:\SKN_main_project1\.venv\Lib\site-packages\pymysql\cursors.py", line 220, in _do_execute_many
    rows += self.execute(sql + postfix)
            ^^^^^^^^^^^^^^^^^^^^^^^^^^^
  File "C:\SKN_main_project1\.venv\Lib\site-packages\pymysql\cursors.py", line 153, in execute
    result = self._query(query)
             ^^^^^^^^^^^^^^^^^^
  File "C:\SKN_main_project1\.venv\Lib\site-packages\pymysql\cursors.py", line 322, in _query
    conn.query(q)
  File "C:\SKN_main_project1\.venv\Lib\site-packages\pymysql\connections.py", line 563, in query
    self._affected_rows = self._read_query_result(unbuffered=unbuffered)
                          ^^^^^^^^^^^^^^^^^^^^^^^^^^^^^^^^^^^^^^^^^^^^^^
  File "C:\SKN_main_project1\.venv\Lib\site-packages\pymysql\connections.py", line 825, in _read_query_result
    result.read()
  File "C:\SKN_main_project1\.venv\Lib\site-packages\pymysql\connections.py", line 1199, in read
    first_packet = self.connection._read_packet()
                   ^^^^^^^^^^^^^^^^^^^^^^^^^^^^^^
  File "C:\SKN_main_project1\.venv\Lib\site-packages\pymysql\connections.py", line 775, in _read_packet
    packet.raise_for_error()
  File "C:\SKN_main_project1\.venv\Lib\site-packages\pymysql\protocol.py", line 219, in raise_for_error
    err.raise_mysql_exception(self._data)
  File "C:\SKN_main_project1\.venv\Lib\site-packages\pymysql\err.py", line 150, in raise_mysql_exception
    raise errorclass(errno, errval)
pymysql.err.DataError: (1265, "Data truncated for column 'fuel_type' at row 76")
2026-05-17 01:25:15,760 [INFO] 처리 시작: 2024년_08월_자동차_등록자료_통계.xlsx (202408)
2026-05-17 01:25:16,435 [INFO]   [01] 시도별      :    90행
2026-05-17 01:25:16,442 [INFO]   [04] 성별·연령별 :    21행
2026-05-17 01:25:16,446 [INFO]   [09] 차종유형별  :    17행
2026-05-17 01:25:16,506 [ERROR] 오류 발생, 롤백: (1265, "Data truncated for column 'fuel_type' at row 76")
Traceback (most recent call last):
  File "c:\SKN_main_project1\load_to_db.py", line 387, in process_file
    total += upsert_fuel(conn, r10)
             ^^^^^^^^^^^^^^^^^^^^^^
  File "c:\SKN_main_project1\load_to_db.py", line 329, in upsert_fuel
    return insert_many(conn, """
           ^^^^^^^^^^^^^^^^^^^^^
  File "c:\SKN_main_project1\load_to_db.py", line 294, in insert_many
    cur.executemany(sql, data)
  File "C:\SKN_main_project1\.venv\Lib\site-packages\pymysql\cursors.py", line 182, in executemany
    return self._do_execute_many(
           ^^^^^^^^^^^^^^^^^^^^^^
  File "C:\SKN_main_project1\.venv\Lib\site-packages\pymysql\cursors.py", line 220, in _do_execute_many
    rows += self.execute(sql + postfix)
            ^^^^^^^^^^^^^^^^^^^^^^^^^^^
  File "C:\SKN_main_project1\.venv\Lib\site-packages\pymysql\cursors.py", line 153, in execute
    result = self._query(query)
             ^^^^^^^^^^^^^^^^^^
  File "C:\SKN_main_project1\.venv\Lib\site-packages\pymysql\cursors.py", line 322, in _query
    conn.query(q)
  File "C:\SKN_main_project1\.venv\Lib\site-packages\pymysql\connections.py", line 563, in query
    self._affected_rows = self._read_query_result(unbuffered=unbuffered)
                          ^^^^^^^^^^^^^^^^^^^^^^^^^^^^^^^^^^^^^^^^^^^^^^
  File "C:\SKN_main_project1\.venv\Lib\site-packages\pymysql\connections.py", line 825, in _read_query_result
    result.read()
  File "C:\SKN_main_project1\.venv\Lib\site-packages\pymysql\connections.py", line 1199, in read
    first_packet = self.connection._read_packet()
                   ^^^^^^^^^^^^^^^^^^^^^^^^^^^^^^
  File "C:\SKN_main_project1\.venv\Lib\site-packages\pymysql\connections.py", line 775, in _read_packet
    packet.raise_for_error()
  File "C:\SKN_main_project1\.venv\Lib\site-packages\pymysql\protocol.py", line 219, in raise_for_error
    err.raise_mysql_exception(self._data)
  File "C:\SKN_main_project1\.venv\Lib\site-packages\pymysql\err.py", line 150, in raise_mysql_exception
    raise errorclass(errno, errval)
pymysql.err.DataError: (1265, "Data truncated for column 'fuel_type' at row 76")
2026-05-17 01:25:16,509 [INFO] 처리 시작: 2024년_09월_자동차_등록자료_통계.xlsx (202409)
2026-05-17 01:25:17,157 [INFO]   [01] 시도별      :    90행
2026-05-17 01:25:17,162 [INFO]   [04] 성별·연령별 :    21행
2026-05-17 01:25:17,164 [INFO]   [09] 차종유형별  :    17행
2026-05-17 01:25:17,204 [ERROR] 오류 발생, 롤백: (1265, "Data truncated for column 'fuel_type' at row 76")
Traceback (most recent call last):
  File "c:\SKN_main_project1\load_to_db.py", line 387, in process_file
    total += upsert_fuel(conn, r10)
             ^^^^^^^^^^^^^^^^^^^^^^
  File "c:\SKN_main_project1\load_to_db.py", line 329, in upsert_fuel
    return insert_many(conn, """
           ^^^^^^^^^^^^^^^^^^^^^
  File "c:\SKN_main_project1\load_to_db.py", line 294, in insert_many
    cur.executemany(sql, data)
  File "C:\SKN_main_project1\.venv\Lib\site-packages\pymysql\cursors.py", line 182, in executemany
    return self._do_execute_many(
           ^^^^^^^^^^^^^^^^^^^^^^
  File "C:\SKN_main_project1\.venv\Lib\site-packages\pymysql\cursors.py", line 220, in _do_execute_many
    rows += self.execute(sql + postfix)
            ^^^^^^^^^^^^^^^^^^^^^^^^^^^
  File "C:\SKN_main_project1\.venv\Lib\site-packages\pymysql\cursors.py", line 153, in execute
    result = self._query(query)
             ^^^^^^^^^^^^^^^^^^
  File "C:\SKN_main_project1\.venv\Lib\site-packages\pymysql\cursors.py", line 322, in _query
    conn.query(q)
  File "C:\SKN_main_project1\.venv\Lib\site-packages\pymysql\connections.py", line 563, in query
    self._affected_rows = self._read_query_result(unbuffered=unbuffered)
                          ^^^^^^^^^^^^^^^^^^^^^^^^^^^^^^^^^^^^^^^^^^^^^^
  File "C:\SKN_main_project1\.venv\Lib\site-packages\pymysql\connections.py", line 825, in _read_query_result
    result.read()
  File "C:\SKN_main_project1\.venv\Lib\site-packages\pymysql\connections.py", line 1199, in read
    first_packet = self.connection._read_packet()
                   ^^^^^^^^^^^^^^^^^^^^^^^^^^^^^^
  File "C:\SKN_main_project1\.venv\Lib\site-packages\pymysql\connections.py", line 775, in _read_packet
    packet.raise_for_error()
  File "C:\SKN_main_project1\.venv\Lib\site-packages\pymysql\protocol.py", line 219, in raise_for_error
    err.raise_mysql_exception(self._data)
  File "C:\SKN_main_project1\.venv\Lib\site-packages\pymysql\err.py", line 150, in raise_mysql_exception
    raise errorclass(errno, errval)
pymysql.err.DataError: (1265, "Data truncated for column 'fuel_type' at row 76")
2026-05-17 01:25:17,205 [INFO] 처리 시작: 2024년_10월_자동차_등록자료_통계.xlsx (202410)
2026-05-17 01:25:17,858 [INFO]   [01] 시도별      :    90행
2026-05-17 01:25:17,863 [INFO]   [04] 성별·연령별 :    21행
2026-05-17 01:25:17,866 [INFO]   [09] 차종유형별  :    17행
2026-05-17 01:25:17,902 [ERROR] 오류 발생, 롤백: (1265, "Data truncated for column 'fuel_type' at row 76")
Traceback (most recent call last):
  File "c:\SKN_main_project1\load_to_db.py", line 387, in process_file
    total += upsert_fuel(conn, r10)
             ^^^^^^^^^^^^^^^^^^^^^^
  File "c:\SKN_main_project1\load_to_db.py", line 329, in upsert_fuel
    return insert_many(conn, """
           ^^^^^^^^^^^^^^^^^^^^^
  File "c:\SKN_main_project1\load_to_db.py", line 294, in insert_many
    cur.executemany(sql, data)
  File "C:\SKN_main_project1\.venv\Lib\site-packages\pymysql\cursors.py", line 182, in executemany
    return self._do_execute_many(
           ^^^^^^^^^^^^^^^^^^^^^^
  File "C:\SKN_main_project1\.venv\Lib\site-packages\pymysql\cursors.py", line 220, in _do_execute_many
    rows += self.execute(sql + postfix)
            ^^^^^^^^^^^^^^^^^^^^^^^^^^^
  File "C:\SKN_main_project1\.venv\Lib\site-packages\pymysql\cursors.py", line 153, in execute
    result = self._query(query)
             ^^^^^^^^^^^^^^^^^^
  File "C:\SKN_main_project1\.venv\Lib\site-packages\pymysql\cursors.py", line 322, in _query
    conn.query(q)
  File "C:\SKN_main_project1\.venv\Lib\site-packages\pymysql\connections.py", line 563, in query
    self._affected_rows = self._read_query_result(unbuffered=unbuffered)
                          ^^^^^^^^^^^^^^^^^^^^^^^^^^^^^^^^^^^^^^^^^^^^^^
  File "C:\SKN_main_project1\.venv\Lib\site-packages\pymysql\connections.py", line 825, in _read_query_result
    result.read()
  File "C:\SKN_main_project1\.venv\Lib\site-packages\pymysql\connections.py", line 1199, in read
    first_packet = self.connection._read_packet()
                   ^^^^^^^^^^^^^^^^^^^^^^^^^^^^^^
  File "C:\SKN_main_project1\.venv\Lib\site-packages\pymysql\connections.py", line 775, in _read_packet
    packet.raise_for_error()
  File "C:\SKN_main_project1\.venv\Lib\site-packages\pymysql\protocol.py", line 219, in raise_for_error
    err.raise_mysql_exception(self._data)
  File "C:\SKN_main_project1\.venv\Lib\site-packages\pymysql\err.py", line 150, in raise_mysql_exception
    raise errorclass(errno, errval)
pymysql.err.DataError: (1265, "Data truncated for column 'fuel_type' at row 76")
2026-05-17 01:25:17,903 [INFO] 처리 시작: 2024년_11월_자동차_등록자료_통계.xlsx (202411)
2026-05-17 01:25:18,582 [INFO]   [01] 시도별      :    90행
2026-05-17 01:25:18,584 [INFO]   [04] 성별·연령별 :    21행
2026-05-17 01:25:18,588 [INFO]   [09] 차종유형별  :    17행
2026-05-17 01:25:18,625 [ERROR] 오류 발생, 롤백: (1265, "Data truncated for column 'fuel_type' at row 76")
Traceback (most recent call last):
  File "c:\SKN_main_project1\load_to_db.py", line 387, in process_file
    total += upsert_fuel(conn, r10)
             ^^^^^^^^^^^^^^^^^^^^^^
  File "c:\SKN_main_project1\load_to_db.py", line 329, in upsert_fuel
    return insert_many(conn, """
           ^^^^^^^^^^^^^^^^^^^^^
  File "c:\SKN_main_project1\load_to_db.py", line 294, in insert_many
    cur.executemany(sql, data)
  File "C:\SKN_main_project1\.venv\Lib\site-packages\pymysql\cursors.py", line 182, in executemany
    return self._do_execute_many(
           ^^^^^^^^^^^^^^^^^^^^^^
  File "C:\SKN_main_project1\.venv\Lib\site-packages\pymysql\cursors.py", line 220, in _do_execute_many
    rows += self.execute(sql + postfix)
            ^^^^^^^^^^^^^^^^^^^^^^^^^^^
  File "C:\SKN_main_project1\.venv\Lib\site-packages\pymysql\cursors.py", line 153, in execute
    result = self._query(query)
             ^^^^^^^^^^^^^^^^^^
  File "C:\SKN_main_project1\.venv\Lib\site-packages\pymysql\cursors.py", line 322, in _query
    conn.query(q)
  File "C:\SKN_main_project1\.venv\Lib\site-packages\pymysql\connections.py", line 563, in query
    self._affected_rows = self._read_query_result(unbuffered=unbuffered)
                          ^^^^^^^^^^^^^^^^^^^^^^^^^^^^^^^^^^^^^^^^^^^^^^
  File "C:\SKN_main_project1\.venv\Lib\site-packages\pymysql\connections.py", line 825, in _read_query_result
    result.read()
  File "C:\SKN_main_project1\.venv\Lib\site-packages\pymysql\connections.py", line 1199, in read
    first_packet = self.connection._read_packet()
                   ^^^^^^^^^^^^^^^^^^^^^^^^^^^^^^
  File "C:\SKN_main_project1\.venv\Lib\site-packages\pymysql\connections.py", line 775, in _read_packet
    packet.raise_for_error()
  File "C:\SKN_main_project1\.venv\Lib\site-packages\pymysql\protocol.py", line 219, in raise_for_error
    err.raise_mysql_exception(self._data)
  File "C:\SKN_main_project1\.venv\Lib\site-packages\pymysql\err.py", line 150, in raise_mysql_exception
    raise errorclass(errno, errval)
pymysql.err.DataError: (1265, "Data truncated for column 'fuel_type' at row 76")
2026-05-17 01:25:18,627 [INFO] 처리 시작: 2024년_12월_자동차_등록자료_통계.xlsx (202412)
2026-05-17 01:25:19,321 [INFO]   [01] 시도별      :    90행
2026-05-17 01:25:19,324 [INFO]   [04] 성별·연령별 :    21행
2026-05-17 01:25:19,328 [INFO]   [09] 차종유형별  :    17행
2026-05-17 01:25:19,364 [ERROR] 오류 발생, 롤백: (1265, "Data truncated for column 'fuel_type' at row 76")
Traceback (most recent call last):
  File "c:\SKN_main_project1\load_to_db.py", line 387, in process_file
    total += upsert_fuel(conn, r10)
             ^^^^^^^^^^^^^^^^^^^^^^
  File "c:\SKN_main_project1\load_to_db.py", line 329, in upsert_fuel
    return insert_many(conn, """
           ^^^^^^^^^^^^^^^^^^^^^
  File "c:\SKN_main_project1\load_to_db.py", line 294, in insert_many
    cur.executemany(sql, data)
  File "C:\SKN_main_project1\.venv\Lib\site-packages\pymysql\cursors.py", line 182, in executemany
    return self._do_execute_many(
           ^^^^^^^^^^^^^^^^^^^^^^
  File "C:\SKN_main_project1\.venv\Lib\site-packages\pymysql\cursors.py", line 220, in _do_execute_many
    rows += self.execute(sql + postfix)
            ^^^^^^^^^^^^^^^^^^^^^^^^^^^
  File "C:\SKN_main_project1\.venv\Lib\site-packages\pymysql\cursors.py", line 153, in execute
    result = self._query(query)
             ^^^^^^^^^^^^^^^^^^
  File "C:\SKN_main_project1\.venv\Lib\site-packages\pymysql\cursors.py", line 322, in _query
    conn.query(q)
  File "C:\SKN_main_project1\.venv\Lib\site-packages\pymysql\connections.py", line 563, in query
    self._affected_rows = self._read_query_result(unbuffered=unbuffered)
                          ^^^^^^^^^^^^^^^^^^^^^^^^^^^^^^^^^^^^^^^^^^^^^^
  File "C:\SKN_main_project1\.venv\Lib\site-packages\pymysql\connections.py", line 825, in _read_query_result
    result.read()
  File "C:\SKN_main_project1\.venv\Lib\site-packages\pymysql\connections.py", line 1199, in read
    first_packet = self.connection._read_packet()
                   ^^^^^^^^^^^^^^^^^^^^^^^^^^^^^^
  File "C:\SKN_main_project1\.venv\Lib\site-packages\pymysql\connections.py", line 775, in _read_packet
    packet.raise_for_error()
  File "C:\SKN_main_project1\.venv\Lib\site-packages\pymysql\protocol.py", line 219, in raise_for_error
    err.raise_mysql_exception(self._data)
  File "C:\SKN_main_project1\.venv\Lib\site-packages\pymysql\err.py", line 150, in raise_mysql_exception
    raise errorclass(errno, errval)
pymysql.err.DataError: (1265, "Data truncated for column 'fuel_type' at row 76")
2026-05-17 01:25:19,365 [INFO] 처리 시작: 2025년_01월_자동차_등록자료_통계.xlsx (202501)
2026-05-17 01:25:20,078 [INFO]   [01] 시도별      :    90행
2026-05-17 01:25:20,081 [INFO]   [04] 성별·연령별 :    21행
2026-05-17 01:25:20,089 [INFO]   [09] 차종유형별  :    17행
2026-05-17 01:25:20,126 [ERROR] 오류 발생, 롤백: (1265, "Data truncated for column 'fuel_type' at row 76")
Traceback (most recent call last):
  File "c:\SKN_main_project1\load_to_db.py", line 387, in process_file
    total += upsert_fuel(conn, r10)
             ^^^^^^^^^^^^^^^^^^^^^^
  File "c:\SKN_main_project1\load_to_db.py", line 329, in upsert_fuel
    return insert_many(conn, """
           ^^^^^^^^^^^^^^^^^^^^^
  File "c:\SKN_main_project1\load_to_db.py", line 294, in insert_many
    cur.executemany(sql, data)
  File "C:\SKN_main_project1\.venv\Lib\site-packages\pymysql\cursors.py", line 182, in executemany
    return self._do_execute_many(
           ^^^^^^^^^^^^^^^^^^^^^^
  File "C:\SKN_main_project1\.venv\Lib\site-packages\pymysql\cursors.py", line 220, in _do_execute_many
    rows += self.execute(sql + postfix)
            ^^^^^^^^^^^^^^^^^^^^^^^^^^^
  File "C:\SKN_main_project1\.venv\Lib\site-packages\pymysql\cursors.py", line 153, in execute
    result = self._query(query)
             ^^^^^^^^^^^^^^^^^^
  File "C:\SKN_main_project1\.venv\Lib\site-packages\pymysql\cursors.py", line 322, in _query
    conn.query(q)
  File "C:\SKN_main_project1\.venv\Lib\site-packages\pymysql\connections.py", line 563, in query
    self._affected_rows = self._read_query_result(unbuffered=unbuffered)
                          ^^^^^^^^^^^^^^^^^^^^^^^^^^^^^^^^^^^^^^^^^^^^^^
  File "C:\SKN_main_project1\.venv\Lib\site-packages\pymysql\connections.py", line 825, in _read_query_result
    result.read()
  File "C:\SKN_main_project1\.venv\Lib\site-packages\pymysql\connections.py", line 1199, in read
    first_packet = self.connection._read_packet()
                   ^^^^^^^^^^^^^^^^^^^^^^^^^^^^^^
  File "C:\SKN_main_project1\.venv\Lib\site-packages\pymysql\connections.py", line 775, in _read_packet
    packet.raise_for_error()
  File "C:\SKN_main_project1\.venv\Lib\site-packages\pymysql\protocol.py", line 219, in raise_for_error
    err.raise_mysql_exception(self._data)
  File "C:\SKN_main_project1\.venv\Lib\site-packages\pymysql\err.py", line 150, in raise_mysql_exception
    raise errorclass(errno, errval)
pymysql.err.DataError: (1265, "Data truncated for column 'fuel_type' at row 76")
2026-05-17 01:25:20,127 [INFO] 처리 시작: 2025년_02월_자동차_등록자료_통계.xlsx (202502)
2026-05-17 01:25:20,818 [INFO]   [01] 시도별      :    90행
2026-05-17 01:25:20,822 [INFO]   [04] 성별·연령별 :    21행
2026-05-17 01:25:20,825 [INFO]   [09] 차종유형별  :    17행
2026-05-17 01:25:20,859 [ERROR] 오류 발생, 롤백: (1265, "Data truncated for column 'fuel_type' at row 76")
Traceback (most recent call last):
  File "c:\SKN_main_project1\load_to_db.py", line 387, in process_file
    total += upsert_fuel(conn, r10)
             ^^^^^^^^^^^^^^^^^^^^^^
  File "c:\SKN_main_project1\load_to_db.py", line 329, in upsert_fuel
    return insert_many(conn, """
           ^^^^^^^^^^^^^^^^^^^^^
  File "c:\SKN_main_project1\load_to_db.py", line 294, in insert_many
    cur.executemany(sql, data)
  File "C:\SKN_main_project1\.venv\Lib\site-packages\pymysql\cursors.py", line 182, in executemany
    return self._do_execute_many(
           ^^^^^^^^^^^^^^^^^^^^^^
  File "C:\SKN_main_project1\.venv\Lib\site-packages\pymysql\cursors.py", line 220, in _do_execute_many
    rows += self.execute(sql + postfix)
            ^^^^^^^^^^^^^^^^^^^^^^^^^^^
  File "C:\SKN_main_project1\.venv\Lib\site-packages\pymysql\cursors.py", line 153, in execute
    result = self._query(query)
             ^^^^^^^^^^^^^^^^^^
  File "C:\SKN_main_project1\.venv\Lib\site-packages\pymysql\cursors.py", line 322, in _query
    conn.query(q)
  File "C:\SKN_main_project1\.venv\Lib\site-packages\pymysql\connections.py", line 563, in query
    self._affected_rows = self._read_query_result(unbuffered=unbuffered)
                          ^^^^^^^^^^^^^^^^^^^^^^^^^^^^^^^^^^^^^^^^^^^^^^
  File "C:\SKN_main_project1\.venv\Lib\site-packages\pymysql\connections.py", line 825, in _read_query_result
    result.read()
  File "C:\SKN_main_project1\.venv\Lib\site-packages\pymysql\connections.py", line 1199, in read
    first_packet = self.connection._read_packet()
                   ^^^^^^^^^^^^^^^^^^^^^^^^^^^^^^
  File "C:\SKN_main_project1\.venv\Lib\site-packages\pymysql\connections.py", line 775, in _read_packet
    packet.raise_for_error()
  File "C:\SKN_main_project1\.venv\Lib\site-packages\pymysql\protocol.py", line 219, in raise_for_error
    err.raise_mysql_exception(self._data)
  File "C:\SKN_main_project1\.venv\Lib\site-packages\pymysql\err.py", line 150, in raise_mysql_exception
    raise errorclass(errno, errval)
pymysql.err.DataError: (1265, "Data truncated for column 'fuel_type' at row 76")
2026-05-17 01:25:20,860 [INFO] 처리 시작: 2025년_03월_자동차_등록자료_통계.xlsx (202503)
2026-05-17 01:25:21,583 [INFO]   [01] 시도별      :    90행
2026-05-17 01:25:21,587 [INFO]   [04] 성별·연령별 :    21행
2026-05-17 01:25:21,589 [INFO]   [09] 차종유형별  :    17행
2026-05-17 01:25:21,627 [ERROR] 오류 발생, 롤백: (1265, "Data truncated for column 'fuel_type' at row 76")
Traceback (most recent call last):
  File "c:\SKN_main_project1\load_to_db.py", line 387, in process_file
    total += upsert_fuel(conn, r10)
             ^^^^^^^^^^^^^^^^^^^^^^
  File "c:\SKN_main_project1\load_to_db.py", line 329, in upsert_fuel
    return insert_many(conn, """
           ^^^^^^^^^^^^^^^^^^^^^
  File "c:\SKN_main_project1\load_to_db.py", line 294, in insert_many
    cur.executemany(sql, data)
  File "C:\SKN_main_project1\.venv\Lib\site-packages\pymysql\cursors.py", line 182, in executemany
    return self._do_execute_many(
           ^^^^^^^^^^^^^^^^^^^^^^
  File "C:\SKN_main_project1\.venv\Lib\site-packages\pymysql\cursors.py", line 220, in _do_execute_many
    rows += self.execute(sql + postfix)
            ^^^^^^^^^^^^^^^^^^^^^^^^^^^
  File "C:\SKN_main_project1\.venv\Lib\site-packages\pymysql\cursors.py", line 153, in execute
    result = self._query(query)
             ^^^^^^^^^^^^^^^^^^
  File "C:\SKN_main_project1\.venv\Lib\site-packages\pymysql\cursors.py", line 322, in _query
    conn.query(q)
  File "C:\SKN_main_project1\.venv\Lib\site-packages\pymysql\connections.py", line 563, in query
    self._affected_rows = self._read_query_result(unbuffered=unbuffered)
                          ^^^^^^^^^^^^^^^^^^^^^^^^^^^^^^^^^^^^^^^^^^^^^^
  File "C:\SKN_main_project1\.venv\Lib\site-packages\pymysql\connections.py", line 825, in _read_query_result
    result.read()
  File "C:\SKN_main_project1\.venv\Lib\site-packages\pymysql\connections.py", line 1199, in read
    first_packet = self.connection._read_packet()
                   ^^^^^^^^^^^^^^^^^^^^^^^^^^^^^^
  File "C:\SKN_main_project1\.venv\Lib\site-packages\pymysql\connections.py", line 775, in _read_packet
    packet.raise_for_error()
  File "C:\SKN_main_project1\.venv\Lib\site-packages\pymysql\protocol.py", line 219, in raise_for_error
    err.raise_mysql_exception(self._data)
  File "C:\SKN_main_project1\.venv\Lib\site-packages\pymysql\err.py", line 150, in raise_mysql_exception
    raise errorclass(errno, errval)
pymysql.err.DataError: (1265, "Data truncated for column 'fuel_type' at row 76")
2026-05-17 01:25:21,628 [INFO] 처리 시작: 2025년_04월_자동차_등록자료_통계.xlsx (202504)
2026-05-17 01:25:22,304 [INFO]   [01] 시도별      :    90행
2026-05-17 01:25:22,311 [INFO]   [04] 성별·연령별 :    21행
2026-05-17 01:25:22,314 [INFO]   [09] 차종유형별  :    17행
2026-05-17 01:25:22,380 [ERROR] 오류 발생, 롤백: (1265, "Data truncated for column 'fuel_type' at row 76")
Traceback (most recent call last):
  File "c:\SKN_main_project1\load_to_db.py", line 387, in process_file
    total += upsert_fuel(conn, r10)
             ^^^^^^^^^^^^^^^^^^^^^^
  File "c:\SKN_main_project1\load_to_db.py", line 329, in upsert_fuel
    return insert_many(conn, """
           ^^^^^^^^^^^^^^^^^^^^^
  File "c:\SKN_main_project1\load_to_db.py", line 294, in insert_many
    cur.executemany(sql, data)
  File "C:\SKN_main_project1\.venv\Lib\site-packages\pymysql\cursors.py", line 182, in executemany
    return self._do_execute_many(
           ^^^^^^^^^^^^^^^^^^^^^^
  File "C:\SKN_main_project1\.venv\Lib\site-packages\pymysql\cursors.py", line 220, in _do_execute_many
    rows += self.execute(sql + postfix)
            ^^^^^^^^^^^^^^^^^^^^^^^^^^^
  File "C:\SKN_main_project1\.venv\Lib\site-packages\pymysql\cursors.py", line 153, in execute
    result = self._query(query)
             ^^^^^^^^^^^^^^^^^^
  File "C:\SKN_main_project1\.venv\Lib\site-packages\pymysql\cursors.py", line 322, in _query
    conn.query(q)
  File "C:\SKN_main_project1\.venv\Lib\site-packages\pymysql\connections.py", line 563, in query
    self._affected_rows = self._read_query_result(unbuffered=unbuffered)
                          ^^^^^^^^^^^^^^^^^^^^^^^^^^^^^^^^^^^^^^^^^^^^^^
  File "C:\SKN_main_project1\.venv\Lib\site-packages\pymysql\connections.py", line 825, in _read_query_result
    result.read()
  File "C:\SKN_main_project1\.venv\Lib\site-packages\pymysql\connections.py", line 1199, in read
    first_packet = self.connection._read_packet()
                   ^^^^^^^^^^^^^^^^^^^^^^^^^^^^^^
  File "C:\SKN_main_project1\.venv\Lib\site-packages\pymysql\connections.py", line 775, in _read_packet
    packet.raise_for_error()
  File "C:\SKN_main_project1\.venv\Lib\site-packages\pymysql\protocol.py", line 219, in raise_for_error
    err.raise_mysql_exception(self._data)
  File "C:\SKN_main_project1\.venv\Lib\site-packages\pymysql\err.py", line 150, in raise_mysql_exception
    raise errorclass(errno, errval)
pymysql.err.DataError: (1265, "Data truncated for column 'fuel_type' at row 76")
2026-05-17 01:25:22,381 [INFO] 처리 시작: 2025년_05월_자동차_등록자료_통계.xlsx (202505)
2026-05-17 01:25:23,037 [INFO]   [01] 시도별      :    90행
2026-05-17 01:25:23,042 [INFO]   [04] 성별·연령별 :    21행
2026-05-17 01:25:23,045 [INFO]   [09] 차종유형별  :    17행
2026-05-17 01:25:23,082 [ERROR] 오류 발생, 롤백: (1265, "Data truncated for column 'fuel_type' at row 76")
Traceback (most recent call last):
  File "c:\SKN_main_project1\load_to_db.py", line 387, in process_file
    total += upsert_fuel(conn, r10)
             ^^^^^^^^^^^^^^^^^^^^^^
  File "c:\SKN_main_project1\load_to_db.py", line 329, in upsert_fuel
    return insert_many(conn, """
           ^^^^^^^^^^^^^^^^^^^^^
  File "c:\SKN_main_project1\load_to_db.py", line 294, in insert_many
    cur.executemany(sql, data)
  File "C:\SKN_main_project1\.venv\Lib\site-packages\pymysql\cursors.py", line 182, in executemany
    return self._do_execute_many(
           ^^^^^^^^^^^^^^^^^^^^^^
  File "C:\SKN_main_project1\.venv\Lib\site-packages\pymysql\cursors.py", line 220, in _do_execute_many
    rows += self.execute(sql + postfix)
            ^^^^^^^^^^^^^^^^^^^^^^^^^^^
  File "C:\SKN_main_project1\.venv\Lib\site-packages\pymysql\cursors.py", line 153, in execute
    result = self._query(query)
             ^^^^^^^^^^^^^^^^^^
  File "C:\SKN_main_project1\.venv\Lib\site-packages\pymysql\cursors.py", line 322, in _query
    conn.query(q)
  File "C:\SKN_main_project1\.venv\Lib\site-packages\pymysql\connections.py", line 563, in query
    self._affected_rows = self._read_query_result(unbuffered=unbuffered)
                          ^^^^^^^^^^^^^^^^^^^^^^^^^^^^^^^^^^^^^^^^^^^^^^
  File "C:\SKN_main_project1\.venv\Lib\site-packages\pymysql\connections.py", line 825, in _read_query_result
    result.read()
  File "C:\SKN_main_project1\.venv\Lib\site-packages\pymysql\connections.py", line 1199, in read
    first_packet = self.connection._read_packet()
                   ^^^^^^^^^^^^^^^^^^^^^^^^^^^^^^
  File "C:\SKN_main_project1\.venv\Lib\site-packages\pymysql\connections.py", line 775, in _read_packet
    packet.raise_for_error()
  File "C:\SKN_main_project1\.venv\Lib\site-packages\pymysql\protocol.py", line 219, in raise_for_error
    err.raise_mysql_exception(self._data)
  File "C:\SKN_main_project1\.venv\Lib\site-packages\pymysql\err.py", line 150, in raise_mysql_exception
    raise errorclass(errno, errval)
pymysql.err.DataError: (1265, "Data truncated for column 'fuel_type' at row 76")
2026-05-17 01:25:23,083 [INFO] 처리 시작: 2025년_06월_자동차_등록자료_통계.xlsx (202506)
2026-05-17 01:25:23,751 [INFO]   [01] 시도별      :    90행
2026-05-17 01:25:23,755 [INFO]   [04] 성별·연령별 :    21행
2026-05-17 01:25:23,760 [INFO]   [09] 차종유형별  :    17행
2026-05-17 01:25:23,794 [ERROR] 오류 발생, 롤백: (1265, "Data truncated for column 'fuel_type' at row 76")
Traceback (most recent call last):
  File "c:\SKN_main_project1\load_to_db.py", line 387, in process_file
    total += upsert_fuel(conn, r10)
             ^^^^^^^^^^^^^^^^^^^^^^
  File "c:\SKN_main_project1\load_to_db.py", line 329, in upsert_fuel
    return insert_many(conn, """
           ^^^^^^^^^^^^^^^^^^^^^
  File "c:\SKN_main_project1\load_to_db.py", line 294, in insert_many
    cur.executemany(sql, data)
  File "C:\SKN_main_project1\.venv\Lib\site-packages\pymysql\cursors.py", line 182, in executemany
    return self._do_execute_many(
           ^^^^^^^^^^^^^^^^^^^^^^
  File "C:\SKN_main_project1\.venv\Lib\site-packages\pymysql\cursors.py", line 220, in _do_execute_many
    rows += self.execute(sql + postfix)
            ^^^^^^^^^^^^^^^^^^^^^^^^^^^
  File "C:\SKN_main_project1\.venv\Lib\site-packages\pymysql\cursors.py", line 153, in execute
    result = self._query(query)
             ^^^^^^^^^^^^^^^^^^
  File "C:\SKN_main_project1\.venv\Lib\site-packages\pymysql\cursors.py", line 322, in _query
    conn.query(q)
  File "C:\SKN_main_project1\.venv\Lib\site-packages\pymysql\connections.py", line 563, in query
    self._affected_rows = self._read_query_result(unbuffered=unbuffered)
                          ^^^^^^^^^^^^^^^^^^^^^^^^^^^^^^^^^^^^^^^^^^^^^^
  File "C:\SKN_main_project1\.venv\Lib\site-packages\pymysql\connections.py", line 825, in _read_query_result
    result.read()
  File "C:\SKN_main_project1\.venv\Lib\site-packages\pymysql\connections.py", line 1199, in read
    first_packet = self.connection._read_packet()
                   ^^^^^^^^^^^^^^^^^^^^^^^^^^^^^^
  File "C:\SKN_main_project1\.venv\Lib\site-packages\pymysql\connections.py", line 775, in _read_packet
    packet.raise_for_error()
  File "C:\SKN_main_project1\.venv\Lib\site-packages\pymysql\protocol.py", line 219, in raise_for_error
    err.raise_mysql_exception(self._data)
  File "C:\SKN_main_project1\.venv\Lib\site-packages\pymysql\err.py", line 150, in raise_mysql_exception
    raise errorclass(errno, errval)
pymysql.err.DataError: (1265, "Data truncated for column 'fuel_type' at row 76")
2026-05-17 01:25:23,795 [INFO] 처리 시작: 2025년_07월_자동차_등록자료_통계.xlsx (202507)
2026-05-17 01:25:24,469 [INFO]   [01] 시도별      :    90행
2026-05-17 01:25:24,472 [INFO]   [04] 성별·연령별 :    21행
2026-05-17 01:25:24,477 [INFO]   [09] 차종유형별  :    17행
2026-05-17 01:25:24,513 [ERROR] 오류 발생, 롤백: (1265, "Data truncated for column 'fuel_type' at row 76")
Traceback (most recent call last):
  File "c:\SKN_main_project1\load_to_db.py", line 387, in process_file
    total += upsert_fuel(conn, r10)
             ^^^^^^^^^^^^^^^^^^^^^^
  File "c:\SKN_main_project1\load_to_db.py", line 329, in upsert_fuel
    return insert_many(conn, """
           ^^^^^^^^^^^^^^^^^^^^^
  File "c:\SKN_main_project1\load_to_db.py", line 294, in insert_many
    cur.executemany(sql, data)
  File "C:\SKN_main_project1\.venv\Lib\site-packages\pymysql\cursors.py", line 182, in executemany
    return self._do_execute_many(
           ^^^^^^^^^^^^^^^^^^^^^^
  File "C:\SKN_main_project1\.venv\Lib\site-packages\pymysql\cursors.py", line 220, in _do_execute_many
    rows += self.execute(sql + postfix)
            ^^^^^^^^^^^^^^^^^^^^^^^^^^^
  File "C:\SKN_main_project1\.venv\Lib\site-packages\pymysql\cursors.py", line 153, in execute
    result = self._query(query)
             ^^^^^^^^^^^^^^^^^^
  File "C:\SKN_main_project1\.venv\Lib\site-packages\pymysql\cursors.py", line 322, in _query
    conn.query(q)
  File "C:\SKN_main_project1\.venv\Lib\site-packages\pymysql\connections.py", line 563, in query
    self._affected_rows = self._read_query_result(unbuffered=unbuffered)
                          ^^^^^^^^^^^^^^^^^^^^^^^^^^^^^^^^^^^^^^^^^^^^^^
  File "C:\SKN_main_project1\.venv\Lib\site-packages\pymysql\connections.py", line 825, in _read_query_result
    result.read()
  File "C:\SKN_main_project1\.venv\Lib\site-packages\pymysql\connections.py", line 1199, in read
    first_packet = self.connection._read_packet()
                   ^^^^^^^^^^^^^^^^^^^^^^^^^^^^^^
  File "C:\SKN_main_project1\.venv\Lib\site-packages\pymysql\connections.py", line 775, in _read_packet
    packet.raise_for_error()
  File "C:\SKN_main_project1\.venv\Lib\site-packages\pymysql\protocol.py", line 219, in raise_for_error
    err.raise_mysql_exception(self._data)
  File "C:\SKN_main_project1\.venv\Lib\site-packages\pymysql\err.py", line 150, in raise_mysql_exception
    raise errorclass(errno, errval)
pymysql.err.DataError: (1265, "Data truncated for column 'fuel_type' at row 76")
2026-05-17 01:25:24,514 [INFO] 처리 시작: 2025년_08월_자동차_등록자료_통계.xlsx (202508)
2026-05-17 01:25:25,181 [INFO]   [01] 시도별      :    90행
2026-05-17 01:25:25,186 [INFO]   [04] 성별·연령별 :    21행
2026-05-17 01:25:25,188 [INFO]   [09] 차종유형별  :    17행
2026-05-17 01:25:25,231 [ERROR] 오류 발생, 롤백: (1265, "Data truncated for column 'fuel_type' at row 76")
Traceback (most recent call last):
  File "c:\SKN_main_project1\load_to_db.py", line 387, in process_file
    total += upsert_fuel(conn, r10)
             ^^^^^^^^^^^^^^^^^^^^^^
  File "c:\SKN_main_project1\load_to_db.py", line 329, in upsert_fuel
    return insert_many(conn, """
           ^^^^^^^^^^^^^^^^^^^^^
  File "c:\SKN_main_project1\load_to_db.py", line 294, in insert_many
    cur.executemany(sql, data)
  File "C:\SKN_main_project1\.venv\Lib\site-packages\pymysql\cursors.py", line 182, in executemany
    return self._do_execute_many(
           ^^^^^^^^^^^^^^^^^^^^^^
  File "C:\SKN_main_project1\.venv\Lib\site-packages\pymysql\cursors.py", line 220, in _do_execute_many
    rows += self.execute(sql + postfix)
            ^^^^^^^^^^^^^^^^^^^^^^^^^^^
  File "C:\SKN_main_project1\.venv\Lib\site-packages\pymysql\cursors.py", line 153, in execute
    result = self._query(query)
             ^^^^^^^^^^^^^^^^^^
  File "C:\SKN_main_project1\.venv\Lib\site-packages\pymysql\cursors.py", line 322, in _query
    conn.query(q)
  File "C:\SKN_main_project1\.venv\Lib\site-packages\pymysql\connections.py", line 563, in query
    self._affected_rows = self._read_query_result(unbuffered=unbuffered)
                          ^^^^^^^^^^^^^^^^^^^^^^^^^^^^^^^^^^^^^^^^^^^^^^
  File "C:\SKN_main_project1\.venv\Lib\site-packages\pymysql\connections.py", line 825, in _read_query_result
    result.read()
  File "C:\SKN_main_project1\.venv\Lib\site-packages\pymysql\connections.py", line 1199, in read
    first_packet = self.connection._read_packet()
                   ^^^^^^^^^^^^^^^^^^^^^^^^^^^^^^
  File "C:\SKN_main_project1\.venv\Lib\site-packages\pymysql\connections.py", line 775, in _read_packet
    packet.raise_for_error()
  File "C:\SKN_main_project1\.venv\Lib\site-packages\pymysql\protocol.py", line 219, in raise_for_error
    err.raise_mysql_exception(self._data)
  File "C:\SKN_main_project1\.venv\Lib\site-packages\pymysql\err.py", line 150, in raise_mysql_exception
    raise errorclass(errno, errval)
pymysql.err.DataError: (1265, "Data truncated for column 'fuel_type' at row 76")
2026-05-17 01:25:25,232 [INFO] 처리 시작: 2025년_09월_자동차_등록자료_통계.xlsx (202509)
2026-05-17 01:25:25,892 [INFO]   [01] 시도별      :    90행
2026-05-17 01:25:25,895 [INFO]   [04] 성별·연령별 :    21행
2026-05-17 01:25:25,898 [INFO]   [09] 차종유형별  :    17행
2026-05-17 01:25:25,932 [ERROR] 오류 발생, 롤백: (1265, "Data truncated for column 'fuel_type' at row 76")
Traceback (most recent call last):
  File "c:\SKN_main_project1\load_to_db.py", line 387, in process_file
    total += upsert_fuel(conn, r10)
             ^^^^^^^^^^^^^^^^^^^^^^
  File "c:\SKN_main_project1\load_to_db.py", line 329, in upsert_fuel
    return insert_many(conn, """
           ^^^^^^^^^^^^^^^^^^^^^
  File "c:\SKN_main_project1\load_to_db.py", line 294, in insert_many
    cur.executemany(sql, data)
  File "C:\SKN_main_project1\.venv\Lib\site-packages\pymysql\cursors.py", line 182, in executemany
    return self._do_execute_many(
           ^^^^^^^^^^^^^^^^^^^^^^
  File "C:\SKN_main_project1\.venv\Lib\site-packages\pymysql\cursors.py", line 220, in _do_execute_many
    rows += self.execute(sql + postfix)
            ^^^^^^^^^^^^^^^^^^^^^^^^^^^
  File "C:\SKN_main_project1\.venv\Lib\site-packages\pymysql\cursors.py", line 153, in execute
    result = self._query(query)
             ^^^^^^^^^^^^^^^^^^
  File "C:\SKN_main_project1\.venv\Lib\site-packages\pymysql\cursors.py", line 322, in _query
    conn.query(q)
  File "C:\SKN_main_project1\.venv\Lib\site-packages\pymysql\connections.py", line 563, in query
    self._affected_rows = self._read_query_result(unbuffered=unbuffered)
                          ^^^^^^^^^^^^^^^^^^^^^^^^^^^^^^^^^^^^^^^^^^^^^^
  File "C:\SKN_main_project1\.venv\Lib\site-packages\pymysql\connections.py", line 825, in _read_query_result
    result.read()
  File "C:\SKN_main_project1\.venv\Lib\site-packages\pymysql\connections.py", line 1199, in read
    first_packet = self.connection._read_packet()
                   ^^^^^^^^^^^^^^^^^^^^^^^^^^^^^^
  File "C:\SKN_main_project1\.venv\Lib\site-packages\pymysql\connections.py", line 775, in _read_packet
    packet.raise_for_error()
  File "C:\SKN_main_project1\.venv\Lib\site-packages\pymysql\protocol.py", line 219, in raise_for_error
    err.raise_mysql_exception(self._data)
  File "C:\SKN_main_project1\.venv\Lib\site-packages\pymysql\err.py", line 150, in raise_mysql_exception
    raise errorclass(errno, errval)
pymysql.err.DataError: (1265, "Data truncated for column 'fuel_type' at row 76")
2026-05-17 01:25:25,933 [INFO] 처리 시작: 2025년_10월_자동차_등록자료_통계.xlsx (202510)
2026-05-17 01:25:26,584 [INFO]   [01] 시도별      :    90행
2026-05-17 01:25:26,589 [INFO]   [04] 성별·연령별 :    21행
2026-05-17 01:25:26,594 [INFO]   [09] 차종유형별  :    17행
2026-05-17 01:25:26,631 [ERROR] 오류 발생, 롤백: (1265, "Data truncated for column 'fuel_type' at row 76")
Traceback (most recent call last):
  File "c:\SKN_main_project1\load_to_db.py", line 387, in process_file
    total += upsert_fuel(conn, r10)
             ^^^^^^^^^^^^^^^^^^^^^^
  File "c:\SKN_main_project1\load_to_db.py", line 329, in upsert_fuel
    return insert_many(conn, """
           ^^^^^^^^^^^^^^^^^^^^^
  File "c:\SKN_main_project1\load_to_db.py", line 294, in insert_many
    cur.executemany(sql, data)
  File "C:\SKN_main_project1\.venv\Lib\site-packages\pymysql\cursors.py", line 182, in executemany
    return self._do_execute_many(
           ^^^^^^^^^^^^^^^^^^^^^^
  File "C:\SKN_main_project1\.venv\Lib\site-packages\pymysql\cursors.py", line 220, in _do_execute_many
    rows += self.execute(sql + postfix)
            ^^^^^^^^^^^^^^^^^^^^^^^^^^^
  File "C:\SKN_main_project1\.venv\Lib\site-packages\pymysql\cursors.py", line 153, in execute
    result = self._query(query)
             ^^^^^^^^^^^^^^^^^^
  File "C:\SKN_main_project1\.venv\Lib\site-packages\pymysql\cursors.py", line 322, in _query
    conn.query(q)
  File "C:\SKN_main_project1\.venv\Lib\site-packages\pymysql\connections.py", line 563, in query
    self._affected_rows = self._read_query_result(unbuffered=unbuffered)
                          ^^^^^^^^^^^^^^^^^^^^^^^^^^^^^^^^^^^^^^^^^^^^^^
  File "C:\SKN_main_project1\.venv\Lib\site-packages\pymysql\connections.py", line 825, in _read_query_result
    result.read()
  File "C:\SKN_main_project1\.venv\Lib\site-packages\pymysql\connections.py", line 1199, in read
    first_packet = self.connection._read_packet()
                   ^^^^^^^^^^^^^^^^^^^^^^^^^^^^^^
  File "C:\SKN_main_project1\.venv\Lib\site-packages\pymysql\connections.py", line 775, in _read_packet
    packet.raise_for_error()
  File "C:\SKN_main_project1\.venv\Lib\site-packages\pymysql\protocol.py", line 219, in raise_for_error
    err.raise_mysql_exception(self._data)
  File "C:\SKN_main_project1\.venv\Lib\site-packages\pymysql\err.py", line 150, in raise_mysql_exception
    raise errorclass(errno, errval)
pymysql.err.DataError: (1265, "Data truncated for column 'fuel_type' at row 76")
2026-05-17 01:25:26,633 [INFO] 처리 시작: 2025년_11월_자동차_등록자료_통계.xlsx (202511)
2026-05-17 01:25:27,326 [INFO]   [01] 시도별      :    90행
2026-05-17 01:25:27,329 [INFO]   [04] 성별·연령별 :    21행
2026-05-17 01:25:27,332 [INFO]   [09] 차종유형별  :    17행
2026-05-17 01:25:27,368 [ERROR] 오류 발생, 롤백: (1265, "Data truncated for column 'fuel_type' at row 76")
Traceback (most recent call last):
  File "c:\SKN_main_project1\load_to_db.py", line 387, in process_file
    total += upsert_fuel(conn, r10)
             ^^^^^^^^^^^^^^^^^^^^^^
  File "c:\SKN_main_project1\load_to_db.py", line 329, in upsert_fuel
    return insert_many(conn, """
           ^^^^^^^^^^^^^^^^^^^^^
  File "c:\SKN_main_project1\load_to_db.py", line 294, in insert_many
    cur.executemany(sql, data)
  File "C:\SKN_main_project1\.venv\Lib\site-packages\pymysql\cursors.py", line 182, in executemany
    return self._do_execute_many(
           ^^^^^^^^^^^^^^^^^^^^^^
  File "C:\SKN_main_project1\.venv\Lib\site-packages\pymysql\cursors.py", line 220, in _do_execute_many
    rows += self.execute(sql + postfix)
            ^^^^^^^^^^^^^^^^^^^^^^^^^^^
  File "C:\SKN_main_project1\.venv\Lib\site-packages\pymysql\cursors.py", line 153, in execute
    result = self._query(query)
             ^^^^^^^^^^^^^^^^^^
  File "C:\SKN_main_project1\.venv\Lib\site-packages\pymysql\cursors.py", line 322, in _query
    conn.query(q)
  File "C:\SKN_main_project1\.venv\Lib\site-packages\pymysql\connections.py", line 563, in query
    self._affected_rows = self._read_query_result(unbuffered=unbuffered)
                          ^^^^^^^^^^^^^^^^^^^^^^^^^^^^^^^^^^^^^^^^^^^^^^
  File "C:\SKN_main_project1\.venv\Lib\site-packages\pymysql\connections.py", line 825, in _read_query_result
    result.read()
  File "C:\SKN_main_project1\.venv\Lib\site-packages\pymysql\connections.py", line 1199, in read
    first_packet = self.connection._read_packet()
                   ^^^^^^^^^^^^^^^^^^^^^^^^^^^^^^
  File "C:\SKN_main_project1\.venv\Lib\site-packages\pymysql\connections.py", line 775, in _read_packet
    packet.raise_for_error()
  File "C:\SKN_main_project1\.venv\Lib\site-packages\pymysql\protocol.py", line 219, in raise_for_error
    err.raise_mysql_exception(self._data)
  File "C:\SKN_main_project1\.venv\Lib\site-packages\pymysql\err.py", line 150, in raise_mysql_exception
    raise errorclass(errno, errval)
pymysql.err.DataError: (1265, "Data truncated for column 'fuel_type' at row 76")
2026-05-17 01:25:27,369 [INFO] 처리 시작: 2025년_12월_자동차_등록자료_통계.xlsx (202512)
2026-05-17 01:25:28,086 [INFO]   [01] 시도별      :    90행
2026-05-17 01:25:28,090 [INFO]   [04] 성별·연령별 :    21행
2026-05-17 01:25:28,093 [INFO]   [09] 차종유형별  :    17행
2026-05-17 01:25:28,127 [ERROR] 오류 발생, 롤백: (1265, "Data truncated for column 'fuel_type' at row 76")
Traceback (most recent call last):
  File "c:\SKN_main_project1\load_to_db.py", line 387, in process_file
    total += upsert_fuel(conn, r10)
             ^^^^^^^^^^^^^^^^^^^^^^
  File "c:\SKN_main_project1\load_to_db.py", line 329, in upsert_fuel
    return insert_many(conn, """
           ^^^^^^^^^^^^^^^^^^^^^
  File "c:\SKN_main_project1\load_to_db.py", line 294, in insert_many
    cur.executemany(sql, data)
  File "C:\SKN_main_project1\.venv\Lib\site-packages\pymysql\cursors.py", line 182, in executemany
    return self._do_execute_many(
           ^^^^^^^^^^^^^^^^^^^^^^
  File "C:\SKN_main_project1\.venv\Lib\site-packages\pymysql\cursors.py", line 220, in _do_execute_many
    rows += self.execute(sql + postfix)
            ^^^^^^^^^^^^^^^^^^^^^^^^^^^
  File "C:\SKN_main_project1\.venv\Lib\site-packages\pymysql\cursors.py", line 153, in execute
    result = self._query(query)
             ^^^^^^^^^^^^^^^^^^
  File "C:\SKN_main_project1\.venv\Lib\site-packages\pymysql\cursors.py", line 322, in _query
    conn.query(q)
  File "C:\SKN_main_project1\.venv\Lib\site-packages\pymysql\connections.py", line 563, in query
    self._affected_rows = self._read_query_result(unbuffered=unbuffered)
                          ^^^^^^^^^^^^^^^^^^^^^^^^^^^^^^^^^^^^^^^^^^^^^^
  File "C:\SKN_main_project1\.venv\Lib\site-packages\pymysql\connections.py", line 825, in _read_query_result
    result.read()
  File "C:\SKN_main_project1\.venv\Lib\site-packages\pymysql\connections.py", line 1199, in read
    first_packet = self.connection._read_packet()
                   ^^^^^^^^^^^^^^^^^^^^^^^^^^^^^^
  File "C:\SKN_main_project1\.venv\Lib\site-packages\pymysql\connections.py", line 775, in _read_packet
    packet.raise_for_error()
  File "C:\SKN_main_project1\.venv\Lib\site-packages\pymysql\protocol.py", line 219, in raise_for_error
    err.raise_mysql_exception(self._data)
  File "C:\SKN_main_project1\.venv\Lib\site-packages\pymysql\err.py", line 150, in raise_mysql_exception
    raise errorclass(errno, errval)
pymysql.err.DataError: (1265, "Data truncated for column 'fuel_type' at row 76")
2026-05-17 01:25:28,128 [INFO] 처리 시작: 2026년_01월_자동차_등록자료_통계.xlsx (202601)
2026-05-17 01:25:28,831 [INFO]   [01] 시도별      :    90행
2026-05-17 01:25:28,836 [INFO]   [04] 성별·연령별 :    21행
2026-05-17 01:25:28,840 [INFO]   [09] 차종유형별  :    17행
2026-05-17 01:25:28,874 [ERROR] 오류 발생, 롤백: (1265, "Data truncated for column 'fuel_type' at row 76")
Traceback (most recent call last):
  File "c:\SKN_main_project1\load_to_db.py", line 387, in process_file
    total += upsert_fuel(conn, r10)
             ^^^^^^^^^^^^^^^^^^^^^^
  File "c:\SKN_main_project1\load_to_db.py", line 329, in upsert_fuel
    return insert_many(conn, """
           ^^^^^^^^^^^^^^^^^^^^^
  File "c:\SKN_main_project1\load_to_db.py", line 294, in insert_many
    cur.executemany(sql, data)
  File "C:\SKN_main_project1\.venv\Lib\site-packages\pymysql\cursors.py", line 182, in executemany
    return self._do_execute_many(
           ^^^^^^^^^^^^^^^^^^^^^^
  File "C:\SKN_main_project1\.venv\Lib\site-packages\pymysql\cursors.py", line 220, in _do_execute_many
    rows += self.execute(sql + postfix)
            ^^^^^^^^^^^^^^^^^^^^^^^^^^^
  File "C:\SKN_main_project1\.venv\Lib\site-packages\pymysql\cursors.py", line 153, in execute
    result = self._query(query)
             ^^^^^^^^^^^^^^^^^^
  File "C:\SKN_main_project1\.venv\Lib\site-packages\pymysql\cursors.py", line 322, in _query
    conn.query(q)
  File "C:\SKN_main_project1\.venv\Lib\site-packages\pymysql\connections.py", line 563, in query
    self._affected_rows = self._read_query_result(unbuffered=unbuffered)
                          ^^^^^^^^^^^^^^^^^^^^^^^^^^^^^^^^^^^^^^^^^^^^^^
  File "C:\SKN_main_project1\.venv\Lib\site-packages\pymysql\connections.py", line 825, in _read_query_result
    result.read()
  File "C:\SKN_main_project1\.venv\Lib\site-packages\pymysql\connections.py", line 1199, in read
    first_packet = self.connection._read_packet()
                   ^^^^^^^^^^^^^^^^^^^^^^^^^^^^^^
  File "C:\SKN_main_project1\.venv\Lib\site-packages\pymysql\connections.py", line 775, in _read_packet
    packet.raise_for_error()
  File "C:\SKN_main_project1\.venv\Lib\site-packages\pymysql\protocol.py", line 219, in raise_for_error
    err.raise_mysql_exception(self._data)
  File "C:\SKN_main_project1\.venv\Lib\site-packages\pymysql\err.py", line 150, in raise_mysql_exception
    raise errorclass(errno, errval)
pymysql.err.DataError: (1265, "Data truncated for column 'fuel_type' at row 76")
2026-05-17 01:25:28,877 [INFO] 처리 시작: 2026년_02월_자동차_등록자료_통계.xlsx (202602)
2026-05-17 01:25:29,578 [INFO]   [01] 시도별      :    90행
2026-05-17 01:25:29,582 [INFO]   [04] 성별·연령별 :    21행
2026-05-17 01:25:29,585 [INFO]   [09] 차종유형별  :    17행
2026-05-17 01:25:29,619 [ERROR] 오류 발생, 롤백: (1265, "Data truncated for column 'fuel_type' at row 76")
Traceback (most recent call last):
  File "c:\SKN_main_project1\load_to_db.py", line 387, in process_file
    total += upsert_fuel(conn, r10)
             ^^^^^^^^^^^^^^^^^^^^^^
  File "c:\SKN_main_project1\load_to_db.py", line 329, in upsert_fuel
    return insert_many(conn, """
           ^^^^^^^^^^^^^^^^^^^^^
  File "c:\SKN_main_project1\load_to_db.py", line 294, in insert_many
    cur.executemany(sql, data)
  File "C:\SKN_main_project1\.venv\Lib\site-packages\pymysql\cursors.py", line 182, in executemany
    return self._do_execute_many(
           ^^^^^^^^^^^^^^^^^^^^^^
  File "C:\SKN_main_project1\.venv\Lib\site-packages\pymysql\cursors.py", line 220, in _do_execute_many
    rows += self.execute(sql + postfix)
            ^^^^^^^^^^^^^^^^^^^^^^^^^^^
  File "C:\SKN_main_project1\.venv\Lib\site-packages\pymysql\cursors.py", line 153, in execute
    result = self._query(query)
             ^^^^^^^^^^^^^^^^^^
  File "C:\SKN_main_project1\.venv\Lib\site-packages\pymysql\cursors.py", line 322, in _query
    conn.query(q)
  File "C:\SKN_main_project1\.venv\Lib\site-packages\pymysql\connections.py", line 563, in query
    self._affected_rows = self._read_query_result(unbuffered=unbuffered)
                          ^^^^^^^^^^^^^^^^^^^^^^^^^^^^^^^^^^^^^^^^^^^^^^
  File "C:\SKN_main_project1\.venv\Lib\site-packages\pymysql\connections.py", line 825, in _read_query_result
    result.read()
  File "C:\SKN_main_project1\.venv\Lib\site-packages\pymysql\connections.py", line 1199, in read
    first_packet = self.connection._read_packet()
                   ^^^^^^^^^^^^^^^^^^^^^^^^^^^^^^
  File "C:\SKN_main_project1\.venv\Lib\site-packages\pymysql\connections.py", line 775, in _read_packet
    packet.raise_for_error()
  File "C:\SKN_main_project1\.venv\Lib\site-packages\pymysql\protocol.py", line 219, in raise_for_error
    err.raise_mysql_exception(self._data)
  File "C:\SKN_main_project1\.venv\Lib\site-packages\pymysql\err.py", line 150, in raise_mysql_exception
    raise errorclass(errno, errval)
pymysql.err.DataError: (1265, "Data truncated for column 'fuel_type' at row 76")
2026-05-17 01:25:29,620 [INFO] 처리 시작: 2026년_03월_자동차_등록자료_통계.xlsx (202603)
2026-05-17 01:25:30,302 [INFO]   [01] 시도별      :    90행
2026-05-17 01:25:30,305 [INFO]   [04] 성별·연령별 :    21행
2026-05-17 01:25:30,311 [INFO]   [09] 차종유형별  :    17행
2026-05-17 01:25:30,347 [ERROR] 오류 발생, 롤백: (1265, "Data truncated for column 'fuel_type' at row 76")
Traceback (most recent call last):
  File "c:\SKN_main_project1\load_to_db.py", line 387, in process_file
    total += upsert_fuel(conn, r10)
             ^^^^^^^^^^^^^^^^^^^^^^
  File "c:\SKN_main_project1\load_to_db.py", line 329, in upsert_fuel
    return insert_many(conn, """
           ^^^^^^^^^^^^^^^^^^^^^
  File "c:\SKN_main_project1\load_to_db.py", line 294, in insert_many
    cur.executemany(sql, data)
  File "C:\SKN_main_project1\.venv\Lib\site-packages\pymysql\cursors.py", line 182, in executemany
    return self._do_execute_many(
           ^^^^^^^^^^^^^^^^^^^^^^
  File "C:\SKN_main_project1\.venv\Lib\site-packages\pymysql\cursors.py", line 220, in _do_execute_many
    rows += self.execute(sql + postfix)
            ^^^^^^^^^^^^^^^^^^^^^^^^^^^
  File "C:\SKN_main_project1\.venv\Lib\site-packages\pymysql\cursors.py", line 153, in execute
    result = self._query(query)
             ^^^^^^^^^^^^^^^^^^
  File "C:\SKN_main_project1\.venv\Lib\site-packages\pymysql\cursors.py", line 322, in _query
    conn.query(q)
  File "C:\SKN_main_project1\.venv\Lib\site-packages\pymysql\connections.py", line 563, in query
    self._affected_rows = self._read_query_result(unbuffered=unbuffered)
                          ^^^^^^^^^^^^^^^^^^^^^^^^^^^^^^^^^^^^^^^^^^^^^^
  File "C:\SKN_main_project1\.venv\Lib\site-packages\pymysql\connections.py", line 825, in _read_query_result
    result.read()
  File "C:\SKN_main_project1\.venv\Lib\site-packages\pymysql\connections.py", line 1199, in read
    first_packet = self.connection._read_packet()
                   ^^^^^^^^^^^^^^^^^^^^^^^^^^^^^^
  File "C:\SKN_main_project1\.venv\Lib\site-packages\pymysql\connections.py", line 775, in _read_packet
    packet.raise_for_error()
  File "C:\SKN_main_project1\.venv\Lib\site-packages\pymysql\protocol.py", line 219, in raise_for_error
    err.raise_mysql_exception(self._data)
  File "C:\SKN_main_project1\.venv\Lib\site-packages\pymysql\err.py", line 150, in raise_mysql_exception
    raise errorclass(errno, errval)
pymysql.err.DataError: (1265, "Data truncated for column 'fuel_type' at row 76")
2026-05-17 01:25:30,348 [INFO] 처리 시작: 2026년_04월_자동차_등록자료_통계.xlsx (202604)
2026-05-17 01:25:31,048 [INFO]   [01] 시도별      :    90행
2026-05-17 01:25:31,051 [INFO]   [04] 성별·연령별 :    21행
2026-05-17 01:25:31,054 [INFO]   [09] 차종유형별  :    17행
2026-05-17 01:25:31,090 [ERROR] 오류 발생, 롤백: (1265, "Data truncated for column 'fuel_type' at row 76")
Traceback (most recent call last):
  File "c:\SKN_main_project1\load_to_db.py", line 387, in process_file
    total += upsert_fuel(conn, r10)
             ^^^^^^^^^^^^^^^^^^^^^^
  File "c:\SKN_main_project1\load_to_db.py", line 329, in upsert_fuel
    return insert_many(conn, """
           ^^^^^^^^^^^^^^^^^^^^^
  File "c:\SKN_main_project1\load_to_db.py", line 294, in insert_many
    cur.executemany(sql, data)
  File "C:\SKN_main_project1\.venv\Lib\site-packages\pymysql\cursors.py", line 182, in executemany
    return self._do_execute_many(
           ^^^^^^^^^^^^^^^^^^^^^^
  File "C:\SKN_main_project1\.venv\Lib\site-packages\pymysql\cursors.py", line 220, in _do_execute_many
    rows += self.execute(sql + postfix)
            ^^^^^^^^^^^^^^^^^^^^^^^^^^^
  File "C:\SKN_main_project1\.venv\Lib\site-packages\pymysql\cursors.py", line 153, in execute
    result = self._query(query)
             ^^^^^^^^^^^^^^^^^^
  File "C:\SKN_main_project1\.venv\Lib\site-packages\pymysql\cursors.py", line 322, in _query
    conn.query(q)
  File "C:\SKN_main_project1\.venv\Lib\site-packages\pymysql\connections.py", line 563, in query
    self._affected_rows = self._read_query_result(unbuffered=unbuffered)
                          ^^^^^^^^^^^^^^^^^^^^^^^^^^^^^^^^^^^^^^^^^^^^^^
  File "C:\SKN_main_project1\.venv\Lib\site-packages\pymysql\connections.py", line 825, in _read_query_result
    result.read()
  File "C:\SKN_main_project1\.venv\Lib\site-packages\pymysql\connections.py", line 1199, in read
    first_packet = self.connection._read_packet()
                   ^^^^^^^^^^^^^^^^^^^^^^^^^^^^^^
  File "C:\SKN_main_project1\.venv\Lib\site-packages\pymysql\connections.py", line 775, in _read_packet
    packet.raise_for_error()
  File "C:\SKN_main_project1\.venv\Lib\site-packages\pymysql\protocol.py", line 219, in raise_for_error
    err.raise_mysql_exception(self._data)
  File "C:\SKN_main_project1\.venv\Lib\site-packages\pymysql\err.py", line 150, in raise_mysql_exception
    raise errorclass(errno, errval)
pymysql.err.DataError: (1265, "Data truncated for column 'fuel_type' at row 76")
2026-05-17 01:25:31,091 [INFO] DB 최신 기준: None
2026-05-17 01:25:31,091 [INFO] ============================================================
2026-05-17 01:25:31,091 [INFO] 종료: 2026-05-17 01:25:31
2026-05-17 01:25:31,091 [INFO] ============================================================
2026-05-17 02:16:31,924 [INFO] ============================================================
2026-05-17 02:16:31,924 [INFO] 전국 자동차 등록 현황 DB 적재 시작
2026-05-17 02:16:31,924 [INFO] 시작: 2026-05-17 02:16:31
2026-05-17 02:16:31,924 [INFO] ============================================================
2026-05-17 02:16:31,924 [INFO] 발견 파일: 28개
2026-05-17 02:16:31,946 [INFO] DB 연결 성공
2026-05-17 02:17:12,717 [INFO] ============================================================
2026-05-17 02:17:12,717 [INFO] 전국 자동차 등록 현황 DB 적재 시작
2026-05-17 02:17:12,717 [INFO] 시작: 2026-05-17 02:17:12
2026-05-17 02:17:12,717 [INFO] ============================================================
2026-05-17 02:17:12,718 [INFO] 발견 파일: 28개
2026-05-17 02:17:12,728 [INFO] DB 연결 성공
2026-05-17 02:17:12,743 [INFO] 신규 적재: 28개 (기적재 0개 스킵)
2026-05-17 02:17:12,744 [INFO] 처리 시작: 2024년_01월_자동차_등록자료_통계.xlsx (202401)
2026-05-17 02:17:13,364 [INFO]   [01] 시도별      :    90행
2026-05-17 02:17:13,367 [INFO]   [04] 성별·연령별 :    21행
2026-05-17 02:17:13,371 [INFO]   [09] 차종유형별  :    17행
2026-05-17 02:17:13,399 [ERROR] 오류 발생, 롤백: (1265, "Data truncated for column 'fuel_type' at row 76")
Traceback (most recent call last):
  File "c:\SKN_main_project1\load_to_db.py", line 383, in process_file
    total += upsert_fuel(conn, r10)
             ^^^^^^^^^^^^^^^^^^^^^^
  File "c:\SKN_main_project1\load_to_db.py", line 325, in upsert_fuel
    return insert_many(conn, """
           ^^^^^^^^^^^^^^^^^^^^^
  File "c:\SKN_main_project1\load_to_db.py", line 290, in insert_many
    cur.executemany(sql, data)
  File "C:\SKN_main_project1\.venv\Lib\site-packages\pymysql\cursors.py", line 182, in executemany
    return self._do_execute_many(
           ^^^^^^^^^^^^^^^^^^^^^^
  File "C:\SKN_main_project1\.venv\Lib\site-packages\pymysql\cursors.py", line 220, in _do_execute_many
    rows += self.execute(sql + postfix)
            ^^^^^^^^^^^^^^^^^^^^^^^^^^^
  File "C:\SKN_main_project1\.venv\Lib\site-packages\pymysql\cursors.py", line 153, in execute
    result = self._query(query)
             ^^^^^^^^^^^^^^^^^^
  File "C:\SKN_main_project1\.venv\Lib\site-packages\pymysql\cursors.py", line 322, in _query
    conn.query(q)
  File "C:\SKN_main_project1\.venv\Lib\site-packages\pymysql\connections.py", line 563, in query
    self._affected_rows = self._read_query_result(unbuffered=unbuffered)
                          ^^^^^^^^^^^^^^^^^^^^^^^^^^^^^^^^^^^^^^^^^^^^^^
  File "C:\SKN_main_project1\.venv\Lib\site-packages\pymysql\connections.py", line 825, in _read_query_result
    result.read()
  File "C:\SKN_main_project1\.venv\Lib\site-packages\pymysql\connections.py", line 1199, in read
    first_packet = self.connection._read_packet()
                   ^^^^^^^^^^^^^^^^^^^^^^^^^^^^^^
  File "C:\SKN_main_project1\.venv\Lib\site-packages\pymysql\connections.py", line 775, in _read_packet
    packet.raise_for_error()
  File "C:\SKN_main_project1\.venv\Lib\site-packages\pymysql\protocol.py", line 219, in raise_for_error
    err.raise_mysql_exception(self._data)
  File "C:\SKN_main_project1\.venv\Lib\site-packages\pymysql\err.py", line 150, in raise_mysql_exception
    raise errorclass(errno, errval)
pymysql.err.DataError: (1265, "Data truncated for column 'fuel_type' at row 76")
2026-05-17 02:17:13,407 [INFO] 처리 시작: 2024년_02월_자동차_등록자료_통계.xlsx (202402)
2026-05-17 02:17:14,134 [INFO]   [01] 시도별      :    90행
2026-05-17 02:17:14,134 [INFO]   [04] 성별·연령별 :    21행
2026-05-17 02:17:14,134 [INFO]   [09] 차종유형별  :    17행
2026-05-17 02:17:14,186 [ERROR] 오류 발생, 롤백: (1265, "Data truncated for column 'fuel_type' at row 76")
Traceback (most recent call last):
  File "c:\SKN_main_project1\load_to_db.py", line 383, in process_file
    total += upsert_fuel(conn, r10)
             ^^^^^^^^^^^^^^^^^^^^^^
  File "c:\SKN_main_project1\load_to_db.py", line 325, in upsert_fuel
    return insert_many(conn, """
           ^^^^^^^^^^^^^^^^^^^^^
  File "c:\SKN_main_project1\load_to_db.py", line 290, in insert_many
    cur.executemany(sql, data)
  File "C:\SKN_main_project1\.venv\Lib\site-packages\pymysql\cursors.py", line 182, in executemany
    return self._do_execute_many(
           ^^^^^^^^^^^^^^^^^^^^^^
  File "C:\SKN_main_project1\.venv\Lib\site-packages\pymysql\cursors.py", line 220, in _do_execute_many
    rows += self.execute(sql + postfix)
            ^^^^^^^^^^^^^^^^^^^^^^^^^^^
  File "C:\SKN_main_project1\.venv\Lib\site-packages\pymysql\cursors.py", line 153, in execute
    result = self._query(query)
             ^^^^^^^^^^^^^^^^^^
  File "C:\SKN_main_project1\.venv\Lib\site-packages\pymysql\cursors.py", line 322, in _query
    conn.query(q)
  File "C:\SKN_main_project1\.venv\Lib\site-packages\pymysql\connections.py", line 563, in query
    self._affected_rows = self._read_query_result(unbuffered=unbuffered)
                          ^^^^^^^^^^^^^^^^^^^^^^^^^^^^^^^^^^^^^^^^^^^^^^
  File "C:\SKN_main_project1\.venv\Lib\site-packages\pymysql\connections.py", line 825, in _read_query_result
    result.read()
  File "C:\SKN_main_project1\.venv\Lib\site-packages\pymysql\connections.py", line 1199, in read
    first_packet = self.connection._read_packet()
                   ^^^^^^^^^^^^^^^^^^^^^^^^^^^^^^
  File "C:\SKN_main_project1\.venv\Lib\site-packages\pymysql\connections.py", line 775, in _read_packet
    packet.raise_for_error()
  File "C:\SKN_main_project1\.venv\Lib\site-packages\pymysql\protocol.py", line 219, in raise_for_error
    err.raise_mysql_exception(self._data)
  File "C:\SKN_main_project1\.venv\Lib\site-packages\pymysql\err.py", line 150, in raise_mysql_exception
    raise errorclass(errno, errval)
pymysql.err.DataError: (1265, "Data truncated for column 'fuel_type' at row 76")
2026-05-17 02:17:14,187 [INFO] 처리 시작: 2024년_03월_자동차_등록자료_통계.xlsx (202403)
2026-05-17 02:17:14,824 [INFO]   [01] 시도별      :    90행
2026-05-17 02:17:14,824 [INFO]   [04] 성별·연령별 :    21행
2026-05-17 02:17:14,824 [INFO]   [09] 차종유형별  :    17행
2026-05-17 02:17:14,866 [ERROR] 오류 발생, 롤백: (1265, "Data truncated for column 'fuel_type' at row 76")
Traceback (most recent call last):
  File "c:\SKN_main_project1\load_to_db.py", line 383, in process_file
    total += upsert_fuel(conn, r10)
             ^^^^^^^^^^^^^^^^^^^^^^
  File "c:\SKN_main_project1\load_to_db.py", line 325, in upsert_fuel
    return insert_many(conn, """
           ^^^^^^^^^^^^^^^^^^^^^
  File "c:\SKN_main_project1\load_to_db.py", line 290, in insert_many
    cur.executemany(sql, data)
  File "C:\SKN_main_project1\.venv\Lib\site-packages\pymysql\cursors.py", line 182, in executemany
    return self._do_execute_many(
           ^^^^^^^^^^^^^^^^^^^^^^
  File "C:\SKN_main_project1\.venv\Lib\site-packages\pymysql\cursors.py", line 220, in _do_execute_many
    rows += self.execute(sql + postfix)
            ^^^^^^^^^^^^^^^^^^^^^^^^^^^
  File "C:\SKN_main_project1\.venv\Lib\site-packages\pymysql\cursors.py", line 153, in execute
    result = self._query(query)
             ^^^^^^^^^^^^^^^^^^
  File "C:\SKN_main_project1\.venv\Lib\site-packages\pymysql\cursors.py", line 322, in _query
    conn.query(q)
  File "C:\SKN_main_project1\.venv\Lib\site-packages\pymysql\connections.py", line 563, in query
    self._affected_rows = self._read_query_result(unbuffered=unbuffered)
                          ^^^^^^^^^^^^^^^^^^^^^^^^^^^^^^^^^^^^^^^^^^^^^^
  File "C:\SKN_main_project1\.venv\Lib\site-packages\pymysql\connections.py", line 825, in _read_query_result
    result.read()
  File "C:\SKN_main_project1\.venv\Lib\site-packages\pymysql\connections.py", line 1199, in read
    first_packet = self.connection._read_packet()
                   ^^^^^^^^^^^^^^^^^^^^^^^^^^^^^^
  File "C:\SKN_main_project1\.venv\Lib\site-packages\pymysql\connections.py", line 775, in _read_packet
    packet.raise_for_error()
  File "C:\SKN_main_project1\.venv\Lib\site-packages\pymysql\protocol.py", line 219, in raise_for_error
    err.raise_mysql_exception(self._data)
  File "C:\SKN_main_project1\.venv\Lib\site-packages\pymysql\err.py", line 150, in raise_mysql_exception
    raise errorclass(errno, errval)
pymysql.err.DataError: (1265, "Data truncated for column 'fuel_type' at row 76")
2026-05-17 02:17:14,866 [INFO] 처리 시작: 2024년_04월_자동차_등록자료_통계.xlsx (202404)
2026-05-17 02:17:15,509 [INFO]   [01] 시도별      :    90행
2026-05-17 02:17:15,513 [INFO]   [04] 성별·연령별 :    21행
2026-05-17 02:17:15,517 [INFO]   [09] 차종유형별  :    17행
2026-05-17 02:17:15,548 [ERROR] 오류 발생, 롤백: (1265, "Data truncated for column 'fuel_type' at row 76")
Traceback (most recent call last):
  File "c:\SKN_main_project1\load_to_db.py", line 383, in process_file
    total += upsert_fuel(conn, r10)
             ^^^^^^^^^^^^^^^^^^^^^^
  File "c:\SKN_main_project1\load_to_db.py", line 325, in upsert_fuel
    return insert_many(conn, """
           ^^^^^^^^^^^^^^^^^^^^^
  File "c:\SKN_main_project1\load_to_db.py", line 290, in insert_many
    cur.executemany(sql, data)
  File "C:\SKN_main_project1\.venv\Lib\site-packages\pymysql\cursors.py", line 182, in executemany
    return self._do_execute_many(
           ^^^^^^^^^^^^^^^^^^^^^^
  File "C:\SKN_main_project1\.venv\Lib\site-packages\pymysql\cursors.py", line 220, in _do_execute_many
    rows += self.execute(sql + postfix)
            ^^^^^^^^^^^^^^^^^^^^^^^^^^^
  File "C:\SKN_main_project1\.venv\Lib\site-packages\pymysql\cursors.py", line 153, in execute
    result = self._query(query)
             ^^^^^^^^^^^^^^^^^^
  File "C:\SKN_main_project1\.venv\Lib\site-packages\pymysql\cursors.py", line 322, in _query
    conn.query(q)
  File "C:\SKN_main_project1\.venv\Lib\site-packages\pymysql\connections.py", line 563, in query
    self._affected_rows = self._read_query_result(unbuffered=unbuffered)
                          ^^^^^^^^^^^^^^^^^^^^^^^^^^^^^^^^^^^^^^^^^^^^^^
  File "C:\SKN_main_project1\.venv\Lib\site-packages\pymysql\connections.py", line 825, in _read_query_result
    result.read()
  File "C:\SKN_main_project1\.venv\Lib\site-packages\pymysql\connections.py", line 1199, in read
    first_packet = self.connection._read_packet()
                   ^^^^^^^^^^^^^^^^^^^^^^^^^^^^^^
  File "C:\SKN_main_project1\.venv\Lib\site-packages\pymysql\connections.py", line 775, in _read_packet
    packet.raise_for_error()
  File "C:\SKN_main_project1\.venv\Lib\site-packages\pymysql\protocol.py", line 219, in raise_for_error
    err.raise_mysql_exception(self._data)
  File "C:\SKN_main_project1\.venv\Lib\site-packages\pymysql\err.py", line 150, in raise_mysql_exception
    raise errorclass(errno, errval)
pymysql.err.DataError: (1265, "Data truncated for column 'fuel_type' at row 76")
2026-05-17 02:17:15,548 [INFO] 처리 시작: 2024년_05월_자동차_등록자료_통계.xlsx (202405)
2026-05-17 02:17:16,157 [INFO]   [01] 시도별      :    90행
2026-05-17 02:17:16,157 [INFO]   [04] 성별·연령별 :    21행
2026-05-17 02:17:16,157 [INFO]   [09] 차종유형별  :    17행
2026-05-17 02:17:16,203 [ERROR] 오류 발생, 롤백: (1265, "Data truncated for column 'fuel_type' at row 76")
Traceback (most recent call last):
  File "c:\SKN_main_project1\load_to_db.py", line 383, in process_file
    total += upsert_fuel(conn, r10)
             ^^^^^^^^^^^^^^^^^^^^^^
  File "c:\SKN_main_project1\load_to_db.py", line 325, in upsert_fuel
    return insert_many(conn, """
           ^^^^^^^^^^^^^^^^^^^^^
  File "c:\SKN_main_project1\load_to_db.py", line 290, in insert_many
    cur.executemany(sql, data)
  File "C:\SKN_main_project1\.venv\Lib\site-packages\pymysql\cursors.py", line 182, in executemany
    return self._do_execute_many(
           ^^^^^^^^^^^^^^^^^^^^^^
  File "C:\SKN_main_project1\.venv\Lib\site-packages\pymysql\cursors.py", line 220, in _do_execute_many
    rows += self.execute(sql + postfix)
            ^^^^^^^^^^^^^^^^^^^^^^^^^^^
  File "C:\SKN_main_project1\.venv\Lib\site-packages\pymysql\cursors.py", line 153, in execute
    result = self._query(query)
             ^^^^^^^^^^^^^^^^^^
  File "C:\SKN_main_project1\.venv\Lib\site-packages\pymysql\cursors.py", line 322, in _query
    conn.query(q)
  File "C:\SKN_main_project1\.venv\Lib\site-packages\pymysql\connections.py", line 563, in query
    self._affected_rows = self._read_query_result(unbuffered=unbuffered)
                          ^^^^^^^^^^^^^^^^^^^^^^^^^^^^^^^^^^^^^^^^^^^^^^
  File "C:\SKN_main_project1\.venv\Lib\site-packages\pymysql\connections.py", line 825, in _read_query_result
    result.read()
  File "C:\SKN_main_project1\.venv\Lib\site-packages\pymysql\connections.py", line 1199, in read
    first_packet = self.connection._read_packet()
                   ^^^^^^^^^^^^^^^^^^^^^^^^^^^^^^
  File "C:\SKN_main_project1\.venv\Lib\site-packages\pymysql\connections.py", line 775, in _read_packet
    packet.raise_for_error()
  File "C:\SKN_main_project1\.venv\Lib\site-packages\pymysql\protocol.py", line 219, in raise_for_error
    err.raise_mysql_exception(self._data)
  File "C:\SKN_main_project1\.venv\Lib\site-packages\pymysql\err.py", line 150, in raise_mysql_exception
    raise errorclass(errno, errval)
pymysql.err.DataError: (1265, "Data truncated for column 'fuel_type' at row 76")
2026-05-17 02:17:16,204 [INFO] 처리 시작: 2024년_06월_자동차_등록자료_통계.xlsx (202406)
2026-05-17 02:17:16,817 [INFO]   [01] 시도별      :    90행
2026-05-17 02:17:16,821 [INFO]   [04] 성별·연령별 :    21행
2026-05-17 02:17:16,824 [INFO]   [09] 차종유형별  :    17행
2026-05-17 02:17:16,857 [ERROR] 오류 발생, 롤백: (1265, "Data truncated for column 'fuel_type' at row 76")
Traceback (most recent call last):
  File "c:\SKN_main_project1\load_to_db.py", line 383, in process_file
    total += upsert_fuel(conn, r10)
             ^^^^^^^^^^^^^^^^^^^^^^
  File "c:\SKN_main_project1\load_to_db.py", line 325, in upsert_fuel
    return insert_many(conn, """
           ^^^^^^^^^^^^^^^^^^^^^
  File "c:\SKN_main_project1\load_to_db.py", line 290, in insert_many
    cur.executemany(sql, data)
  File "C:\SKN_main_project1\.venv\Lib\site-packages\pymysql\cursors.py", line 182, in executemany
    return self._do_execute_many(
           ^^^^^^^^^^^^^^^^^^^^^^
  File "C:\SKN_main_project1\.venv\Lib\site-packages\pymysql\cursors.py", line 220, in _do_execute_many
    rows += self.execute(sql + postfix)
            ^^^^^^^^^^^^^^^^^^^^^^^^^^^
  File "C:\SKN_main_project1\.venv\Lib\site-packages\pymysql\cursors.py", line 153, in execute
    result = self._query(query)
             ^^^^^^^^^^^^^^^^^^
  File "C:\SKN_main_project1\.venv\Lib\site-packages\pymysql\cursors.py", line 322, in _query
    conn.query(q)
  File "C:\SKN_main_project1\.venv\Lib\site-packages\pymysql\connections.py", line 563, in query
    self._affected_rows = self._read_query_result(unbuffered=unbuffered)
                          ^^^^^^^^^^^^^^^^^^^^^^^^^^^^^^^^^^^^^^^^^^^^^^
  File "C:\SKN_main_project1\.venv\Lib\site-packages\pymysql\connections.py", line 825, in _read_query_result
    result.read()
  File "C:\SKN_main_project1\.venv\Lib\site-packages\pymysql\connections.py", line 1199, in read
    first_packet = self.connection._read_packet()
                   ^^^^^^^^^^^^^^^^^^^^^^^^^^^^^^
  File "C:\SKN_main_project1\.venv\Lib\site-packages\pymysql\connections.py", line 775, in _read_packet
    packet.raise_for_error()
  File "C:\SKN_main_project1\.venv\Lib\site-packages\pymysql\protocol.py", line 219, in raise_for_error
    err.raise_mysql_exception(self._data)
  File "C:\SKN_main_project1\.venv\Lib\site-packages\pymysql\err.py", line 150, in raise_mysql_exception
    raise errorclass(errno, errval)
pymysql.err.DataError: (1265, "Data truncated for column 'fuel_type' at row 76")
2026-05-17 02:17:16,858 [INFO] 처리 시작: 2024년_07월_자동차_등록자료_통계.xlsx (202407)
2026-05-17 02:17:17,479 [INFO]   [01] 시도별      :    90행
2026-05-17 02:17:17,484 [INFO]   [04] 성별·연령별 :    21행
2026-05-17 02:17:17,484 [INFO]   [09] 차종유형별  :    17행
2026-05-17 02:17:17,522 [ERROR] 오류 발생, 롤백: (1265, "Data truncated for column 'fuel_type' at row 76")
Traceback (most recent call last):
  File "c:\SKN_main_project1\load_to_db.py", line 383, in process_file
    total += upsert_fuel(conn, r10)
             ^^^^^^^^^^^^^^^^^^^^^^
  File "c:\SKN_main_project1\load_to_db.py", line 325, in upsert_fuel
    return insert_many(conn, """
           ^^^^^^^^^^^^^^^^^^^^^
  File "c:\SKN_main_project1\load_to_db.py", line 290, in insert_many
    cur.executemany(sql, data)
  File "C:\SKN_main_project1\.venv\Lib\site-packages\pymysql\cursors.py", line 182, in executemany
    return self._do_execute_many(
           ^^^^^^^^^^^^^^^^^^^^^^
  File "C:\SKN_main_project1\.venv\Lib\site-packages\pymysql\cursors.py", line 220, in _do_execute_many
    rows += self.execute(sql + postfix)
            ^^^^^^^^^^^^^^^^^^^^^^^^^^^
  File "C:\SKN_main_project1\.venv\Lib\site-packages\pymysql\cursors.py", line 153, in execute
    result = self._query(query)
             ^^^^^^^^^^^^^^^^^^
  File "C:\SKN_main_project1\.venv\Lib\site-packages\pymysql\cursors.py", line 322, in _query
    conn.query(q)
  File "C:\SKN_main_project1\.venv\Lib\site-packages\pymysql\connections.py", line 563, in query
    self._affected_rows = self._read_query_result(unbuffered=unbuffered)
                          ^^^^^^^^^^^^^^^^^^^^^^^^^^^^^^^^^^^^^^^^^^^^^^
  File "C:\SKN_main_project1\.venv\Lib\site-packages\pymysql\connections.py", line 825, in _read_query_result
    result.read()
  File "C:\SKN_main_project1\.venv\Lib\site-packages\pymysql\connections.py", line 1199, in read
    first_packet = self.connection._read_packet()
                   ^^^^^^^^^^^^^^^^^^^^^^^^^^^^^^
  File "C:\SKN_main_project1\.venv\Lib\site-packages\pymysql\connections.py", line 775, in _read_packet
    packet.raise_for_error()
  File "C:\SKN_main_project1\.venv\Lib\site-packages\pymysql\protocol.py", line 219, in raise_for_error
    err.raise_mysql_exception(self._data)
  File "C:\SKN_main_project1\.venv\Lib\site-packages\pymysql\err.py", line 150, in raise_mysql_exception
    raise errorclass(errno, errval)
pymysql.err.DataError: (1265, "Data truncated for column 'fuel_type' at row 76")
2026-05-17 02:17:17,524 [INFO] 처리 시작: 2024년_08월_자동차_등록자료_통계.xlsx (202408)
2026-05-17 02:17:18,141 [INFO]   [01] 시도별      :    90행
2026-05-17 02:17:18,144 [INFO]   [04] 성별·연령별 :    21행
2026-05-17 02:17:18,148 [INFO]   [09] 차종유형별  :    17행
2026-05-17 02:17:18,196 [ERROR] 오류 발생, 롤백: (1265, "Data truncated for column 'fuel_type' at row 76")
Traceback (most recent call last):
  File "c:\SKN_main_project1\load_to_db.py", line 383, in process_file
    total += upsert_fuel(conn, r10)
             ^^^^^^^^^^^^^^^^^^^^^^
  File "c:\SKN_main_project1\load_to_db.py", line 325, in upsert_fuel
    return insert_many(conn, """
           ^^^^^^^^^^^^^^^^^^^^^
  File "c:\SKN_main_project1\load_to_db.py", line 290, in insert_many
    cur.executemany(sql, data)
  File "C:\SKN_main_project1\.venv\Lib\site-packages\pymysql\cursors.py", line 182, in executemany
    return self._do_execute_many(
           ^^^^^^^^^^^^^^^^^^^^^^
  File "C:\SKN_main_project1\.venv\Lib\site-packages\pymysql\cursors.py", line 220, in _do_execute_many
    rows += self.execute(sql + postfix)
            ^^^^^^^^^^^^^^^^^^^^^^^^^^^
  File "C:\SKN_main_project1\.venv\Lib\site-packages\pymysql\cursors.py", line 153, in execute
    result = self._query(query)
             ^^^^^^^^^^^^^^^^^^
  File "C:\SKN_main_project1\.venv\Lib\site-packages\pymysql\cursors.py", line 322, in _query
    conn.query(q)
  File "C:\SKN_main_project1\.venv\Lib\site-packages\pymysql\connections.py", line 563, in query
    self._affected_rows = self._read_query_result(unbuffered=unbuffered)
                          ^^^^^^^^^^^^^^^^^^^^^^^^^^^^^^^^^^^^^^^^^^^^^^
  File "C:\SKN_main_project1\.venv\Lib\site-packages\pymysql\connections.py", line 825, in _read_query_result
    result.read()
  File "C:\SKN_main_project1\.venv\Lib\site-packages\pymysql\connections.py", line 1199, in read
    first_packet = self.connection._read_packet()
                   ^^^^^^^^^^^^^^^^^^^^^^^^^^^^^^
  File "C:\SKN_main_project1\.venv\Lib\site-packages\pymysql\connections.py", line 775, in _read_packet
    packet.raise_for_error()
  File "C:\SKN_main_project1\.venv\Lib\site-packages\pymysql\protocol.py", line 219, in raise_for_error
    err.raise_mysql_exception(self._data)
  File "C:\SKN_main_project1\.venv\Lib\site-packages\pymysql\err.py", line 150, in raise_mysql_exception
    raise errorclass(errno, errval)
pymysql.err.DataError: (1265, "Data truncated for column 'fuel_type' at row 76")
2026-05-17 02:17:18,197 [INFO] 처리 시작: 2024년_09월_자동차_등록자료_통계.xlsx (202409)
2026-05-17 02:17:18,813 [INFO]   [01] 시도별      :    90행
2026-05-17 02:17:18,814 [INFO]   [04] 성별·연령별 :    21행
2026-05-17 02:17:18,814 [INFO]   [09] 차종유형별  :    17행
2026-05-17 02:17:18,852 [ERROR] 오류 발생, 롤백: (1265, "Data truncated for column 'fuel_type' at row 76")
Traceback (most recent call last):
  File "c:\SKN_main_project1\load_to_db.py", line 383, in process_file
    total += upsert_fuel(conn, r10)
             ^^^^^^^^^^^^^^^^^^^^^^
  File "c:\SKN_main_project1\load_to_db.py", line 325, in upsert_fuel
    return insert_many(conn, """
           ^^^^^^^^^^^^^^^^^^^^^
  File "c:\SKN_main_project1\load_to_db.py", line 290, in insert_many
    cur.executemany(sql, data)
  File "C:\SKN_main_project1\.venv\Lib\site-packages\pymysql\cursors.py", line 182, in executemany
    return self._do_execute_many(
           ^^^^^^^^^^^^^^^^^^^^^^
  File "C:\SKN_main_project1\.venv\Lib\site-packages\pymysql\cursors.py", line 220, in _do_execute_many
    rows += self.execute(sql + postfix)
            ^^^^^^^^^^^^^^^^^^^^^^^^^^^
  File "C:\SKN_main_project1\.venv\Lib\site-packages\pymysql\cursors.py", line 153, in execute
    result = self._query(query)
             ^^^^^^^^^^^^^^^^^^
  File "C:\SKN_main_project1\.venv\Lib\site-packages\pymysql\cursors.py", line 322, in _query
    conn.query(q)
  File "C:\SKN_main_project1\.venv\Lib\site-packages\pymysql\connections.py", line 563, in query
    self._affected_rows = self._read_query_result(unbuffered=unbuffered)
                          ^^^^^^^^^^^^^^^^^^^^^^^^^^^^^^^^^^^^^^^^^^^^^^
  File "C:\SKN_main_project1\.venv\Lib\site-packages\pymysql\connections.py", line 825, in _read_query_result
    result.read()
  File "C:\SKN_main_project1\.venv\Lib\site-packages\pymysql\connections.py", line 1199, in read
    first_packet = self.connection._read_packet()
                   ^^^^^^^^^^^^^^^^^^^^^^^^^^^^^^
  File "C:\SKN_main_project1\.venv\Lib\site-packages\pymysql\connections.py", line 775, in _read_packet
    packet.raise_for_error()
  File "C:\SKN_main_project1\.venv\Lib\site-packages\pymysql\protocol.py", line 219, in raise_for_error
    err.raise_mysql_exception(self._data)
  File "C:\SKN_main_project1\.venv\Lib\site-packages\pymysql\err.py", line 150, in raise_mysql_exception
    raise errorclass(errno, errval)
pymysql.err.DataError: (1265, "Data truncated for column 'fuel_type' at row 76")
2026-05-17 02:17:18,854 [INFO] 처리 시작: 2024년_10월_자동차_등록자료_통계.xlsx (202410)
2026-05-17 02:17:19,474 [INFO]   [01] 시도별      :    90행
2026-05-17 02:17:19,474 [INFO]   [04] 성별·연령별 :    21행
2026-05-17 02:17:19,474 [INFO]   [09] 차종유형별  :    17행
2026-05-17 02:17:19,513 [ERROR] 오류 발생, 롤백: (1265, "Data truncated for column 'fuel_type' at row 76")
Traceback (most recent call last):
  File "c:\SKN_main_project1\load_to_db.py", line 383, in process_file
    total += upsert_fuel(conn, r10)
             ^^^^^^^^^^^^^^^^^^^^^^
  File "c:\SKN_main_project1\load_to_db.py", line 325, in upsert_fuel
    return insert_many(conn, """
           ^^^^^^^^^^^^^^^^^^^^^
  File "c:\SKN_main_project1\load_to_db.py", line 290, in insert_many
    cur.executemany(sql, data)
  File "C:\SKN_main_project1\.venv\Lib\site-packages\pymysql\cursors.py", line 182, in executemany
    return self._do_execute_many(
           ^^^^^^^^^^^^^^^^^^^^^^
  File "C:\SKN_main_project1\.venv\Lib\site-packages\pymysql\cursors.py", line 220, in _do_execute_many
    rows += self.execute(sql + postfix)
            ^^^^^^^^^^^^^^^^^^^^^^^^^^^
  File "C:\SKN_main_project1\.venv\Lib\site-packages\pymysql\cursors.py", line 153, in execute
    result = self._query(query)
             ^^^^^^^^^^^^^^^^^^
  File "C:\SKN_main_project1\.venv\Lib\site-packages\pymysql\cursors.py", line 322, in _query
    conn.query(q)
  File "C:\SKN_main_project1\.venv\Lib\site-packages\pymysql\connections.py", line 563, in query
    self._affected_rows = self._read_query_result(unbuffered=unbuffered)
                          ^^^^^^^^^^^^^^^^^^^^^^^^^^^^^^^^^^^^^^^^^^^^^^
  File "C:\SKN_main_project1\.venv\Lib\site-packages\pymysql\connections.py", line 825, in _read_query_result
    result.read()
  File "C:\SKN_main_project1\.venv\Lib\site-packages\pymysql\connections.py", line 1199, in read
    first_packet = self.connection._read_packet()
                   ^^^^^^^^^^^^^^^^^^^^^^^^^^^^^^
  File "C:\SKN_main_project1\.venv\Lib\site-packages\pymysql\connections.py", line 775, in _read_packet
    packet.raise_for_error()
  File "C:\SKN_main_project1\.venv\Lib\site-packages\pymysql\protocol.py", line 219, in raise_for_error
    err.raise_mysql_exception(self._data)
  File "C:\SKN_main_project1\.venv\Lib\site-packages\pymysql\err.py", line 150, in raise_mysql_exception
    raise errorclass(errno, errval)
pymysql.err.DataError: (1265, "Data truncated for column 'fuel_type' at row 76")
2026-05-17 02:17:19,514 [INFO] 처리 시작: 2024년_11월_자동차_등록자료_통계.xlsx (202411)
2026-05-17 02:17:20,144 [INFO]   [01] 시도별      :    90행
2026-05-17 02:17:20,150 [INFO]   [04] 성별·연령별 :    21행
2026-05-17 02:17:20,153 [INFO]   [09] 차종유형별  :    17행
2026-05-17 02:17:20,185 [ERROR] 오류 발생, 롤백: (1265, "Data truncated for column 'fuel_type' at row 76")
Traceback (most recent call last):
  File "c:\SKN_main_project1\load_to_db.py", line 383, in process_file
    total += upsert_fuel(conn, r10)
             ^^^^^^^^^^^^^^^^^^^^^^
  File "c:\SKN_main_project1\load_to_db.py", line 325, in upsert_fuel
    return insert_many(conn, """
           ^^^^^^^^^^^^^^^^^^^^^
  File "c:\SKN_main_project1\load_to_db.py", line 290, in insert_many
    cur.executemany(sql, data)
  File "C:\SKN_main_project1\.venv\Lib\site-packages\pymysql\cursors.py", line 182, in executemany
    return self._do_execute_many(
           ^^^^^^^^^^^^^^^^^^^^^^
  File "C:\SKN_main_project1\.venv\Lib\site-packages\pymysql\cursors.py", line 220, in _do_execute_many
    rows += self.execute(sql + postfix)
            ^^^^^^^^^^^^^^^^^^^^^^^^^^^
  File "C:\SKN_main_project1\.venv\Lib\site-packages\pymysql\cursors.py", line 153, in execute
    result = self._query(query)
             ^^^^^^^^^^^^^^^^^^
  File "C:\SKN_main_project1\.venv\Lib\site-packages\pymysql\cursors.py", line 322, in _query
    conn.query(q)
  File "C:\SKN_main_project1\.venv\Lib\site-packages\pymysql\connections.py", line 563, in query
    self._affected_rows = self._read_query_result(unbuffered=unbuffered)
                          ^^^^^^^^^^^^^^^^^^^^^^^^^^^^^^^^^^^^^^^^^^^^^^
  File "C:\SKN_main_project1\.venv\Lib\site-packages\pymysql\connections.py", line 825, in _read_query_result
    result.read()
  File "C:\SKN_main_project1\.venv\Lib\site-packages\pymysql\connections.py", line 1199, in read
    first_packet = self.connection._read_packet()
                   ^^^^^^^^^^^^^^^^^^^^^^^^^^^^^^
  File "C:\SKN_main_project1\.venv\Lib\site-packages\pymysql\connections.py", line 775, in _read_packet
    packet.raise_for_error()
  File "C:\SKN_main_project1\.venv\Lib\site-packages\pymysql\protocol.py", line 219, in raise_for_error
    err.raise_mysql_exception(self._data)
  File "C:\SKN_main_project1\.venv\Lib\site-packages\pymysql\err.py", line 150, in raise_mysql_exception
    raise errorclass(errno, errval)
pymysql.err.DataError: (1265, "Data truncated for column 'fuel_type' at row 76")
2026-05-17 02:17:20,186 [INFO] 처리 시작: 2024년_12월_자동차_등록자료_통계.xlsx (202412)
2026-05-17 02:17:20,829 [INFO]   [01] 시도별      :    90행
2026-05-17 02:17:20,839 [INFO]   [04] 성별·연령별 :    21행
2026-05-17 02:17:20,839 [INFO]   [09] 차종유형별  :    17행
2026-05-17 02:17:20,876 [ERROR] 오류 발생, 롤백: (1265, "Data truncated for column 'fuel_type' at row 76")
Traceback (most recent call last):
  File "c:\SKN_main_project1\load_to_db.py", line 383, in process_file
    total += upsert_fuel(conn, r10)
             ^^^^^^^^^^^^^^^^^^^^^^
  File "c:\SKN_main_project1\load_to_db.py", line 325, in upsert_fuel
    return insert_many(conn, """
           ^^^^^^^^^^^^^^^^^^^^^
  File "c:\SKN_main_project1\load_to_db.py", line 290, in insert_many
    cur.executemany(sql, data)
  File "C:\SKN_main_project1\.venv\Lib\site-packages\pymysql\cursors.py", line 182, in executemany
    return self._do_execute_many(
           ^^^^^^^^^^^^^^^^^^^^^^
  File "C:\SKN_main_project1\.venv\Lib\site-packages\pymysql\cursors.py", line 220, in _do_execute_many
    rows += self.execute(sql + postfix)
            ^^^^^^^^^^^^^^^^^^^^^^^^^^^
  File "C:\SKN_main_project1\.venv\Lib\site-packages\pymysql\cursors.py", line 153, in execute
    result = self._query(query)
             ^^^^^^^^^^^^^^^^^^
  File "C:\SKN_main_project1\.venv\Lib\site-packages\pymysql\cursors.py", line 322, in _query
    conn.query(q)
  File "C:\SKN_main_project1\.venv\Lib\site-packages\pymysql\connections.py", line 563, in query
    self._affected_rows = self._read_query_result(unbuffered=unbuffered)
                          ^^^^^^^^^^^^^^^^^^^^^^^^^^^^^^^^^^^^^^^^^^^^^^
  File "C:\SKN_main_project1\.venv\Lib\site-packages\pymysql\connections.py", line 825, in _read_query_result
    result.read()
  File "C:\SKN_main_project1\.venv\Lib\site-packages\pymysql\connections.py", line 1199, in read
    first_packet = self.connection._read_packet()
                   ^^^^^^^^^^^^^^^^^^^^^^^^^^^^^^
  File "C:\SKN_main_project1\.venv\Lib\site-packages\pymysql\connections.py", line 775, in _read_packet
    packet.raise_for_error()
  File "C:\SKN_main_project1\.venv\Lib\site-packages\pymysql\protocol.py", line 219, in raise_for_error
    err.raise_mysql_exception(self._data)
  File "C:\SKN_main_project1\.venv\Lib\site-packages\pymysql\err.py", line 150, in raise_mysql_exception
    raise errorclass(errno, errval)
pymysql.err.DataError: (1265, "Data truncated for column 'fuel_type' at row 76")
2026-05-17 02:17:20,877 [INFO] 처리 시작: 2025년_01월_자동차_등록자료_통계.xlsx (202501)
2026-05-17 02:17:21,494 [INFO]   [01] 시도별      :    90행
2026-05-17 02:17:21,494 [INFO]   [04] 성별·연령별 :    21행
2026-05-17 02:17:21,494 [INFO]   [09] 차종유형별  :    17행
2026-05-17 02:17:21,540 [ERROR] 오류 발생, 롤백: (1265, "Data truncated for column 'fuel_type' at row 76")
Traceback (most recent call last):
  File "c:\SKN_main_project1\load_to_db.py", line 383, in process_file
    total += upsert_fuel(conn, r10)
             ^^^^^^^^^^^^^^^^^^^^^^
  File "c:\SKN_main_project1\load_to_db.py", line 325, in upsert_fuel
    return insert_many(conn, """
           ^^^^^^^^^^^^^^^^^^^^^
  File "c:\SKN_main_project1\load_to_db.py", line 290, in insert_many
    cur.executemany(sql, data)
  File "C:\SKN_main_project1\.venv\Lib\site-packages\pymysql\cursors.py", line 182, in executemany
    return self._do_execute_many(
           ^^^^^^^^^^^^^^^^^^^^^^
  File "C:\SKN_main_project1\.venv\Lib\site-packages\pymysql\cursors.py", line 220, in _do_execute_many
    rows += self.execute(sql + postfix)
            ^^^^^^^^^^^^^^^^^^^^^^^^^^^
  File "C:\SKN_main_project1\.venv\Lib\site-packages\pymysql\cursors.py", line 153, in execute
    result = self._query(query)
             ^^^^^^^^^^^^^^^^^^
  File "C:\SKN_main_project1\.venv\Lib\site-packages\pymysql\cursors.py", line 322, in _query
    conn.query(q)
  File "C:\SKN_main_project1\.venv\Lib\site-packages\pymysql\connections.py", line 563, in query
    self._affected_rows = self._read_query_result(unbuffered=unbuffered)
                          ^^^^^^^^^^^^^^^^^^^^^^^^^^^^^^^^^^^^^^^^^^^^^^
  File "C:\SKN_main_project1\.venv\Lib\site-packages\pymysql\connections.py", line 825, in _read_query_result
    result.read()
  File "C:\SKN_main_project1\.venv\Lib\site-packages\pymysql\connections.py", line 1199, in read
    first_packet = self.connection._read_packet()
                   ^^^^^^^^^^^^^^^^^^^^^^^^^^^^^^
  File "C:\SKN_main_project1\.venv\Lib\site-packages\pymysql\connections.py", line 775, in _read_packet
    packet.raise_for_error()
  File "C:\SKN_main_project1\.venv\Lib\site-packages\pymysql\protocol.py", line 219, in raise_for_error
    err.raise_mysql_exception(self._data)
  File "C:\SKN_main_project1\.venv\Lib\site-packages\pymysql\err.py", line 150, in raise_mysql_exception
    raise errorclass(errno, errval)
pymysql.err.DataError: (1265, "Data truncated for column 'fuel_type' at row 76")
2026-05-17 02:17:21,541 [INFO] 처리 시작: 2025년_02월_자동차_등록자료_통계.xlsx (202502)
2026-05-17 02:17:22,314 [INFO]   [01] 시도별      :    90행
2026-05-17 02:17:22,314 [INFO]   [04] 성별·연령별 :    21행
2026-05-17 02:17:22,314 [INFO]   [09] 차종유형별  :    17행
2026-05-17 02:17:22,344 [ERROR] 오류 발생, 롤백: (1265, "Data truncated for column 'fuel_type' at row 76")
Traceback (most recent call last):
  File "c:\SKN_main_project1\load_to_db.py", line 383, in process_file
    total += upsert_fuel(conn, r10)
             ^^^^^^^^^^^^^^^^^^^^^^
  File "c:\SKN_main_project1\load_to_db.py", line 325, in upsert_fuel
    return insert_many(conn, """
           ^^^^^^^^^^^^^^^^^^^^^
  File "c:\SKN_main_project1\load_to_db.py", line 290, in insert_many
    cur.executemany(sql, data)
  File "C:\SKN_main_project1\.venv\Lib\site-packages\pymysql\cursors.py", line 182, in executemany
    return self._do_execute_many(
           ^^^^^^^^^^^^^^^^^^^^^^
  File "C:\SKN_main_project1\.venv\Lib\site-packages\pymysql\cursors.py", line 220, in _do_execute_many
    rows += self.execute(sql + postfix)
            ^^^^^^^^^^^^^^^^^^^^^^^^^^^
  File "C:\SKN_main_project1\.venv\Lib\site-packages\pymysql\cursors.py", line 153, in execute
    result = self._query(query)
             ^^^^^^^^^^^^^^^^^^
  File "C:\SKN_main_project1\.venv\Lib\site-packages\pymysql\cursors.py", line 322, in _query
    conn.query(q)
  File "C:\SKN_main_project1\.venv\Lib\site-packages\pymysql\connections.py", line 563, in query
    self._affected_rows = self._read_query_result(unbuffered=unbuffered)
                          ^^^^^^^^^^^^^^^^^^^^^^^^^^^^^^^^^^^^^^^^^^^^^^
  File "C:\SKN_main_project1\.venv\Lib\site-packages\pymysql\connections.py", line 825, in _read_query_result
    result.read()
  File "C:\SKN_main_project1\.venv\Lib\site-packages\pymysql\connections.py", line 1199, in read
    first_packet = self.connection._read_packet()
                   ^^^^^^^^^^^^^^^^^^^^^^^^^^^^^^
  File "C:\SKN_main_project1\.venv\Lib\site-packages\pymysql\connections.py", line 775, in _read_packet
    packet.raise_for_error()
  File "C:\SKN_main_project1\.venv\Lib\site-packages\pymysql\protocol.py", line 219, in raise_for_error
    err.raise_mysql_exception(self._data)
  File "C:\SKN_main_project1\.venv\Lib\site-packages\pymysql\err.py", line 150, in raise_mysql_exception
    raise errorclass(errno, errval)
pymysql.err.DataError: (1265, "Data truncated for column 'fuel_type' at row 76")
2026-05-17 02:17:22,357 [INFO] 처리 시작: 2025년_03월_자동차_등록자료_통계.xlsx (202503)
2026-05-17 02:17:22,994 [INFO]   [01] 시도별      :    90행
2026-05-17 02:17:23,009 [INFO]   [04] 성별·연령별 :    21행
2026-05-17 02:17:23,024 [INFO]   [09] 차종유형별  :    17행
2026-05-17 02:17:23,059 [ERROR] 오류 발생, 롤백: (1265, "Data truncated for column 'fuel_type' at row 76")
Traceback (most recent call last):
  File "c:\SKN_main_project1\load_to_db.py", line 383, in process_file
    total += upsert_fuel(conn, r10)
             ^^^^^^^^^^^^^^^^^^^^^^
  File "c:\SKN_main_project1\load_to_db.py", line 325, in upsert_fuel
    return insert_many(conn, """
           ^^^^^^^^^^^^^^^^^^^^^
  File "c:\SKN_main_project1\load_to_db.py", line 290, in insert_many
    cur.executemany(sql, data)
  File "C:\SKN_main_project1\.venv\Lib\site-packages\pymysql\cursors.py", line 182, in executemany
    return self._do_execute_many(
           ^^^^^^^^^^^^^^^^^^^^^^
  File "C:\SKN_main_project1\.venv\Lib\site-packages\pymysql\cursors.py", line 220, in _do_execute_many
    rows += self.execute(sql + postfix)
            ^^^^^^^^^^^^^^^^^^^^^^^^^^^
  File "C:\SKN_main_project1\.venv\Lib\site-packages\pymysql\cursors.py", line 153, in execute
    result = self._query(query)
             ^^^^^^^^^^^^^^^^^^
  File "C:\SKN_main_project1\.venv\Lib\site-packages\pymysql\cursors.py", line 322, in _query
    conn.query(q)
  File "C:\SKN_main_project1\.venv\Lib\site-packages\pymysql\connections.py", line 563, in query
    self._affected_rows = self._read_query_result(unbuffered=unbuffered)
                          ^^^^^^^^^^^^^^^^^^^^^^^^^^^^^^^^^^^^^^^^^^^^^^
  File "C:\SKN_main_project1\.venv\Lib\site-packages\pymysql\connections.py", line 825, in _read_query_result
    result.read()
  File "C:\SKN_main_project1\.venv\Lib\site-packages\pymysql\connections.py", line 1199, in read
    first_packet = self.connection._read_packet()
                   ^^^^^^^^^^^^^^^^^^^^^^^^^^^^^^
  File "C:\SKN_main_project1\.venv\Lib\site-packages\pymysql\connections.py", line 775, in _read_packet
    packet.raise_for_error()
  File "C:\SKN_main_project1\.venv\Lib\site-packages\pymysql\protocol.py", line 219, in raise_for_error
    err.raise_mysql_exception(self._data)
  File "C:\SKN_main_project1\.venv\Lib\site-packages\pymysql\err.py", line 150, in raise_mysql_exception
    raise errorclass(errno, errval)
pymysql.err.DataError: (1265, "Data truncated for column 'fuel_type' at row 76")
2026-05-17 02:17:23,060 [INFO] 처리 시작: 2025년_04월_자동차_등록자료_통계.xlsx (202504)
2026-05-17 02:17:23,694 [INFO]   [01] 시도별      :    90행
2026-05-17 02:17:23,694 [INFO]   [04] 성별·연령별 :    21행
2026-05-17 02:17:23,704 [INFO]   [09] 차종유형별  :    17행
2026-05-17 02:17:23,741 [ERROR] 오류 발생, 롤백: (1265, "Data truncated for column 'fuel_type' at row 76")
Traceback (most recent call last):
  File "c:\SKN_main_project1\load_to_db.py", line 383, in process_file
    total += upsert_fuel(conn, r10)
             ^^^^^^^^^^^^^^^^^^^^^^
  File "c:\SKN_main_project1\load_to_db.py", line 325, in upsert_fuel
    return insert_many(conn, """
           ^^^^^^^^^^^^^^^^^^^^^
  File "c:\SKN_main_project1\load_to_db.py", line 290, in insert_many
    cur.executemany(sql, data)
  File "C:\SKN_main_project1\.venv\Lib\site-packages\pymysql\cursors.py", line 182, in executemany
    return self._do_execute_many(
           ^^^^^^^^^^^^^^^^^^^^^^
  File "C:\SKN_main_project1\.venv\Lib\site-packages\pymysql\cursors.py", line 220, in _do_execute_many
    rows += self.execute(sql + postfix)
            ^^^^^^^^^^^^^^^^^^^^^^^^^^^
  File "C:\SKN_main_project1\.venv\Lib\site-packages\pymysql\cursors.py", line 153, in execute
    result = self._query(query)
             ^^^^^^^^^^^^^^^^^^
  File "C:\SKN_main_project1\.venv\Lib\site-packages\pymysql\cursors.py", line 322, in _query
    conn.query(q)
  File "C:\SKN_main_project1\.venv\Lib\site-packages\pymysql\connections.py", line 563, in query
    self._affected_rows = self._read_query_result(unbuffered=unbuffered)
                          ^^^^^^^^^^^^^^^^^^^^^^^^^^^^^^^^^^^^^^^^^^^^^^
  File "C:\SKN_main_project1\.venv\Lib\site-packages\pymysql\connections.py", line 825, in _read_query_result
    result.read()
  File "C:\SKN_main_project1\.venv\Lib\site-packages\pymysql\connections.py", line 1199, in read
    first_packet = self.connection._read_packet()
                   ^^^^^^^^^^^^^^^^^^^^^^^^^^^^^^
  File "C:\SKN_main_project1\.venv\Lib\site-packages\pymysql\connections.py", line 775, in _read_packet
    packet.raise_for_error()
  File "C:\SKN_main_project1\.venv\Lib\site-packages\pymysql\protocol.py", line 219, in raise_for_error
    err.raise_mysql_exception(self._data)
  File "C:\SKN_main_project1\.venv\Lib\site-packages\pymysql\err.py", line 150, in raise_mysql_exception
    raise errorclass(errno, errval)
pymysql.err.DataError: (1265, "Data truncated for column 'fuel_type' at row 76")
2026-05-17 02:17:23,744 [INFO] 처리 시작: 2025년_05월_자동차_등록자료_통계.xlsx (202505)
2026-05-17 02:17:24,399 [INFO]   [01] 시도별      :    90행
2026-05-17 02:17:24,399 [INFO]   [04] 성별·연령별 :    21행
2026-05-17 02:17:24,410 [INFO]   [09] 차종유형별  :    17행
2026-05-17 02:17:24,444 [ERROR] 오류 발생, 롤백: (1265, "Data truncated for column 'fuel_type' at row 76")
Traceback (most recent call last):
  File "c:\SKN_main_project1\load_to_db.py", line 383, in process_file
    total += upsert_fuel(conn, r10)
             ^^^^^^^^^^^^^^^^^^^^^^
  File "c:\SKN_main_project1\load_to_db.py", line 325, in upsert_fuel
    return insert_many(conn, """
           ^^^^^^^^^^^^^^^^^^^^^
  File "c:\SKN_main_project1\load_to_db.py", line 290, in insert_many
    cur.executemany(sql, data)
  File "C:\SKN_main_project1\.venv\Lib\site-packages\pymysql\cursors.py", line 182, in executemany
    return self._do_execute_many(
           ^^^^^^^^^^^^^^^^^^^^^^
  File "C:\SKN_main_project1\.venv\Lib\site-packages\pymysql\cursors.py", line 220, in _do_execute_many
    rows += self.execute(sql + postfix)
            ^^^^^^^^^^^^^^^^^^^^^^^^^^^
  File "C:\SKN_main_project1\.venv\Lib\site-packages\pymysql\cursors.py", line 153, in execute
    result = self._query(query)
             ^^^^^^^^^^^^^^^^^^
  File "C:\SKN_main_project1\.venv\Lib\site-packages\pymysql\cursors.py", line 322, in _query
    conn.query(q)
  File "C:\SKN_main_project1\.venv\Lib\site-packages\pymysql\connections.py", line 563, in query
    self._affected_rows = self._read_query_result(unbuffered=unbuffered)
                          ^^^^^^^^^^^^^^^^^^^^^^^^^^^^^^^^^^^^^^^^^^^^^^
  File "C:\SKN_main_project1\.venv\Lib\site-packages\pymysql\connections.py", line 825, in _read_query_result
    result.read()
  File "C:\SKN_main_project1\.venv\Lib\site-packages\pymysql\connections.py", line 1199, in read
    first_packet = self.connection._read_packet()
                   ^^^^^^^^^^^^^^^^^^^^^^^^^^^^^^
  File "C:\SKN_main_project1\.venv\Lib\site-packages\pymysql\connections.py", line 775, in _read_packet
    packet.raise_for_error()
  File "C:\SKN_main_project1\.venv\Lib\site-packages\pymysql\protocol.py", line 219, in raise_for_error
    err.raise_mysql_exception(self._data)
  File "C:\SKN_main_project1\.venv\Lib\site-packages\pymysql\err.py", line 150, in raise_mysql_exception
    raise errorclass(errno, errval)
pymysql.err.DataError: (1265, "Data truncated for column 'fuel_type' at row 76")
2026-05-17 02:17:24,444 [INFO] 처리 시작: 2025년_06월_자동차_등록자료_통계.xlsx (202506)
2026-05-17 02:17:25,198 [INFO]   [01] 시도별      :    90행
2026-05-17 02:17:25,202 [INFO]   [04] 성별·연령별 :    21행
2026-05-17 02:17:25,207 [INFO]   [09] 차종유형별  :    17행
2026-05-17 02:17:25,244 [ERROR] 오류 발생, 롤백: (1265, "Data truncated for column 'fuel_type' at row 76")
Traceback (most recent call last):
  File "c:\SKN_main_project1\load_to_db.py", line 383, in process_file
    total += upsert_fuel(conn, r10)
             ^^^^^^^^^^^^^^^^^^^^^^
  File "c:\SKN_main_project1\load_to_db.py", line 325, in upsert_fuel
    return insert_many(conn, """
           ^^^^^^^^^^^^^^^^^^^^^
  File "c:\SKN_main_project1\load_to_db.py", line 290, in insert_many
    cur.executemany(sql, data)
  File "C:\SKN_main_project1\.venv\Lib\site-packages\pymysql\cursors.py", line 182, in executemany
    return self._do_execute_many(
           ^^^^^^^^^^^^^^^^^^^^^^
  File "C:\SKN_main_project1\.venv\Lib\site-packages\pymysql\cursors.py", line 220, in _do_execute_many
    rows += self.execute(sql + postfix)
            ^^^^^^^^^^^^^^^^^^^^^^^^^^^
  File "C:\SKN_main_project1\.venv\Lib\site-packages\pymysql\cursors.py", line 153, in execute
    result = self._query(query)
             ^^^^^^^^^^^^^^^^^^
  File "C:\SKN_main_project1\.venv\Lib\site-packages\pymysql\cursors.py", line 322, in _query
    conn.query(q)
  File "C:\SKN_main_project1\.venv\Lib\site-packages\pymysql\connections.py", line 563, in query
    self._affected_rows = self._read_query_result(unbuffered=unbuffered)
                          ^^^^^^^^^^^^^^^^^^^^^^^^^^^^^^^^^^^^^^^^^^^^^^
  File "C:\SKN_main_project1\.venv\Lib\site-packages\pymysql\connections.py", line 825, in _read_query_result
    result.read()
  File "C:\SKN_main_project1\.venv\Lib\site-packages\pymysql\connections.py", line 1199, in read
    first_packet = self.connection._read_packet()
                   ^^^^^^^^^^^^^^^^^^^^^^^^^^^^^^
  File "C:\SKN_main_project1\.venv\Lib\site-packages\pymysql\connections.py", line 775, in _read_packet
    packet.raise_for_error()
  File "C:\SKN_main_project1\.venv\Lib\site-packages\pymysql\protocol.py", line 219, in raise_for_error
    err.raise_mysql_exception(self._data)
  File "C:\SKN_main_project1\.venv\Lib\site-packages\pymysql\err.py", line 150, in raise_mysql_exception
    raise errorclass(errno, errval)
pymysql.err.DataError: (1265, "Data truncated for column 'fuel_type' at row 76")
2026-05-17 02:17:25,245 [INFO] 처리 시작: 2025년_07월_자동차_등록자료_통계.xlsx (202507)
2026-05-17 02:17:25,934 [INFO]   [01] 시도별      :    90행
2026-05-17 02:17:25,934 [INFO]   [04] 성별·연령별 :    21행
2026-05-17 02:17:25,945 [INFO]   [09] 차종유형별  :    17행
2026-05-17 02:17:25,975 [ERROR] 오류 발생, 롤백: (1265, "Data truncated for column 'fuel_type' at row 76")
Traceback (most recent call last):
  File "c:\SKN_main_project1\load_to_db.py", line 383, in process_file
    total += upsert_fuel(conn, r10)
             ^^^^^^^^^^^^^^^^^^^^^^
  File "c:\SKN_main_project1\load_to_db.py", line 325, in upsert_fuel
    return insert_many(conn, """
           ^^^^^^^^^^^^^^^^^^^^^
  File "c:\SKN_main_project1\load_to_db.py", line 290, in insert_many
    cur.executemany(sql, data)
  File "C:\SKN_main_project1\.venv\Lib\site-packages\pymysql\cursors.py", line 182, in executemany
    return self._do_execute_many(
           ^^^^^^^^^^^^^^^^^^^^^^
  File "C:\SKN_main_project1\.venv\Lib\site-packages\pymysql\cursors.py", line 220, in _do_execute_many
    rows += self.execute(sql + postfix)
            ^^^^^^^^^^^^^^^^^^^^^^^^^^^
  File "C:\SKN_main_project1\.venv\Lib\site-packages\pymysql\cursors.py", line 153, in execute
    result = self._query(query)
             ^^^^^^^^^^^^^^^^^^
  File "C:\SKN_main_project1\.venv\Lib\site-packages\pymysql\cursors.py", line 322, in _query
    conn.query(q)
  File "C:\SKN_main_project1\.venv\Lib\site-packages\pymysql\connections.py", line 563, in query
    self._affected_rows = self._read_query_result(unbuffered=unbuffered)
                          ^^^^^^^^^^^^^^^^^^^^^^^^^^^^^^^^^^^^^^^^^^^^^^
  File "C:\SKN_main_project1\.venv\Lib\site-packages\pymysql\connections.py", line 825, in _read_query_result
    result.read()
  File "C:\SKN_main_project1\.venv\Lib\site-packages\pymysql\connections.py", line 1199, in read
    first_packet = self.connection._read_packet()
                   ^^^^^^^^^^^^^^^^^^^^^^^^^^^^^^
  File "C:\SKN_main_project1\.venv\Lib\site-packages\pymysql\connections.py", line 775, in _read_packet
    packet.raise_for_error()
  File "C:\SKN_main_project1\.venv\Lib\site-packages\pymysql\protocol.py", line 219, in raise_for_error
    err.raise_mysql_exception(self._data)
  File "C:\SKN_main_project1\.venv\Lib\site-packages\pymysql\err.py", line 150, in raise_mysql_exception
    raise errorclass(errno, errval)
pymysql.err.DataError: (1265, "Data truncated for column 'fuel_type' at row 76")
2026-05-17 02:17:25,975 [INFO] 처리 시작: 2025년_08월_자동차_등록자료_통계.xlsx (202508)
2026-05-17 02:17:26,638 [INFO]   [01] 시도별      :    90행
2026-05-17 02:17:26,642 [INFO]   [04] 성별·연령별 :    21행
2026-05-17 02:17:26,645 [INFO]   [09] 차종유형별  :    17행
2026-05-17 02:17:26,683 [ERROR] 오류 발생, 롤백: (1265, "Data truncated for column 'fuel_type' at row 76")
Traceback (most recent call last):
  File "c:\SKN_main_project1\load_to_db.py", line 383, in process_file
    total += upsert_fuel(conn, r10)
             ^^^^^^^^^^^^^^^^^^^^^^
  File "c:\SKN_main_project1\load_to_db.py", line 325, in upsert_fuel
    return insert_many(conn, """
           ^^^^^^^^^^^^^^^^^^^^^
  File "c:\SKN_main_project1\load_to_db.py", line 290, in insert_many
    cur.executemany(sql, data)
  File "C:\SKN_main_project1\.venv\Lib\site-packages\pymysql\cursors.py", line 182, in executemany
    return self._do_execute_many(
           ^^^^^^^^^^^^^^^^^^^^^^
  File "C:\SKN_main_project1\.venv\Lib\site-packages\pymysql\cursors.py", line 220, in _do_execute_many
    rows += self.execute(sql + postfix)
            ^^^^^^^^^^^^^^^^^^^^^^^^^^^
  File "C:\SKN_main_project1\.venv\Lib\site-packages\pymysql\cursors.py", line 153, in execute
    result = self._query(query)
             ^^^^^^^^^^^^^^^^^^
  File "C:\SKN_main_project1\.venv\Lib\site-packages\pymysql\cursors.py", line 322, in _query
    conn.query(q)
  File "C:\SKN_main_project1\.venv\Lib\site-packages\pymysql\connections.py", line 563, in query
    self._affected_rows = self._read_query_result(unbuffered=unbuffered)
                          ^^^^^^^^^^^^^^^^^^^^^^^^^^^^^^^^^^^^^^^^^^^^^^
  File "C:\SKN_main_project1\.venv\Lib\site-packages\pymysql\connections.py", line 825, in _read_query_result
    result.read()
  File "C:\SKN_main_project1\.venv\Lib\site-packages\pymysql\connections.py", line 1199, in read
    first_packet = self.connection._read_packet()
                   ^^^^^^^^^^^^^^^^^^^^^^^^^^^^^^
  File "C:\SKN_main_project1\.venv\Lib\site-packages\pymysql\connections.py", line 775, in _read_packet
    packet.raise_for_error()
  File "C:\SKN_main_project1\.venv\Lib\site-packages\pymysql\protocol.py", line 219, in raise_for_error
    err.raise_mysql_exception(self._data)
  File "C:\SKN_main_project1\.venv\Lib\site-packages\pymysql\err.py", line 150, in raise_mysql_exception
    raise errorclass(errno, errval)
pymysql.err.DataError: (1265, "Data truncated for column 'fuel_type' at row 76")
2026-05-17 02:17:26,684 [INFO] 처리 시작: 2025년_09월_자동차_등록자료_통계.xlsx (202509)
2026-05-17 02:17:27,369 [INFO]   [01] 시도별      :    90행
2026-05-17 02:17:27,369 [INFO]   [04] 성별·연령별 :    21행
2026-05-17 02:17:27,376 [INFO]   [09] 차종유형별  :    17행
2026-05-17 02:17:27,408 [ERROR] 오류 발생, 롤백: (1265, "Data truncated for column 'fuel_type' at row 76")
Traceback (most recent call last):
  File "c:\SKN_main_project1\load_to_db.py", line 383, in process_file
    total += upsert_fuel(conn, r10)
             ^^^^^^^^^^^^^^^^^^^^^^
  File "c:\SKN_main_project1\load_to_db.py", line 325, in upsert_fuel
    return insert_many(conn, """
           ^^^^^^^^^^^^^^^^^^^^^
  File "c:\SKN_main_project1\load_to_db.py", line 290, in insert_many
    cur.executemany(sql, data)
  File "C:\SKN_main_project1\.venv\Lib\site-packages\pymysql\cursors.py", line 182, in executemany
    return self._do_execute_many(
           ^^^^^^^^^^^^^^^^^^^^^^
  File "C:\SKN_main_project1\.venv\Lib\site-packages\pymysql\cursors.py", line 220, in _do_execute_many
    rows += self.execute(sql + postfix)
            ^^^^^^^^^^^^^^^^^^^^^^^^^^^
  File "C:\SKN_main_project1\.venv\Lib\site-packages\pymysql\cursors.py", line 153, in execute
    result = self._query(query)
             ^^^^^^^^^^^^^^^^^^
  File "C:\SKN_main_project1\.venv\Lib\site-packages\pymysql\cursors.py", line 322, in _query
    conn.query(q)
  File "C:\SKN_main_project1\.venv\Lib\site-packages\pymysql\connections.py", line 563, in query
    self._affected_rows = self._read_query_result(unbuffered=unbuffered)
                          ^^^^^^^^^^^^^^^^^^^^^^^^^^^^^^^^^^^^^^^^^^^^^^
  File "C:\SKN_main_project1\.venv\Lib\site-packages\pymysql\connections.py", line 825, in _read_query_result
    result.read()
  File "C:\SKN_main_project1\.venv\Lib\site-packages\pymysql\connections.py", line 1199, in read
    first_packet = self.connection._read_packet()
                   ^^^^^^^^^^^^^^^^^^^^^^^^^^^^^^
  File "C:\SKN_main_project1\.venv\Lib\site-packages\pymysql\connections.py", line 775, in _read_packet
    packet.raise_for_error()
  File "C:\SKN_main_project1\.venv\Lib\site-packages\pymysql\protocol.py", line 219, in raise_for_error
    err.raise_mysql_exception(self._data)
  File "C:\SKN_main_project1\.venv\Lib\site-packages\pymysql\err.py", line 150, in raise_mysql_exception
    raise errorclass(errno, errval)
pymysql.err.DataError: (1265, "Data truncated for column 'fuel_type' at row 76")
2026-05-17 02:17:27,409 [INFO] 처리 시작: 2025년_10월_자동차_등록자료_통계.xlsx (202510)
2026-05-17 02:17:28,054 [INFO]   [01] 시도별      :    90행
2026-05-17 02:17:28,059 [INFO]   [04] 성별·연령별 :    21행
2026-05-17 02:17:28,062 [INFO]   [09] 차종유형별  :    17행
2026-05-17 02:17:28,094 [ERROR] 오류 발생, 롤백: (1265, "Data truncated for column 'fuel_type' at row 76")
Traceback (most recent call last):
  File "c:\SKN_main_project1\load_to_db.py", line 383, in process_file
    total += upsert_fuel(conn, r10)
             ^^^^^^^^^^^^^^^^^^^^^^
  File "c:\SKN_main_project1\load_to_db.py", line 325, in upsert_fuel
    return insert_many(conn, """
           ^^^^^^^^^^^^^^^^^^^^^
  File "c:\SKN_main_project1\load_to_db.py", line 290, in insert_many
    cur.executemany(sql, data)
  File "C:\SKN_main_project1\.venv\Lib\site-packages\pymysql\cursors.py", line 182, in executemany
    return self._do_execute_many(
           ^^^^^^^^^^^^^^^^^^^^^^
  File "C:\SKN_main_project1\.venv\Lib\site-packages\pymysql\cursors.py", line 220, in _do_execute_many
    rows += self.execute(sql + postfix)
            ^^^^^^^^^^^^^^^^^^^^^^^^^^^
  File "C:\SKN_main_project1\.venv\Lib\site-packages\pymysql\cursors.py", line 153, in execute
    result = self._query(query)
             ^^^^^^^^^^^^^^^^^^
  File "C:\SKN_main_project1\.venv\Lib\site-packages\pymysql\cursors.py", line 322, in _query
    conn.query(q)
  File "C:\SKN_main_project1\.venv\Lib\site-packages\pymysql\connections.py", line 563, in query
    self._affected_rows = self._read_query_result(unbuffered=unbuffered)
                          ^^^^^^^^^^^^^^^^^^^^^^^^^^^^^^^^^^^^^^^^^^^^^^
  File "C:\SKN_main_project1\.venv\Lib\site-packages\pymysql\connections.py", line 825, in _read_query_result
    result.read()
  File "C:\SKN_main_project1\.venv\Lib\site-packages\pymysql\connections.py", line 1199, in read
    first_packet = self.connection._read_packet()
                   ^^^^^^^^^^^^^^^^^^^^^^^^^^^^^^
  File "C:\SKN_main_project1\.venv\Lib\site-packages\pymysql\connections.py", line 775, in _read_packet
    packet.raise_for_error()
  File "C:\SKN_main_project1\.venv\Lib\site-packages\pymysql\protocol.py", line 219, in raise_for_error
    err.raise_mysql_exception(self._data)
  File "C:\SKN_main_project1\.venv\Lib\site-packages\pymysql\err.py", line 150, in raise_mysql_exception
    raise errorclass(errno, errval)
pymysql.err.DataError: (1265, "Data truncated for column 'fuel_type' at row 76")
2026-05-17 02:17:28,094 [INFO] 처리 시작: 2025년_11월_자동차_등록자료_통계.xlsx (202511)
2026-05-17 02:17:28,813 [INFO]   [01] 시도별      :    90행
2026-05-17 02:17:28,814 [INFO]   [04] 성별·연령별 :    21행
2026-05-17 02:17:28,814 [INFO]   [09] 차종유형별  :    17행
2026-05-17 02:17:28,854 [ERROR] 오류 발생, 롤백: (1265, "Data truncated for column 'fuel_type' at row 76")
Traceback (most recent call last):
  File "c:\SKN_main_project1\load_to_db.py", line 383, in process_file
    total += upsert_fuel(conn, r10)
             ^^^^^^^^^^^^^^^^^^^^^^
  File "c:\SKN_main_project1\load_to_db.py", line 325, in upsert_fuel
    return insert_many(conn, """
           ^^^^^^^^^^^^^^^^^^^^^
  File "c:\SKN_main_project1\load_to_db.py", line 290, in insert_many
    cur.executemany(sql, data)
  File "C:\SKN_main_project1\.venv\Lib\site-packages\pymysql\cursors.py", line 182, in executemany
    return self._do_execute_many(
           ^^^^^^^^^^^^^^^^^^^^^^
  File "C:\SKN_main_project1\.venv\Lib\site-packages\pymysql\cursors.py", line 220, in _do_execute_many
    rows += self.execute(sql + postfix)
            ^^^^^^^^^^^^^^^^^^^^^^^^^^^
  File "C:\SKN_main_project1\.venv\Lib\site-packages\pymysql\cursors.py", line 153, in execute
    result = self._query(query)
             ^^^^^^^^^^^^^^^^^^
  File "C:\SKN_main_project1\.venv\Lib\site-packages\pymysql\cursors.py", line 322, in _query
    conn.query(q)
  File "C:\SKN_main_project1\.venv\Lib\site-packages\pymysql\connections.py", line 563, in query
    self._affected_rows = self._read_query_result(unbuffered=unbuffered)
                          ^^^^^^^^^^^^^^^^^^^^^^^^^^^^^^^^^^^^^^^^^^^^^^
  File "C:\SKN_main_project1\.venv\Lib\site-packages\pymysql\connections.py", line 825, in _read_query_result
    result.read()
  File "C:\SKN_main_project1\.venv\Lib\site-packages\pymysql\connections.py", line 1199, in read
    first_packet = self.connection._read_packet()
                   ^^^^^^^^^^^^^^^^^^^^^^^^^^^^^^
  File "C:\SKN_main_project1\.venv\Lib\site-packages\pymysql\connections.py", line 775, in _read_packet
    packet.raise_for_error()
  File "C:\SKN_main_project1\.venv\Lib\site-packages\pymysql\protocol.py", line 219, in raise_for_error
    err.raise_mysql_exception(self._data)
  File "C:\SKN_main_project1\.venv\Lib\site-packages\pymysql\err.py", line 150, in raise_mysql_exception
    raise errorclass(errno, errval)
pymysql.err.DataError: (1265, "Data truncated for column 'fuel_type' at row 76")
2026-05-17 02:17:28,858 [INFO] 처리 시작: 2025년_12월_자동차_등록자료_통계.xlsx (202512)
2026-05-17 02:17:29,573 [INFO]   [01] 시도별      :    90행
2026-05-17 02:17:29,576 [INFO]   [04] 성별·연령별 :    21행
2026-05-17 02:17:29,580 [INFO]   [09] 차종유형별  :    17행
2026-05-17 02:17:29,612 [ERROR] 오류 발생, 롤백: (1265, "Data truncated for column 'fuel_type' at row 76")
Traceback (most recent call last):
  File "c:\SKN_main_project1\load_to_db.py", line 383, in process_file
    total += upsert_fuel(conn, r10)
             ^^^^^^^^^^^^^^^^^^^^^^
  File "c:\SKN_main_project1\load_to_db.py", line 325, in upsert_fuel
    return insert_many(conn, """
           ^^^^^^^^^^^^^^^^^^^^^
  File "c:\SKN_main_project1\load_to_db.py", line 290, in insert_many
    cur.executemany(sql, data)
  File "C:\SKN_main_project1\.venv\Lib\site-packages\pymysql\cursors.py", line 182, in executemany
    return self._do_execute_many(
           ^^^^^^^^^^^^^^^^^^^^^^
  File "C:\SKN_main_project1\.venv\Lib\site-packages\pymysql\cursors.py", line 220, in _do_execute_many
    rows += self.execute(sql + postfix)
            ^^^^^^^^^^^^^^^^^^^^^^^^^^^
  File "C:\SKN_main_project1\.venv\Lib\site-packages\pymysql\cursors.py", line 153, in execute
    result = self._query(query)
             ^^^^^^^^^^^^^^^^^^
  File "C:\SKN_main_project1\.venv\Lib\site-packages\pymysql\cursors.py", line 322, in _query
    conn.query(q)
  File "C:\SKN_main_project1\.venv\Lib\site-packages\pymysql\connections.py", line 563, in query
    self._affected_rows = self._read_query_result(unbuffered=unbuffered)
                          ^^^^^^^^^^^^^^^^^^^^^^^^^^^^^^^^^^^^^^^^^^^^^^
  File "C:\SKN_main_project1\.venv\Lib\site-packages\pymysql\connections.py", line 825, in _read_query_result
    result.read()
  File "C:\SKN_main_project1\.venv\Lib\site-packages\pymysql\connections.py", line 1199, in read
    first_packet = self.connection._read_packet()
                   ^^^^^^^^^^^^^^^^^^^^^^^^^^^^^^
  File "C:\SKN_main_project1\.venv\Lib\site-packages\pymysql\connections.py", line 775, in _read_packet
    packet.raise_for_error()
  File "C:\SKN_main_project1\.venv\Lib\site-packages\pymysql\protocol.py", line 219, in raise_for_error
    err.raise_mysql_exception(self._data)
  File "C:\SKN_main_project1\.venv\Lib\site-packages\pymysql\err.py", line 150, in raise_mysql_exception
    raise errorclass(errno, errval)
pymysql.err.DataError: (1265, "Data truncated for column 'fuel_type' at row 76")
2026-05-17 02:17:29,613 [INFO] 처리 시작: 2026년_01월_자동차_등록자료_통계.xlsx (202601)
2026-05-17 02:17:30,299 [INFO]   [01] 시도별      :    90행
2026-05-17 02:17:30,302 [INFO]   [04] 성별·연령별 :    21행
2026-05-17 02:17:30,308 [INFO]   [09] 차종유형별  :    17행
2026-05-17 02:17:30,350 [ERROR] 오류 발생, 롤백: (1265, "Data truncated for column 'fuel_type' at row 76")
Traceback (most recent call last):
  File "c:\SKN_main_project1\load_to_db.py", line 383, in process_file
    total += upsert_fuel(conn, r10)
             ^^^^^^^^^^^^^^^^^^^^^^
  File "c:\SKN_main_project1\load_to_db.py", line 325, in upsert_fuel
    return insert_many(conn, """
           ^^^^^^^^^^^^^^^^^^^^^
  File "c:\SKN_main_project1\load_to_db.py", line 290, in insert_many
    cur.executemany(sql, data)
  File "C:\SKN_main_project1\.venv\Lib\site-packages\pymysql\cursors.py", line 182, in executemany
    return self._do_execute_many(
           ^^^^^^^^^^^^^^^^^^^^^^
  File "C:\SKN_main_project1\.venv\Lib\site-packages\pymysql\cursors.py", line 220, in _do_execute_many
    rows += self.execute(sql + postfix)
            ^^^^^^^^^^^^^^^^^^^^^^^^^^^
  File "C:\SKN_main_project1\.venv\Lib\site-packages\pymysql\cursors.py", line 153, in execute
    result = self._query(query)
             ^^^^^^^^^^^^^^^^^^
  File "C:\SKN_main_project1\.venv\Lib\site-packages\pymysql\cursors.py", line 322, in _query
    conn.query(q)
  File "C:\SKN_main_project1\.venv\Lib\site-packages\pymysql\connections.py", line 563, in query
    self._affected_rows = self._read_query_result(unbuffered=unbuffered)
                          ^^^^^^^^^^^^^^^^^^^^^^^^^^^^^^^^^^^^^^^^^^^^^^
  File "C:\SKN_main_project1\.venv\Lib\site-packages\pymysql\connections.py", line 825, in _read_query_result
    result.read()
  File "C:\SKN_main_project1\.venv\Lib\site-packages\pymysql\connections.py", line 1199, in read
    first_packet = self.connection._read_packet()
                   ^^^^^^^^^^^^^^^^^^^^^^^^^^^^^^
  File "C:\SKN_main_project1\.venv\Lib\site-packages\pymysql\connections.py", line 775, in _read_packet
    packet.raise_for_error()
  File "C:\SKN_main_project1\.venv\Lib\site-packages\pymysql\protocol.py", line 219, in raise_for_error
    err.raise_mysql_exception(self._data)
  File "C:\SKN_main_project1\.venv\Lib\site-packages\pymysql\err.py", line 150, in raise_mysql_exception
    raise errorclass(errno, errval)
pymysql.err.DataError: (1265, "Data truncated for column 'fuel_type' at row 76")
2026-05-17 02:17:30,351 [INFO] 처리 시작: 2026년_02월_자동차_등록자료_통계.xlsx (202602)
2026-05-17 02:17:31,075 [INFO]   [01] 시도별      :    90행
2026-05-17 02:17:31,075 [INFO]   [04] 성별·연령별 :    21행
2026-05-17 02:17:31,075 [INFO]   [09] 차종유형별  :    17행
2026-05-17 02:17:31,117 [ERROR] 오류 발생, 롤백: (1265, "Data truncated for column 'fuel_type' at row 76")
Traceback (most recent call last):
  File "c:\SKN_main_project1\load_to_db.py", line 383, in process_file
    total += upsert_fuel(conn, r10)
             ^^^^^^^^^^^^^^^^^^^^^^
  File "c:\SKN_main_project1\load_to_db.py", line 325, in upsert_fuel
    return insert_many(conn, """
           ^^^^^^^^^^^^^^^^^^^^^
  File "c:\SKN_main_project1\load_to_db.py", line 290, in insert_many
    cur.executemany(sql, data)
  File "C:\SKN_main_project1\.venv\Lib\site-packages\pymysql\cursors.py", line 182, in executemany
    return self._do_execute_many(
           ^^^^^^^^^^^^^^^^^^^^^^
  File "C:\SKN_main_project1\.venv\Lib\site-packages\pymysql\cursors.py", line 220, in _do_execute_many
    rows += self.execute(sql + postfix)
            ^^^^^^^^^^^^^^^^^^^^^^^^^^^
  File "C:\SKN_main_project1\.venv\Lib\site-packages\pymysql\cursors.py", line 153, in execute
    result = self._query(query)
             ^^^^^^^^^^^^^^^^^^
  File "C:\SKN_main_project1\.venv\Lib\site-packages\pymysql\cursors.py", line 322, in _query
    conn.query(q)
  File "C:\SKN_main_project1\.venv\Lib\site-packages\pymysql\connections.py", line 563, in query
    self._affected_rows = self._read_query_result(unbuffered=unbuffered)
                          ^^^^^^^^^^^^^^^^^^^^^^^^^^^^^^^^^^^^^^^^^^^^^^
  File "C:\SKN_main_project1\.venv\Lib\site-packages\pymysql\connections.py", line 825, in _read_query_result
    result.read()
  File "C:\SKN_main_project1\.venv\Lib\site-packages\pymysql\connections.py", line 1199, in read
    first_packet = self.connection._read_packet()
                   ^^^^^^^^^^^^^^^^^^^^^^^^^^^^^^
  File "C:\SKN_main_project1\.venv\Lib\site-packages\pymysql\connections.py", line 775, in _read_packet
    packet.raise_for_error()
  File "C:\SKN_main_project1\.venv\Lib\site-packages\pymysql\protocol.py", line 219, in raise_for_error
    err.raise_mysql_exception(self._data)
  File "C:\SKN_main_project1\.venv\Lib\site-packages\pymysql\err.py", line 150, in raise_mysql_exception
    raise errorclass(errno, errval)
pymysql.err.DataError: (1265, "Data truncated for column 'fuel_type' at row 76")
2026-05-17 02:17:31,118 [INFO] 처리 시작: 2026년_03월_자동차_등록자료_통계.xlsx (202603)
2026-05-17 02:17:31,828 [INFO]   [01] 시도별      :    90행
2026-05-17 02:17:31,831 [INFO]   [04] 성별·연령별 :    21행
2026-05-17 02:17:31,834 [INFO]   [09] 차종유형별  :    17행
2026-05-17 02:17:31,864 [ERROR] 오류 발생, 롤백: (1265, "Data truncated for column 'fuel_type' at row 76")
Traceback (most recent call last):
  File "c:\SKN_main_project1\load_to_db.py", line 383, in process_file
    total += upsert_fuel(conn, r10)
             ^^^^^^^^^^^^^^^^^^^^^^
  File "c:\SKN_main_project1\load_to_db.py", line 325, in upsert_fuel
    return insert_many(conn, """
           ^^^^^^^^^^^^^^^^^^^^^
  File "c:\SKN_main_project1\load_to_db.py", line 290, in insert_many
    cur.executemany(sql, data)
  File "C:\SKN_main_project1\.venv\Lib\site-packages\pymysql\cursors.py", line 182, in executemany
    return self._do_execute_many(
           ^^^^^^^^^^^^^^^^^^^^^^
  File "C:\SKN_main_project1\.venv\Lib\site-packages\pymysql\cursors.py", line 220, in _do_execute_many
    rows += self.execute(sql + postfix)
            ^^^^^^^^^^^^^^^^^^^^^^^^^^^
  File "C:\SKN_main_project1\.venv\Lib\site-packages\pymysql\cursors.py", line 153, in execute
    result = self._query(query)
             ^^^^^^^^^^^^^^^^^^
  File "C:\SKN_main_project1\.venv\Lib\site-packages\pymysql\cursors.py", line 322, in _query
    conn.query(q)
  File "C:\SKN_main_project1\.venv\Lib\site-packages\pymysql\connections.py", line 563, in query
    self._affected_rows = self._read_query_result(unbuffered=unbuffered)
                          ^^^^^^^^^^^^^^^^^^^^^^^^^^^^^^^^^^^^^^^^^^^^^^
  File "C:\SKN_main_project1\.venv\Lib\site-packages\pymysql\connections.py", line 825, in _read_query_result
    result.read()
  File "C:\SKN_main_project1\.venv\Lib\site-packages\pymysql\connections.py", line 1199, in read
    first_packet = self.connection._read_packet()
                   ^^^^^^^^^^^^^^^^^^^^^^^^^^^^^^
  File "C:\SKN_main_project1\.venv\Lib\site-packages\pymysql\connections.py", line 775, in _read_packet
    packet.raise_for_error()
  File "C:\SKN_main_project1\.venv\Lib\site-packages\pymysql\protocol.py", line 219, in raise_for_error
    err.raise_mysql_exception(self._data)
  File "C:\SKN_main_project1\.venv\Lib\site-packages\pymysql\err.py", line 150, in raise_mysql_exception
    raise errorclass(errno, errval)
pymysql.err.DataError: (1265, "Data truncated for column 'fuel_type' at row 76")
2026-05-17 02:17:31,864 [INFO] 처리 시작: 2026년_04월_자동차_등록자료_통계.xlsx (202604)
2026-05-17 02:17:32,633 [INFO]   [01] 시도별      :    90행
2026-05-17 02:17:32,634 [INFO]   [04] 성별·연령별 :    21행
2026-05-17 02:17:32,634 [INFO]   [09] 차종유형별  :    17행
2026-05-17 02:17:32,674 [ERROR] 오류 발생, 롤백: (1265, "Data truncated for column 'fuel_type' at row 76")
Traceback (most recent call last):
  File "c:\SKN_main_project1\load_to_db.py", line 383, in process_file
    total += upsert_fuel(conn, r10)
             ^^^^^^^^^^^^^^^^^^^^^^
  File "c:\SKN_main_project1\load_to_db.py", line 325, in upsert_fuel
    return insert_many(conn, """
           ^^^^^^^^^^^^^^^^^^^^^
  File "c:\SKN_main_project1\load_to_db.py", line 290, in insert_many
    cur.executemany(sql, data)
  File "C:\SKN_main_project1\.venv\Lib\site-packages\pymysql\cursors.py", line 182, in executemany
    return self._do_execute_many(
           ^^^^^^^^^^^^^^^^^^^^^^
  File "C:\SKN_main_project1\.venv\Lib\site-packages\pymysql\cursors.py", line 220, in _do_execute_many
    rows += self.execute(sql + postfix)
            ^^^^^^^^^^^^^^^^^^^^^^^^^^^
  File "C:\SKN_main_project1\.venv\Lib\site-packages\pymysql\cursors.py", line 153, in execute
    result = self._query(query)
             ^^^^^^^^^^^^^^^^^^
  File "C:\SKN_main_project1\.venv\Lib\site-packages\pymysql\cursors.py", line 322, in _query
    conn.query(q)
  File "C:\SKN_main_project1\.venv\Lib\site-packages\pymysql\connections.py", line 563, in query
    self._affected_rows = self._read_query_result(unbuffered=unbuffered)
                          ^^^^^^^^^^^^^^^^^^^^^^^^^^^^^^^^^^^^^^^^^^^^^^
  File "C:\SKN_main_project1\.venv\Lib\site-packages\pymysql\connections.py", line 825, in _read_query_result
    result.read()
  File "C:\SKN_main_project1\.venv\Lib\site-packages\pymysql\connections.py", line 1199, in read
    first_packet = self.connection._read_packet()
                   ^^^^^^^^^^^^^^^^^^^^^^^^^^^^^^
  File "C:\SKN_main_project1\.venv\Lib\site-packages\pymysql\connections.py", line 775, in _read_packet
    packet.raise_for_error()
  File "C:\SKN_main_project1\.venv\Lib\site-packages\pymysql\protocol.py", line 219, in raise_for_error
    err.raise_mysql_exception(self._data)
  File "C:\SKN_main_project1\.venv\Lib\site-packages\pymysql\err.py", line 150, in raise_mysql_exception
    raise errorclass(errno, errval)
pymysql.err.DataError: (1265, "Data truncated for column 'fuel_type' at row 76")
2026-05-17 02:17:32,677 [INFO] DB 최신 기준: None
2026-05-17 02:17:32,677 [INFO] ============================================================
2026-05-17 02:17:32,677 [INFO] 종료: 2026-05-17 02:17:32
2026-05-17 02:17:32,677 [INFO] ============================================================
2026-05-17 02:27:14,623 [INFO] ============================================================
2026-05-17 02:27:14,623 [INFO] 전국 자동차 등록 현황 DB 적재 시작
2026-05-17 02:27:14,623 [INFO] 시작: 2026-05-17 02:27:14
2026-05-17 02:27:14,623 [INFO] ============================================================
2026-05-17 02:27:14,623 [INFO] 발견 파일: 28개
2026-05-17 02:27:14,637 [INFO] DB 연결 성공
2026-05-17 02:27:14,670 [INFO] 신규 적재: 28개 (기적재 0개 스킵)
2026-05-17 02:27:14,670 [INFO] 처리 시작: 2024년_01월_자동차_등록자료_통계.xlsx (202401)
2026-05-17 02:27:15,296 [INFO]   [01] 시도별      :    90행
2026-05-17 02:27:15,304 [INFO]   [04] 성별·연령별 :    21행
2026-05-17 02:27:15,312 [INFO]   [09] 차종유형별  :    17행
2026-05-17 02:27:15,336 [INFO]   [10] 연료별      :   255행
2026-05-17 02:27:15,359 [INFO]   [20] 신규등록    :   360행
2026-05-17 02:27:15,359 [INFO]   완료: 총 743행
2026-05-17 02:27:15,359 [INFO] 처리 시작: 2024년_02월_자동차_등록자료_통계.xlsx (202402)
2026-05-17 02:27:16,036 [INFO]   [01] 시도별      :    90행
2026-05-17 02:27:16,041 [INFO]   [04] 성별·연령별 :    21행
2026-05-17 02:27:16,043 [INFO]   [09] 차종유형별  :    17행
2026-05-17 02:27:16,093 [INFO]   [10] 연료별      :   255행
2026-05-17 02:27:16,107 [INFO]   [20] 신규등록    :   360행
2026-05-17 02:27:16,110 [INFO]   완료: 총 743행
2026-05-17 02:27:16,113 [INFO] 처리 시작: 2024년_03월_자동차_등록자료_통계.xlsx (202403)
2026-05-17 02:27:16,732 [INFO]   [01] 시도별      :    90행
2026-05-17 02:27:16,736 [INFO]   [04] 성별·연령별 :    21행
2026-05-17 02:27:16,738 [INFO]   [09] 차종유형별  :    17행
2026-05-17 02:27:16,771 [INFO]   [10] 연료별      :   255행
2026-05-17 02:27:16,788 [INFO]   [20] 신규등록    :   360행
2026-05-17 02:27:16,791 [INFO]   완료: 총 743행
2026-05-17 02:27:16,793 [INFO] 처리 시작: 2024년_04월_자동차_등록자료_통계.xlsx (202404)
2026-05-17 02:27:17,404 [INFO]   [01] 시도별      :    90행
2026-05-17 02:27:17,407 [INFO]   [04] 성별·연령별 :    21행
2026-05-17 02:27:17,410 [INFO]   [09] 차종유형별  :    17행
2026-05-17 02:27:17,444 [INFO]   [10] 연료별      :   255행
2026-05-17 02:27:17,460 [INFO]   [20] 신규등록    :   360행
2026-05-17 02:27:17,463 [INFO]   완료: 총 743행
2026-05-17 02:27:17,466 [INFO] 처리 시작: 2024년_05월_자동차_등록자료_통계.xlsx (202405)
2026-05-17 02:27:18,153 [INFO]   [01] 시도별      :    90행
2026-05-17 02:27:18,153 [INFO]   [04] 성별·연령별 :    21행
2026-05-17 02:27:18,153 [INFO]   [09] 차종유형별  :    17행
2026-05-17 02:27:18,193 [INFO]   [10] 연료별      :   255행
2026-05-17 02:27:18,222 [INFO]   [20] 신규등록    :   360행
2026-05-17 02:27:18,226 [INFO]   완료: 총 743행
2026-05-17 02:27:18,226 [INFO] 처리 시작: 2024년_06월_자동차_등록자료_통계.xlsx (202406)
2026-05-17 02:27:18,854 [INFO]   [01] 시도별      :    90행
2026-05-17 02:27:18,854 [INFO]   [04] 성별·연령별 :    21행
2026-05-17 02:27:18,870 [INFO]   [09] 차종유형별  :    17행
2026-05-17 02:27:18,901 [INFO]   [10] 연료별      :   255행
2026-05-17 02:27:18,913 [INFO]   [20] 신규등록    :   360행
2026-05-17 02:27:18,918 [INFO]   완료: 총 743행
2026-05-17 02:27:18,923 [INFO] 처리 시작: 2024년_07월_자동차_등록자료_통계.xlsx (202407)
2026-05-17 02:27:19,529 [INFO]   [01] 시도별      :    90행
2026-05-17 02:27:19,529 [INFO]   [04] 성별·연령별 :    21행
2026-05-17 02:27:19,538 [INFO]   [09] 차종유형별  :    17행
2026-05-17 02:27:19,569 [INFO]   [10] 연료별      :   255행
2026-05-17 02:27:19,594 [INFO]   [20] 신규등록    :   360행
2026-05-17 02:27:19,599 [INFO]   완료: 총 743행
2026-05-17 02:27:19,602 [INFO] 처리 시작: 2024년_08월_자동차_등록자료_통계.xlsx (202408)
2026-05-17 02:27:20,199 [INFO]   [01] 시도별      :    90행
2026-05-17 02:27:20,199 [INFO]   [04] 성별·연령별 :    21행
2026-05-17 02:27:20,199 [INFO]   [09] 차종유형별  :    17행
2026-05-17 02:27:20,265 [INFO]   [10] 연료별      :   255행
2026-05-17 02:27:20,277 [INFO]   [20] 신규등록    :   360행
2026-05-17 02:27:20,281 [INFO]   완료: 총 743행
2026-05-17 02:27:20,283 [INFO] 처리 시작: 2024년_09월_자동차_등록자료_통계.xlsx (202409)
2026-05-17 02:27:20,913 [INFO]   [01] 시도별      :    90행
2026-05-17 02:27:20,918 [INFO]   [04] 성별·연령별 :    21행
2026-05-17 02:27:20,921 [INFO]   [09] 차종유형별  :    17행
2026-05-17 02:27:20,957 [INFO]   [10] 연료별      :   270행
2026-05-17 02:27:20,973 [INFO]   [20] 신규등록    :   360행
2026-05-17 02:27:20,974 [INFO]   완료: 총 758행
2026-05-17 02:27:20,974 [INFO] 처리 시작: 2024년_10월_자동차_등록자료_통계.xlsx (202410)
2026-05-17 02:27:21,592 [INFO]   [01] 시도별      :    90행
2026-05-17 02:27:21,596 [INFO]   [04] 성별·연령별 :    21행
2026-05-17 02:27:21,596 [INFO]   [09] 차종유형별  :    17행
2026-05-17 02:27:21,634 [INFO]   [10] 연료별      :   270행
2026-05-17 02:27:21,647 [INFO]   [20] 신규등록    :   360행
2026-05-17 02:27:21,648 [INFO]   완료: 총 758행
2026-05-17 02:27:21,651 [INFO] 처리 시작: 2024년_11월_자동차_등록자료_통계.xlsx (202411)
2026-05-17 02:27:22,285 [INFO]   [01] 시도별      :    90행
2026-05-17 02:27:22,288 [INFO]   [04] 성별·연령별 :    21행
2026-05-17 02:27:22,291 [INFO]   [09] 차종유형별  :    17행
2026-05-17 02:27:22,348 [INFO]   [10] 연료별      :   270행
2026-05-17 02:27:22,391 [INFO]   [20] 신규등록    :   360행
2026-05-17 02:27:22,400 [INFO]   완료: 총 758행
2026-05-17 02:27:22,402 [INFO] 처리 시작: 2024년_12월_자동차_등록자료_통계.xlsx (202412)
2026-05-17 02:27:23,049 [INFO]   [01] 시도별      :    90행
2026-05-17 02:27:23,054 [INFO]   [04] 성별·연령별 :    21행
2026-05-17 02:27:23,058 [INFO]   [09] 차종유형별  :    17행
2026-05-17 02:27:23,093 [INFO]   [10] 연료별      :   270행
2026-05-17 02:27:23,107 [INFO]   [20] 신규등록    :   360행
2026-05-17 02:27:23,111 [INFO]   완료: 총 758행
2026-05-17 02:27:23,115 [INFO] 처리 시작: 2025년_01월_자동차_등록자료_통계.xlsx (202501)
2026-05-17 02:27:23,723 [INFO]   [01] 시도별      :    90행
2026-05-17 02:27:23,723 [INFO]   [04] 성별·연령별 :    21행
2026-05-17 02:27:23,732 [INFO]   [09] 차종유형별  :    17행
2026-05-17 02:27:23,773 [INFO]   [10] 연료별      :   270행
2026-05-17 02:27:23,791 [INFO]   [20] 신규등록    :   360행
2026-05-17 02:27:23,795 [INFO]   완료: 총 758행
2026-05-17 02:27:23,797 [INFO] 처리 시작: 2025년_02월_자동차_등록자료_통계.xlsx (202502)
2026-05-17 02:27:24,453 [INFO]   [01] 시도별      :    90행
2026-05-17 02:27:24,463 [INFO]   [04] 성별·연령별 :    21행
2026-05-17 02:27:24,465 [INFO]   [09] 차종유형별  :    17행
2026-05-17 02:27:24,503 [INFO]   [10] 연료별      :   270행
2026-05-17 02:27:24,514 [INFO]   [20] 신규등록    :   360행
2026-05-17 02:27:24,517 [INFO]   완료: 총 758행
2026-05-17 02:27:24,520 [INFO] 처리 시작: 2025년_03월_자동차_등록자료_통계.xlsx (202503)
2026-05-17 02:27:25,140 [INFO]   [01] 시도별      :    90행
2026-05-17 02:27:25,144 [INFO]   [04] 성별·연령별 :    21행
2026-05-17 02:27:25,147 [INFO]   [09] 차종유형별  :    17행
2026-05-17 02:27:25,181 [INFO]   [10] 연료별      :   270행
2026-05-17 02:27:25,197 [INFO]   [20] 신규등록    :   360행
2026-05-17 02:27:25,200 [INFO]   완료: 총 758행
2026-05-17 02:27:25,203 [INFO] 처리 시작: 2025년_04월_자동차_등록자료_통계.xlsx (202504)
2026-05-17 02:27:25,821 [INFO]   [01] 시도별      :    90행
2026-05-17 02:27:25,841 [INFO]   [04] 성별·연령별 :    21행
2026-05-17 02:27:25,844 [INFO]   [09] 차종유형별  :    17행
2026-05-17 02:27:25,869 [INFO]   [10] 연료별      :   270행
2026-05-17 02:27:25,893 [INFO]   [20] 신규등록    :   360행
2026-05-17 02:27:25,893 [INFO]   완료: 총 758행
2026-05-17 02:27:25,902 [INFO] 처리 시작: 2025년_05월_자동차_등록자료_통계.xlsx (202505)
2026-05-17 02:27:26,524 [INFO]   [01] 시도별      :    90행
2026-05-17 02:27:26,524 [INFO]   [04] 성별·연령별 :    21행
2026-05-17 02:27:26,524 [INFO]   [09] 차종유형별  :    17행
2026-05-17 02:27:26,575 [INFO]   [10] 연료별      :   270행
2026-05-17 02:27:26,602 [INFO]   [20] 신규등록    :   360행
2026-05-17 02:27:26,605 [INFO]   완료: 총 758행
2026-05-17 02:27:26,605 [INFO] 처리 시작: 2025년_06월_자동차_등록자료_통계.xlsx (202506)
2026-05-17 02:27:27,244 [INFO]   [01] 시도별      :    90행
2026-05-17 02:27:27,244 [INFO]   [04] 성별·연령별 :    21행
2026-05-17 02:27:27,244 [INFO]   [09] 차종유형별  :    17행
2026-05-17 02:27:27,285 [INFO]   [10] 연료별      :   270행
2026-05-17 02:27:27,293 [INFO]   [20] 신규등록    :   360행
2026-05-17 02:27:27,303 [INFO]   완료: 총 758행
2026-05-17 02:27:27,307 [INFO] 처리 시작: 2025년_07월_자동차_등록자료_통계.xlsx (202507)
2026-05-17 02:27:27,943 [INFO]   [01] 시도별      :    90행
2026-05-17 02:27:27,943 [INFO]   [04] 성별·연령별 :    21행
2026-05-17 02:27:27,943 [INFO]   [09] 차종유형별  :    17행
2026-05-17 02:27:27,978 [INFO]   [10] 연료별      :   270행
2026-05-17 02:27:27,993 [INFO]   [20] 신규등록    :   360행
2026-05-17 02:27:27,998 [INFO]   완료: 총 758행
2026-05-17 02:27:28,002 [INFO] 처리 시작: 2025년_08월_자동차_등록자료_통계.xlsx (202508)
2026-05-17 02:27:28,628 [INFO]   [01] 시도별      :    90행
2026-05-17 02:27:28,633 [INFO]   [04] 성별·연령별 :    21행
2026-05-17 02:27:28,636 [INFO]   [09] 차종유형별  :    17행
2026-05-17 02:27:28,672 [INFO]   [10] 연료별      :   270행
2026-05-17 02:27:28,683 [INFO]   [20] 신규등록    :   360행
2026-05-17 02:27:28,687 [INFO]   완료: 총 758행
2026-05-17 02:27:28,690 [INFO] 처리 시작: 2025년_09월_자동차_등록자료_통계.xlsx (202509)
2026-05-17 02:27:29,303 [INFO]   [01] 시도별      :    90행
2026-05-17 02:27:29,303 [INFO]   [04] 성별·연령별 :    21행
2026-05-17 02:27:29,303 [INFO]   [09] 차종유형별  :    17행
2026-05-17 02:27:29,344 [INFO]   [10] 연료별      :   270행
2026-05-17 02:27:29,357 [INFO]   [20] 신규등록    :   360행
2026-05-17 02:27:29,358 [INFO]   완료: 총 758행
2026-05-17 02:27:29,358 [INFO] 처리 시작: 2025년_10월_자동차_등록자료_통계.xlsx (202510)
2026-05-17 02:27:29,967 [INFO]   [01] 시도별      :    90행
2026-05-17 02:27:29,967 [INFO]   [04] 성별·연령별 :    21행
2026-05-17 02:27:29,967 [INFO]   [09] 차종유형별  :    17행
2026-05-17 02:27:30,027 [INFO]   [10] 연료별      :   270행
2026-05-17 02:27:30,039 [INFO]   [20] 신규등록    :   360행
2026-05-17 02:27:30,040 [INFO]   완료: 총 758행
2026-05-17 02:27:30,040 [INFO] 처리 시작: 2025년_11월_자동차_등록자료_통계.xlsx (202511)
2026-05-17 02:27:30,743 [INFO]   [01] 시도별      :    90행
2026-05-17 02:27:30,753 [INFO]   [04] 성별·연령별 :    21행
2026-05-17 02:27:30,757 [INFO]   [09] 차종유형별  :    17행
2026-05-17 02:27:30,791 [INFO]   [10] 연료별      :   270행
2026-05-17 02:27:30,804 [INFO]   [20] 신규등록    :   360행
2026-05-17 02:27:30,806 [INFO]   완료: 총 758행
2026-05-17 02:27:30,806 [INFO] 처리 시작: 2025년_12월_자동차_등록자료_통계.xlsx (202512)
2026-05-17 02:27:31,465 [INFO]   [01] 시도별      :    90행
2026-05-17 02:27:31,465 [INFO]   [04] 성별·연령별 :    21행
2026-05-17 02:27:31,483 [INFO]   [09] 차종유형별  :    17행
2026-05-17 02:27:31,518 [INFO]   [10] 연료별      :   270행
2026-05-17 02:27:31,519 [INFO]   [20] 신규등록    :   360행
2026-05-17 02:27:31,533 [INFO]   완료: 총 758행
2026-05-17 02:27:31,537 [INFO] 처리 시작: 2026년_01월_자동차_등록자료_통계.xlsx (202601)
2026-05-17 02:27:32,223 [INFO]   [01] 시도별      :    90행
2026-05-17 02:27:32,230 [INFO]   [04] 성별·연령별 :    21행
2026-05-17 02:27:32,233 [INFO]   [09] 차종유형별  :    17행
2026-05-17 02:27:32,270 [INFO]   [10] 연료별      :   270행
2026-05-17 02:27:32,281 [INFO]   [20] 신규등록    :   360행
2026-05-17 02:27:32,286 [INFO]   완료: 총 758행
2026-05-17 02:27:32,287 [INFO] 처리 시작: 2026년_02월_자동차_등록자료_통계.xlsx (202602)
2026-05-17 02:27:32,979 [INFO]   [01] 시도별      :    90행
2026-05-17 02:27:32,981 [INFO]   [04] 성별·연령별 :    21행
2026-05-17 02:27:32,981 [INFO]   [09] 차종유형별  :    17행
2026-05-17 02:27:33,021 [INFO]   [10] 연료별      :   270행
2026-05-17 02:27:33,031 [INFO]   [20] 신규등록    :   360행
2026-05-17 02:27:33,036 [INFO]   완료: 총 758행
2026-05-17 02:27:33,039 [INFO] 처리 시작: 2026년_03월_자동차_등록자료_통계.xlsx (202603)
2026-05-17 02:27:33,713 [INFO]   [01] 시도별      :    90행
2026-05-17 02:27:33,713 [INFO]   [04] 성별·연령별 :    21행
2026-05-17 02:27:33,713 [INFO]   [09] 차종유형별  :    17행
2026-05-17 02:27:33,754 [INFO]   [10] 연료별      :   270행
2026-05-17 02:27:33,766 [INFO]   [20] 신규등록    :   360행
2026-05-17 02:27:33,769 [INFO]   완료: 총 758행
2026-05-17 02:27:33,773 [INFO] 처리 시작: 2026년_04월_자동차_등록자료_통계.xlsx (202604)
2026-05-17 02:27:34,443 [INFO]   [01] 시도별      :    90행
2026-05-17 02:27:34,443 [INFO]   [04] 성별·연령별 :    21행
2026-05-17 02:27:34,443 [INFO]   [09] 차종유형별  :    17행
2026-05-17 02:27:34,487 [INFO]   [10] 연료별      :   270행
2026-05-17 02:27:34,498 [INFO]   [20] 신규등록    :   360행
2026-05-17 02:27:34,527 [ERROR] 오류 발생, 롤백: (1265, "Data truncated for column 'car_type' at row 17")
Traceback (most recent call last):
  File "c:\SKN_main_project1\load_to_db.py", line 392, in process_file
    total += upsert_yearly(conn, r19)
             ^^^^^^^^^^^^^^^^^^^^^^^^
  File "c:\SKN_main_project1\load_to_db.py", line 335, in upsert_yearly
    return insert_many(conn, """
           ^^^^^^^^^^^^^^^^^^^^^
  File "c:\SKN_main_project1\load_to_db.py", line 290, in insert_many
    cur.executemany(sql, data)
  File "C:\SKN_main_project1\.venv\Lib\site-packages\pymysql\cursors.py", line 182, in executemany
    return self._do_execute_many(
           ^^^^^^^^^^^^^^^^^^^^^^
  File "C:\SKN_main_project1\.venv\Lib\site-packages\pymysql\cursors.py", line 220, in _do_execute_many
    rows += self.execute(sql + postfix)
            ^^^^^^^^^^^^^^^^^^^^^^^^^^^
  File "C:\SKN_main_project1\.venv\Lib\site-packages\pymysql\cursors.py", line 153, in execute
    result = self._query(query)
             ^^^^^^^^^^^^^^^^^^
  File "C:\SKN_main_project1\.venv\Lib\site-packages\pymysql\cursors.py", line 322, in _query
    conn.query(q)
  File "C:\SKN_main_project1\.venv\Lib\site-packages\pymysql\connections.py", line 563, in query
    self._affected_rows = self._read_query_result(unbuffered=unbuffered)
                          ^^^^^^^^^^^^^^^^^^^^^^^^^^^^^^^^^^^^^^^^^^^^^^
  File "C:\SKN_main_project1\.venv\Lib\site-packages\pymysql\connections.py", line 825, in _read_query_result
    result.read()
  File "C:\SKN_main_project1\.venv\Lib\site-packages\pymysql\connections.py", line 1199, in read
    first_packet = self.connection._read_packet()
                   ^^^^^^^^^^^^^^^^^^^^^^^^^^^^^^
  File "C:\SKN_main_project1\.venv\Lib\site-packages\pymysql\connections.py", line 775, in _read_packet
    packet.raise_for_error()
  File "C:\SKN_main_project1\.venv\Lib\site-packages\pymysql\protocol.py", line 219, in raise_for_error
    err.raise_mysql_exception(self._data)
  File "C:\SKN_main_project1\.venv\Lib\site-packages\pymysql\err.py", line 150, in raise_mysql_exception
    raise errorclass(errno, errval)
pymysql.err.DataError: (1265, "Data truncated for column 'car_type' at row 17")
2026-05-17 02:27:34,531 [INFO] DB 최신 기준: 202603
2026-05-17 02:27:34,531 [INFO] ============================================================
2026-05-17 02:27:34,531 [INFO] 종료: 2026-05-17 02:27:34
2026-05-17 02:27:34,531 [INFO] ============================================================
2026-05-17 02:35:26,963 [INFO] ============================================================
2026-05-17 02:35:26,963 [INFO] 전국 자동차 등록 현황 DB 적재 시작
2026-05-17 02:35:26,963 [INFO] 시작: 2026-05-17 02:35:26
2026-05-17 02:35:26,963 [INFO] ============================================================
2026-05-17 02:35:26,963 [INFO] 발견 파일: 28개
2026-05-17 02:35:26,979 [INFO] DB 연결 성공
2026-05-17 02:35:27,003 [INFO] 신규 적재: 28개 (기적재 0개 스킵)
2026-05-17 02:35:27,003 [INFO] 처리 시작: 2024년_01월_자동차_등록자료_통계.xlsx (202401)
2026-05-17 02:35:27,639 [INFO]   [01] 시도별      :    90행
2026-05-17 02:35:27,645 [INFO]   [04] 성별·연령별 :    21행
2026-05-17 02:35:27,650 [INFO]   [09] 차종유형별  :    17행
2026-05-17 02:35:27,683 [INFO]   [10] 연료별      :   255행
2026-05-17 02:35:27,699 [INFO]   [20] 신규등록    :   360행
2026-05-17 02:35:27,703 [INFO]   완료: 총 743행
2026-05-17 02:35:27,707 [INFO] 처리 시작: 2024년_02월_자동차_등록자료_통계.xlsx (202402)
2026-05-17 02:35:28,410 [INFO]   [01] 시도별      :    90행
2026-05-17 02:35:28,413 [INFO]   [04] 성별·연령별 :    21행
2026-05-17 02:35:28,420 [INFO]   [09] 차종유형별  :    17행
2026-05-17 02:35:28,469 [INFO]   [10] 연료별      :   255행
2026-05-17 02:35:28,483 [INFO]   [20] 신규등록    :   360행
2026-05-17 02:35:28,490 [INFO]   완료: 총 743행
2026-05-17 02:35:28,493 [INFO] 처리 시작: 2024년_03월_자동차_등록자료_통계.xlsx (202403)
2026-05-17 02:35:29,151 [INFO]   [01] 시도별      :    90행
2026-05-17 02:35:29,155 [INFO]   [04] 성별·연령별 :    21행
2026-05-17 02:35:29,158 [INFO]   [09] 차종유형별  :    17행
2026-05-17 02:35:29,183 [INFO]   [10] 연료별      :   255행
2026-05-17 02:35:29,207 [INFO]   [20] 신규등록    :   360행
2026-05-17 02:35:29,210 [INFO]   완료: 총 743행
2026-05-17 02:35:29,215 [INFO] 처리 시작: 2024년_04월_자동차_등록자료_통계.xlsx (202404)
2026-05-17 02:35:29,862 [INFO]   [01] 시도별      :    90행
2026-05-17 02:35:29,865 [INFO]   [04] 성별·연령별 :    21행
2026-05-17 02:35:29,869 [INFO]   [09] 차종유형별  :    17행
2026-05-17 02:35:29,903 [INFO]   [10] 연료별      :   255행
2026-05-17 02:35:29,915 [INFO]   [20] 신규등록    :   360행
2026-05-17 02:35:29,916 [INFO]   완료: 총 743행
2026-05-17 02:35:29,922 [INFO] 처리 시작: 2024년_05월_자동차_등록자료_통계.xlsx (202405)
2026-05-17 02:35:30,529 [INFO]   [01] 시도별      :    90행
2026-05-17 02:35:30,529 [INFO]   [04] 성별·연령별 :    21행
2026-05-17 02:35:30,547 [INFO]   [09] 차종유형별  :    17행
2026-05-17 02:35:30,578 [INFO]   [10] 연료별      :   255행
2026-05-17 02:35:30,603 [INFO]   [20] 신규등록    :   360행
2026-05-17 02:35:30,603 [INFO]   완료: 총 743행
2026-05-17 02:35:30,603 [INFO] 처리 시작: 2024년_06월_자동차_등록자료_통계.xlsx (202406)
2026-05-17 02:35:31,317 [INFO]   [01] 시도별      :    90행
2026-05-17 02:35:31,319 [INFO]   [04] 성별·연령별 :    21행
2026-05-17 02:35:31,325 [INFO]   [09] 차종유형별  :    17행
2026-05-17 02:35:31,353 [INFO]   [10] 연료별      :   255행
2026-05-17 02:35:31,368 [INFO]   [20] 신규등록    :   360행
2026-05-17 02:35:31,368 [INFO]   완료: 총 743행
2026-05-17 02:35:31,368 [INFO] 처리 시작: 2024년_07월_자동차_등록자료_통계.xlsx (202407)
2026-05-17 02:35:31,994 [INFO]   [01] 시도별      :    90행
2026-05-17 02:35:31,994 [INFO]   [04] 성별·연령별 :    21행
2026-05-17 02:35:31,994 [INFO]   [09] 차종유형별  :    17행
2026-05-17 02:35:32,033 [INFO]   [10] 연료별      :   255행
2026-05-17 02:35:32,072 [INFO]   [20] 신규등록    :   360행
2026-05-17 02:35:32,075 [INFO]   완료: 총 743행
2026-05-17 02:35:32,077 [INFO] 처리 시작: 2024년_08월_자동차_등록자료_통계.xlsx (202408)
2026-05-17 02:35:32,696 [INFO]   [01] 시도별      :    90행
2026-05-17 02:35:32,696 [INFO]   [04] 성별·연령별 :    21행
2026-05-17 02:35:32,713 [INFO]   [09] 차종유형별  :    17행
2026-05-17 02:35:32,763 [INFO]   [10] 연료별      :   255행
2026-05-17 02:35:32,780 [INFO]   [20] 신규등록    :   360행
2026-05-17 02:35:32,783 [INFO]   완료: 총 743행
2026-05-17 02:35:32,784 [INFO] 처리 시작: 2024년_09월_자동차_등록자료_통계.xlsx (202409)
2026-05-17 02:35:33,400 [INFO]   [01] 시도별      :    90행
2026-05-17 02:35:33,404 [INFO]   [04] 성별·연령별 :    21행
2026-05-17 02:35:33,407 [INFO]   [09] 차종유형별  :    17행
2026-05-17 02:35:33,442 [INFO]   [10] 연료별      :   270행
2026-05-17 02:35:33,457 [INFO]   [20] 신규등록    :   360행
2026-05-17 02:35:33,460 [INFO]   완료: 총 758행
2026-05-17 02:35:33,464 [INFO] 처리 시작: 2024년_10월_자동차_등록자료_통계.xlsx (202410)
2026-05-17 02:35:34,099 [INFO]   [01] 시도별      :    90행
2026-05-17 02:35:34,103 [INFO]   [04] 성별·연령별 :    21행
2026-05-17 02:35:34,106 [INFO]   [09] 차종유형별  :    17행
2026-05-17 02:35:34,142 [INFO]   [10] 연료별      :   270행
2026-05-17 02:35:34,156 [INFO]   [20] 신규등록    :   360행
2026-05-17 02:35:34,159 [INFO]   완료: 총 758행
2026-05-17 02:35:34,162 [INFO] 처리 시작: 2024년_11월_자동차_등록자료_통계.xlsx (202411)
2026-05-17 02:35:34,808 [INFO]   [01] 시도별      :    90행
2026-05-17 02:35:34,812 [INFO]   [04] 성별·연령별 :    21행
2026-05-17 02:35:34,813 [INFO]   [09] 차종유형별  :    17행
2026-05-17 02:35:34,850 [INFO]   [10] 연료별      :   270행
2026-05-17 02:35:34,866 [INFO]   [20] 신규등록    :   360행
2026-05-17 02:35:34,866 [INFO]   완료: 총 758행
2026-05-17 02:35:34,866 [INFO] 처리 시작: 2024년_12월_자동차_등록자료_통계.xlsx (202412)
2026-05-17 02:35:35,493 [INFO]   [01] 시도별      :    90행
2026-05-17 02:35:35,498 [INFO]   [04] 성별·연령별 :    21행
2026-05-17 02:35:35,498 [INFO]   [09] 차종유형별  :    17행
2026-05-17 02:35:35,540 [INFO]   [10] 연료별      :   270행
2026-05-17 02:35:35,553 [INFO]   [20] 신규등록    :   360행
2026-05-17 02:35:35,556 [INFO]   완료: 총 758행
2026-05-17 02:35:35,560 [INFO] 처리 시작: 2025년_01월_자동차_등록자료_통계.xlsx (202501)
2026-05-17 02:35:36,191 [INFO]   [01] 시도별      :    90행
2026-05-17 02:35:36,195 [INFO]   [04] 성별·연령별 :    21행
2026-05-17 02:35:36,198 [INFO]   [09] 차종유형별  :    17행
2026-05-17 02:35:36,238 [INFO]   [10] 연료별      :   270행
2026-05-17 02:35:36,254 [INFO]   [20] 신규등록    :   360행
2026-05-17 02:35:36,254 [INFO]   완료: 총 758행
2026-05-17 02:35:36,261 [INFO] 처리 시작: 2025년_02월_자동차_등록자료_통계.xlsx (202502)
2026-05-17 02:35:36,907 [INFO]   [01] 시도별      :    90행
2026-05-17 02:35:36,912 [INFO]   [04] 성별·연령별 :    21행
2026-05-17 02:35:36,913 [INFO]   [09] 차종유형별  :    17행
2026-05-17 02:35:36,955 [INFO]   [10] 연료별      :   270행
2026-05-17 02:35:36,968 [INFO]   [20] 신규등록    :   360행
2026-05-17 02:35:36,972 [INFO]   완료: 총 758행
2026-05-17 02:35:36,975 [INFO] 처리 시작: 2025년_03월_자동차_등록자료_통계.xlsx (202503)
2026-05-17 02:35:37,584 [INFO]   [01] 시도별      :    90행
2026-05-17 02:35:37,584 [INFO]   [04] 성별·연령별 :    21행
2026-05-17 02:35:37,592 [INFO]   [09] 차종유형별  :    17행
2026-05-17 02:35:37,614 [INFO]   [10] 연료별      :   270행
2026-05-17 02:35:37,642 [INFO]   [20] 신규등록    :   360행
2026-05-17 02:35:37,646 [INFO]   완료: 총 758행
2026-05-17 02:35:37,649 [INFO] 처리 시작: 2025년_04월_자동차_등록자료_통계.xlsx (202504)
2026-05-17 02:35:38,263 [INFO]   [01] 시도별      :    90행
2026-05-17 02:35:38,293 [INFO]   [04] 성별·연령별 :    21행
2026-05-17 02:35:38,300 [INFO]   [09] 차종유형별  :    17행
2026-05-17 02:35:38,333 [INFO]   [10] 연료별      :   270행
2026-05-17 02:35:38,353 [INFO]   [20] 신규등록    :   360행
2026-05-17 02:35:38,353 [INFO]   완료: 총 758행
2026-05-17 02:35:38,353 [INFO] 처리 시작: 2025년_05월_자동차_등록자료_통계.xlsx (202505)
2026-05-17 02:35:38,992 [INFO]   [01] 시도별      :    90행
2026-05-17 02:35:38,993 [INFO]   [04] 성별·연령별 :    21행
2026-05-17 02:35:38,993 [INFO]   [09] 차종유형별  :    17행
2026-05-17 02:35:39,038 [INFO]   [10] 연료별      :   270행
2026-05-17 02:35:39,063 [INFO]   [20] 신규등록    :   360행
2026-05-17 02:35:39,063 [INFO]   완료: 총 758행
2026-05-17 02:35:39,063 [INFO] 처리 시작: 2025년_06월_자동차_등록자료_통계.xlsx (202506)
2026-05-17 02:35:39,708 [INFO]   [01] 시도별      :    90행
2026-05-17 02:35:39,708 [INFO]   [04] 성별·연령별 :    21행
2026-05-17 02:35:39,719 [INFO]   [09] 차종유형별  :    17행
2026-05-17 02:35:39,761 [INFO]   [10] 연료별      :   270행
2026-05-17 02:35:39,774 [INFO]   [20] 신규등록    :   360행
2026-05-17 02:35:39,777 [INFO]   완료: 총 758행
2026-05-17 02:35:39,781 [INFO] 처리 시작: 2025년_07월_자동차_등록자료_통계.xlsx (202507)
2026-05-17 02:35:40,417 [INFO]   [01] 시도별      :    90행
2026-05-17 02:35:40,426 [INFO]   [04] 성별·연령별 :    21행
2026-05-17 02:35:40,430 [INFO]   [09] 차종유형별  :    17행
2026-05-17 02:35:40,463 [INFO]   [10] 연료별      :   270행
2026-05-17 02:35:40,463 [INFO]   [20] 신규등록    :   360행
2026-05-17 02:35:40,481 [INFO]   완료: 총 758행
2026-05-17 02:35:40,484 [INFO] 처리 시작: 2025년_08월_자동차_등록자료_통계.xlsx (202508)
2026-05-17 02:35:41,127 [INFO]   [01] 시도별      :    90행
2026-05-17 02:35:41,143 [INFO]   [04] 성별·연령별 :    21행
2026-05-17 02:35:41,143 [INFO]   [09] 차종유형별  :    17행
2026-05-17 02:35:41,181 [INFO]   [10] 연료별      :   270행
2026-05-17 02:35:41,192 [INFO]   [20] 신규등록    :   360행
2026-05-17 02:35:41,195 [INFO]   완료: 총 758행
2026-05-17 02:35:41,198 [INFO] 처리 시작: 2025년_09월_자동차_등록자료_통계.xlsx (202509)
2026-05-17 02:35:41,828 [INFO]   [01] 시도별      :    90행
2026-05-17 02:35:41,832 [INFO]   [04] 성별·연령별 :    21행
2026-05-17 02:35:41,833 [INFO]   [09] 차종유형별  :    17행
2026-05-17 02:35:41,870 [INFO]   [10] 연료별      :   270행
2026-05-17 02:35:41,883 [INFO]   [20] 신규등록    :   360행
2026-05-17 02:35:41,886 [INFO]   완료: 총 758행
2026-05-17 02:35:41,889 [INFO] 처리 시작: 2025년_10월_자동차_등록자료_통계.xlsx (202510)
2026-05-17 02:35:42,505 [INFO]   [01] 시도별      :    90행
2026-05-17 02:35:42,505 [INFO]   [04] 성별·연령별 :    21행
2026-05-17 02:35:42,505 [INFO]   [09] 차종유형별  :    17행
2026-05-17 02:35:42,559 [INFO]   [10] 연료별      :   270행
2026-05-17 02:35:42,570 [INFO]   [20] 신규등록    :   360행
2026-05-17 02:35:42,573 [INFO]   완료: 총 758행
2026-05-17 02:35:42,577 [INFO] 처리 시작: 2025년_11월_자동차_등록자료_통계.xlsx (202511)
2026-05-17 02:35:43,264 [INFO]   [01] 시도별      :    90행
2026-05-17 02:35:43,269 [INFO]   [04] 성별·연령별 :    21행
2026-05-17 02:35:43,273 [INFO]   [09] 차종유형별  :    17행
2026-05-17 02:35:43,369 [INFO]   [10] 연료별      :   270행
2026-05-17 02:35:43,381 [INFO]   [20] 신규등록    :   360행
2026-05-17 02:35:43,384 [INFO]   완료: 총 758행
2026-05-17 02:35:43,387 [INFO] 처리 시작: 2025년_12월_자동차_등록자료_통계.xlsx (202512)
2026-05-17 02:35:44,052 [INFO]   [01] 시도별      :    90행
2026-05-17 02:35:44,069 [INFO]   [04] 성별·연령별 :    21행
2026-05-17 02:35:44,075 [INFO]   [09] 차종유형별  :    17행
2026-05-17 02:35:44,111 [INFO]   [10] 연료별      :   270행
2026-05-17 02:35:44,113 [INFO]   [20] 신규등록    :   360행
2026-05-17 02:35:44,126 [INFO]   완료: 총 758행
2026-05-17 02:35:44,131 [INFO] 처리 시작: 2026년_01월_자동차_등록자료_통계.xlsx (202601)
2026-05-17 02:35:44,828 [INFO]   [01] 시도별      :    90행
2026-05-17 02:35:44,828 [INFO]   [04] 성별·연령별 :    21행
2026-05-17 02:35:44,841 [INFO]   [09] 차종유형별  :    17행
2026-05-17 02:35:44,868 [INFO]   [10] 연료별      :   270행
2026-05-17 02:35:44,883 [INFO]   [20] 신규등록    :   360행
2026-05-17 02:35:44,891 [INFO]   완료: 총 758행
2026-05-17 02:35:44,894 [INFO] 처리 시작: 2026년_02월_자동차_등록자료_통계.xlsx (202602)
2026-05-17 02:35:45,593 [INFO]   [01] 시도별      :    90행
2026-05-17 02:35:45,603 [INFO]   [04] 성별·연령별 :    21행
2026-05-17 02:35:45,603 [INFO]   [09] 차종유형별  :    17행
2026-05-17 02:35:45,639 [INFO]   [10] 연료별      :   270행
2026-05-17 02:35:45,650 [INFO]   [20] 신규등록    :   360행
2026-05-17 02:35:45,653 [INFO]   완료: 총 758행
2026-05-17 02:35:45,656 [INFO] 처리 시작: 2026년_03월_자동차_등록자료_통계.xlsx (202603)
2026-05-17 02:35:46,313 [INFO]   [01] 시도별      :    90행
2026-05-17 02:35:46,313 [INFO]   [04] 성별·연령별 :    21행
2026-05-17 02:35:46,323 [INFO]   [09] 차종유형별  :    17행
2026-05-17 02:35:46,355 [INFO]   [10] 연료별      :   270행
2026-05-17 02:35:46,372 [INFO]   [20] 신규등록    :   360행
2026-05-17 02:35:46,376 [INFO]   완료: 총 758행
2026-05-17 02:35:46,379 [INFO] 처리 시작: 2026년_04월_자동차_등록자료_통계.xlsx (202604)
2026-05-17 02:35:47,065 [INFO]   [01] 시도별      :    90행
2026-05-17 02:35:47,065 [INFO]   [04] 성별·연령별 :    21행
2026-05-17 02:35:47,078 [INFO]   [09] 차종유형별  :    17행
2026-05-17 02:35:47,113 [INFO]   [10] 연료별      :   270행
2026-05-17 02:35:47,124 [INFO]   [20] 신규등록    :   360행
2026-05-17 02:35:47,133 [INFO]   [19] 연도별(장기):   380행
2026-05-17 02:35:47,133 [INFO]   완료: 총 1,138행
2026-05-17 02:35:47,144 [INFO] DB 최신 기준: 202604
2026-05-17 02:35:47,146 [INFO] ============================================================
2026-05-17 02:35:47,146 [INFO] 종료: 2026-05-17 02:35:47
2026-05-17 02:35:47,146 [INFO] ============================================================
2026-05-17 03:14:10,274 [INFO] ============================================================
2026-05-17 03:14:10,274 [INFO] 전국 자동차 등록 현황 DB 적재 시작
2026-05-17 03:14:10,274 [INFO] 시작: 2026-05-17 03:14:10
2026-05-17 03:14:10,274 [INFO] ============================================================
2026-05-17 03:14:10,274 [INFO] 발견 파일: 28개
2026-05-17 03:14:10,297 [INFO] DB 연결 성공
2026-05-17 03:14:10,330 [INFO] 신규 적재: 28개 (기적재 0개 스킵)
2026-05-17 03:14:10,330 [INFO] 처리 시작: 2024년_01월_자동차_등록자료_통계.xlsx (202401)
2026-05-17 03:14:10,979 [INFO]   [01] 시도별      :    90행
2026-05-17 03:14:10,984 [INFO]   [04] 성별·연령별 :    21행
2026-05-17 03:14:10,989 [INFO]   [09] 차종유형별  :    17행
2026-05-17 03:14:11,022 [INFO]   [10] 연료별      :   255행
2026-05-17 03:14:11,038 [INFO]   [20] 신규등록    :   360행
2026-05-17 03:14:11,042 [INFO]   완료: 총 743행
2026-05-17 03:14:11,045 [INFO] 처리 시작: 2024년_02월_자동차_등록자료_통계.xlsx (202402)
2026-05-17 03:14:11,758 [INFO]   [01] 시도별      :    90행
2026-05-17 03:14:11,761 [INFO]   [04] 성별·연령별 :    21행
2026-05-17 03:14:11,765 [INFO]   [09] 차종유형별  :    17행
2026-05-17 03:14:11,813 [INFO]   [10] 연료별      :   255행
2026-05-17 03:14:11,828 [INFO]   [20] 신규등록    :   360행
2026-05-17 03:14:11,828 [INFO]   완료: 총 743행
2026-05-17 03:14:11,828 [INFO] 처리 시작: 2024년_03월_자동차_등록자료_통계.xlsx (202403)
2026-05-17 03:14:12,459 [INFO]   [01] 시도별      :    90행
2026-05-17 03:14:12,466 [INFO]   [04] 성별·연령별 :    21행
2026-05-17 03:14:12,470 [INFO]   [09] 차종유형별  :    17행
2026-05-17 03:14:12,502 [INFO]   [10] 연료별      :   255행
2026-05-17 03:14:12,513 [INFO]   [20] 신규등록    :   360행
2026-05-17 03:14:12,522 [INFO]   완료: 총 743행
2026-05-17 03:14:12,527 [INFO] 처리 시작: 2024년_04월_자동차_등록자료_통계.xlsx (202404)
2026-05-17 03:14:13,128 [INFO]   [01] 시도별      :    90행
2026-05-17 03:14:13,131 [INFO]   [04] 성별·연령별 :    21행
2026-05-17 03:14:13,134 [INFO]   [09] 차종유형별  :    17행
2026-05-17 03:14:13,169 [INFO]   [10] 연료별      :   255행
2026-05-17 03:14:13,180 [INFO]   [20] 신규등록    :   360행
2026-05-17 03:14:13,189 [INFO]   완료: 총 743행
2026-05-17 03:14:13,189 [INFO] 처리 시작: 2024년_05월_자동차_등록자료_통계.xlsx (202405)
2026-05-17 03:14:13,817 [INFO]   [01] 시도별      :    90행
2026-05-17 03:14:13,824 [INFO]   [04] 성별·연령별 :    21행
2026-05-17 03:14:13,830 [INFO]   [09] 차종유형별  :    17행
2026-05-17 03:14:13,857 [INFO]   [10] 연료별      :   255행
2026-05-17 03:14:13,887 [INFO]   [20] 신규등록    :   360행
2026-05-17 03:14:13,890 [INFO]   완료: 총 743행
2026-05-17 03:14:13,894 [INFO] 처리 시작: 2024년_06월_자동차_등록자료_통계.xlsx (202406)
2026-05-17 03:14:14,521 [INFO]   [01] 시도별      :    90행
2026-05-17 03:14:14,525 [INFO]   [04] 성별·연령별 :    21행
2026-05-17 03:14:14,527 [INFO]   [09] 차종유형별  :    17행
2026-05-17 03:14:14,562 [INFO]   [10] 연료별      :   255행
2026-05-17 03:14:14,575 [INFO]   [20] 신규등록    :   360행
2026-05-17 03:14:14,577 [INFO]   완료: 총 743행
2026-05-17 03:14:14,577 [INFO] 처리 시작: 2024년_07월_자동차_등록자료_통계.xlsx (202407)
2026-05-17 03:14:15,171 [INFO]   [01] 시도별      :    90행
2026-05-17 03:14:15,187 [INFO]   [04] 성별·연령별 :    21행
2026-05-17 03:14:15,187 [INFO]   [09] 차종유형별  :    17행
2026-05-17 03:14:15,231 [INFO]   [10] 연료별      :   255행
2026-05-17 03:14:15,247 [INFO]   [20] 신규등록    :   360행
2026-05-17 03:14:15,250 [INFO]   완료: 총 743행
2026-05-17 03:14:15,254 [INFO] 처리 시작: 2024년_08월_자동차_등록자료_통계.xlsx (202408)
2026-05-17 03:14:15,868 [INFO]   [01] 시도별      :    90행
2026-05-17 03:14:15,868 [INFO]   [04] 성별·연령별 :    21행
2026-05-17 03:14:15,868 [INFO]   [09] 차종유형별  :    17행
2026-05-17 03:14:15,928 [INFO]   [10] 연료별      :   255행
2026-05-17 03:14:15,942 [INFO]   [20] 신규등록    :   360행
2026-05-17 03:14:15,943 [INFO]   완료: 총 743행
2026-05-17 03:14:15,950 [INFO] 처리 시작: 2024년_09월_자동차_등록자료_통계.xlsx (202409)
2026-05-17 03:14:16,544 [INFO]   [01] 시도별      :    90행
2026-05-17 03:14:16,544 [INFO]   [04] 성별·연령별 :    21행
2026-05-17 03:14:16,544 [INFO]   [09] 차종유형별  :    17행
2026-05-17 03:14:16,595 [INFO]   [10] 연료별      :   270행
2026-05-17 03:14:16,609 [INFO]   [20] 신규등록    :   360행
2026-05-17 03:14:16,609 [INFO]   완료: 총 758행
2026-05-17 03:14:16,609 [INFO] 처리 시작: 2024년_10월_자동차_등록자료_통계.xlsx (202410)
2026-05-17 03:14:17,219 [INFO]   [01] 시도별      :    90행
2026-05-17 03:14:17,219 [INFO]   [04] 성별·연령별 :    21행
2026-05-17 03:14:17,219 [INFO]   [09] 차종유형별  :    17행
2026-05-17 03:14:17,261 [INFO]   [10] 연료별      :   270행
2026-05-17 03:14:17,275 [INFO]   [20] 신규등록    :   360행
2026-05-17 03:14:17,276 [INFO]   완료: 총 758행
2026-05-17 03:14:17,276 [INFO] 처리 시작: 2024년_11월_자동차_등록자료_통계.xlsx (202411)
2026-05-17 03:14:17,922 [INFO]   [01] 시도별      :    90행
2026-05-17 03:14:17,940 [INFO]   [04] 성별·연령별 :    21행
2026-05-17 03:14:17,945 [INFO]   [09] 차종유형별  :    17행
2026-05-17 03:14:17,972 [INFO]   [10] 연료별      :   270행
2026-05-17 03:14:17,997 [INFO]   [20] 신규등록    :   360행
2026-05-17 03:14:17,997 [INFO]   완료: 총 758행
2026-05-17 03:14:18,005 [INFO] 처리 시작: 2024년_12월_자동차_등록자료_통계.xlsx (202412)
2026-05-17 03:14:18,613 [INFO]   [01] 시도별      :    90행
2026-05-17 03:14:18,613 [INFO]   [04] 성별·연령별 :    21행
2026-05-17 03:14:18,613 [INFO]   [09] 차종유형별  :    17행
2026-05-17 03:14:18,661 [INFO]   [10] 연료별      :   270행
2026-05-17 03:14:18,675 [INFO]   [20] 신규등록    :   360행
2026-05-17 03:14:18,676 [INFO]   완료: 총 758행
2026-05-17 03:14:18,676 [INFO] 처리 시작: 2025년_01월_자동차_등록자료_통계.xlsx (202501)
2026-05-17 03:14:19,298 [INFO]   [01] 시도별      :    90행
2026-05-17 03:14:19,298 [INFO]   [04] 성별·연령별 :    21행
2026-05-17 03:14:19,298 [INFO]   [09] 차종유형별  :    17행
2026-05-17 03:14:19,345 [INFO]   [10] 연료별      :   270행
2026-05-17 03:14:19,364 [INFO]   [20] 신규등록    :   360행
2026-05-17 03:14:19,364 [INFO]   완료: 총 758행
2026-05-17 03:14:19,372 [INFO] 처리 시작: 2025년_02월_자동차_등록자료_통계.xlsx (202502)
2026-05-17 03:14:19,997 [INFO]   [01] 시도별      :    90행
2026-05-17 03:14:20,002 [INFO]   [04] 성별·연령별 :    21행
2026-05-17 03:14:20,005 [INFO]   [09] 차종유형별  :    17행
2026-05-17 03:14:20,045 [INFO]   [10] 연료별      :   270행
2026-05-17 03:14:20,057 [INFO]   [20] 신규등록    :   360행
2026-05-17 03:14:20,060 [INFO]   완료: 총 758행
2026-05-17 03:14:20,060 [INFO] 처리 시작: 2025년_03월_자동차_등록자료_통계.xlsx (202503)
2026-05-17 03:14:20,696 [INFO]   [01] 시도별      :    90행
2026-05-17 03:14:20,696 [INFO]   [04] 성별·연령별 :    21행
2026-05-17 03:14:20,696 [INFO]   [09] 차종유형별  :    17행
2026-05-17 03:14:20,744 [INFO]   [10] 연료별      :   270행
2026-05-17 03:14:20,758 [INFO]   [20] 신규등록    :   360행
2026-05-17 03:14:20,758 [INFO]   완료: 총 758행
2026-05-17 03:14:20,758 [INFO] 처리 시작: 2025년_04월_자동차_등록자료_통계.xlsx (202504)
2026-05-17 03:14:21,367 [INFO]   [01] 시도별      :    90행
2026-05-17 03:14:21,367 [INFO]   [04] 성별·연령별 :    21행
2026-05-17 03:14:21,378 [INFO]   [09] 차종유형별  :    17행
2026-05-17 03:14:21,413 [INFO]   [10] 연료별      :   270행
2026-05-17 03:14:21,428 [INFO]   [20] 신규등록    :   360행
2026-05-17 03:14:21,428 [INFO]   완료: 총 758행
2026-05-17 03:14:21,428 [INFO] 처리 시작: 2025년_05월_자동차_등록자료_통계.xlsx (202505)
2026-05-17 03:14:22,049 [INFO]   [01] 시도별      :    90행
2026-05-17 03:14:22,049 [INFO]   [04] 성별·연령별 :    21행
2026-05-17 03:14:22,049 [INFO]   [09] 차종유형별  :    17행
2026-05-17 03:14:22,097 [INFO]   [10] 연료별      :   270행
2026-05-17 03:14:22,122 [INFO]   [20] 신규등록    :   360행
2026-05-17 03:14:22,122 [INFO]   완료: 총 758행
2026-05-17 03:14:22,137 [INFO] 처리 시작: 2025년_06월_자동차_등록자료_통계.xlsx (202506)
2026-05-17 03:14:22,750 [INFO]   [01] 시도별      :    90행
2026-05-17 03:14:22,760 [INFO]   [04] 성별·연령별 :    21행
2026-05-17 03:14:22,763 [INFO]   [09] 차종유형별  :    17행
2026-05-17 03:14:22,803 [INFO]   [10] 연료별      :   270행
2026-05-17 03:14:22,816 [INFO]   [20] 신규등록    :   360행
2026-05-17 03:14:22,821 [INFO]   완료: 총 758행
2026-05-17 03:14:22,823 [INFO] 처리 시작: 2025년_07월_자동차_등록자료_통계.xlsx (202507)
2026-05-17 03:14:23,444 [INFO]   [01] 시도별      :    90행
2026-05-17 03:14:23,453 [INFO]   [04] 성별·연령별 :    21행
2026-05-17 03:14:23,458 [INFO]   [09] 차종유형별  :    17행
2026-05-17 03:14:23,489 [INFO]   [10] 연료별      :   270행
2026-05-17 03:14:23,505 [INFO]   [20] 신규등록    :   360행
2026-05-17 03:14:23,508 [INFO]   완료: 총 758행
2026-05-17 03:14:23,511 [INFO] 처리 시작: 2025년_08월_자동차_등록자료_통계.xlsx (202508)
2026-05-17 03:14:24,137 [INFO]   [01] 시도별      :    90행
2026-05-17 03:14:24,137 [INFO]   [04] 성별·연령별 :    21행
2026-05-17 03:14:24,137 [INFO]   [09] 차종유형별  :    17행
2026-05-17 03:14:24,179 [INFO]   [10] 연료별      :   270행
2026-05-17 03:14:24,192 [INFO]   [20] 신규등록    :   360행
2026-05-17 03:14:24,194 [INFO]   완료: 총 758행
2026-05-17 03:14:24,194 [INFO] 처리 시작: 2025년_09월_자동차_등록자료_통계.xlsx (202509)
2026-05-17 03:14:24,824 [INFO]   [01] 시도별      :    90행
2026-05-17 03:14:24,824 [INFO]   [04] 성별·연령별 :    21행
2026-05-17 03:14:24,824 [INFO]   [09] 차종유형별  :    17행
2026-05-17 03:14:24,855 [INFO]   [10] 연료별      :   270행
2026-05-17 03:14:24,872 [INFO]   [20] 신규등록    :   360행
2026-05-17 03:14:24,885 [INFO]   완료: 총 758행
2026-05-17 03:14:24,889 [INFO] 처리 시작: 2025년_10월_자동차_등록자료_통계.xlsx (202510)
2026-05-17 03:14:25,480 [INFO]   [01] 시도별      :    90행
2026-05-17 03:14:25,496 [INFO]   [04] 성별·연령별 :    21행
2026-05-17 03:14:25,496 [INFO]   [09] 차종유형별  :    17행
2026-05-17 03:14:25,555 [INFO]   [10] 연료별      :   270행
2026-05-17 03:14:25,556 [INFO]   [20] 신규등록    :   360행
2026-05-17 03:14:25,569 [INFO]   완료: 총 758행
2026-05-17 03:14:25,572 [INFO] 처리 시작: 2025년_11월_자동차_등록자료_통계.xlsx (202511)
2026-05-17 03:14:26,269 [INFO]   [01] 시도별      :    90행
2026-05-17 03:14:26,276 [INFO]   [04] 성별·연령별 :    21행
2026-05-17 03:14:26,276 [INFO]   [09] 차종유형별  :    17행
2026-05-17 03:14:26,313 [INFO]   [10] 연료별      :   270행
2026-05-17 03:14:26,325 [INFO]   [20] 신규등록    :   360행
2026-05-17 03:14:26,327 [INFO]   완료: 총 758행
2026-05-17 03:14:26,327 [INFO] 처리 시작: 2025년_12월_자동차_등록자료_통계.xlsx (202512)
2026-05-17 03:14:27,001 [INFO]   [01] 시도별      :    90행
2026-05-17 03:14:27,001 [INFO]   [04] 성별·연령별 :    21행
2026-05-17 03:14:27,016 [INFO]   [09] 차종유형별  :    17행
2026-05-17 03:14:27,039 [INFO]   [10] 연료별      :   270행
2026-05-17 03:14:27,056 [INFO]   [20] 신규등록    :   360행
2026-05-17 03:14:27,068 [INFO]   완료: 총 758행
2026-05-17 03:14:27,072 [INFO] 처리 시작: 2026년_01월_자동차_등록자료_통계.xlsx (202601)
2026-05-17 03:14:27,756 [INFO]   [01] 시도별      :    90행
2026-05-17 03:14:27,761 [INFO]   [04] 성별·연령별 :    21행
2026-05-17 03:14:27,761 [INFO]   [09] 차종유형별  :    17행
2026-05-17 03:14:27,801 [INFO]   [10] 연료별      :   270행
2026-05-17 03:14:27,812 [INFO]   [20] 신규등록    :   360행
2026-05-17 03:14:27,816 [INFO]   완료: 총 758행
2026-05-17 03:14:27,819 [INFO] 처리 시작: 2026년_02월_자동차_등록자료_통계.xlsx (202602)
2026-05-17 03:14:28,494 [INFO]   [01] 시도별      :    90행
2026-05-17 03:14:28,502 [INFO]   [04] 성별·연령별 :    21행
2026-05-17 03:14:28,507 [INFO]   [09] 차종유형별  :    17행
2026-05-17 03:14:28,540 [INFO]   [10] 연료별      :   270행
2026-05-17 03:14:28,551 [INFO]   [20] 신규등록    :   360행
2026-05-17 03:14:28,554 [INFO]   완료: 총 758행
2026-05-17 03:14:28,558 [INFO] 처리 시작: 2026년_03월_자동차_등록자료_통계.xlsx (202603)
2026-05-17 03:14:29,216 [INFO]   [01] 시도별      :    90행
2026-05-17 03:14:29,216 [INFO]   [04] 성별·연령별 :    21행
2026-05-17 03:14:29,216 [INFO]   [09] 차종유형별  :    17행
2026-05-17 03:14:29,260 [INFO]   [10] 연료별      :   270행
2026-05-17 03:14:29,274 [INFO]   [20] 신규등록    :   360행
2026-05-17 03:14:29,281 [INFO]   완료: 총 758행
2026-05-17 03:14:29,285 [INFO] 처리 시작: 2026년_04월_자동차_등록자료_통계.xlsx (202604)
2026-05-17 03:14:29,951 [INFO]   [01] 시도별      :    90행
2026-05-17 03:14:29,951 [INFO]   [04] 성별·연령별 :    21행
2026-05-17 03:14:29,968 [INFO]   [09] 차종유형별  :    17행
2026-05-17 03:14:30,005 [INFO]   [10] 연료별      :   270행
2026-05-17 03:14:30,006 [INFO]   [20] 신규등록    :   360행
2026-05-17 03:14:30,023 [INFO]   [19] 연도별(장기):   380행
2026-05-17 03:14:30,034 [INFO]   완료: 총 1,138행
2026-05-17 03:14:30,038 [INFO] DB 최신 기준: 202604
2026-05-17 03:14:30,038 [INFO] ============================================================
2026-05-17 03:14:30,038 [INFO] 종료: 2026-05-17 03:14:30
2026-05-17 03:14:30,038 [INFO] ============================================================
2026-05-17 19:46:47,328 [INFO] ============================================================
2026-05-17 19:46:47,328 [INFO] 전국 자동차 등록 현황 DB 적재 시작
2026-05-17 19:46:47,330 [INFO] 시작: 2026-05-17 19:46:47
2026-05-17 19:46:47,330 [INFO] ============================================================
2026-05-17 19:46:47,330 [INFO] 발견 파일: 28개
2026-05-17 19:46:47,348 [INFO] DB 연결 성공
2026-05-17 19:46:47,352 [INFO] 신규 파일 없음 — 모든 파일이 이미 적재되어 있습니다.
2026-05-17 19:48:54,932 [INFO] ============================================================
2026-05-17 19:48:54,932 [INFO] 전국 자동차 등록 현황 DB 적재 시작
2026-05-17 19:48:54,932 [INFO] 시작: 2026-05-17 19:48:54
2026-05-17 19:48:54,932 [INFO] ============================================================
2026-05-17 19:48:54,932 [INFO] 발견 파일: 28개
2026-05-17 19:48:54,948 [INFO] DB 연결 성공
2026-05-17 19:48:54,955 [INFO] 신규 적재: 28개 (기적재 0개 스킵)
2026-05-17 19:48:54,955 [INFO] 처리 시작: 2024년_01월_자동차_등록자료_통계.xlsx (202401)
2026-05-17 19:48:55,581 [INFO]   [01] 시도별      :    90행
2026-05-17 19:48:55,581 [INFO]   [04] 성별·연령별 :    21행
2026-05-17 19:48:55,593 [INFO]   [09] 차종유형별  :    17행
2026-05-17 19:48:55,620 [INFO]   [10] 연료별      :   255행
2026-05-17 19:48:55,632 [INFO]   [12] 배기량별    :   126행
2026-05-17 19:48:55,649 [INFO]   [15] 차령별      :   420행
2026-05-17 19:48:55,664 [INFO]   [20] 신규등록    :   360행
2026-05-17 19:48:55,668 [INFO]   완료: 총 1,289행
2026-05-17 19:48:55,675 [INFO] 처리 시작: 2024년_02월_자동차_등록자료_통계.xlsx (202402)
2026-05-17 19:48:56,547 [INFO]   [01] 시도별      :    90행
2026-05-17 19:48:56,547 [INFO]   [04] 성별·연령별 :    21행
2026-05-17 19:48:56,564 [INFO]   [09] 차종유형별  :    17행
2026-05-17 19:48:56,631 [INFO]   [10] 연료별      :   255행
2026-05-17 19:48:56,631 [INFO]   [12] 배기량별    :   126행
2026-05-17 19:48:56,653 [INFO]   [15] 차령별      :   420행
2026-05-17 19:48:56,676 [INFO]   [20] 신규등록    :   360행
2026-05-17 19:48:56,681 [INFO]   완료: 총 1,289행
2026-05-17 19:48:56,681 [INFO] 처리 시작: 2024년_03월_자동차_등록자료_통계.xlsx (202403)
2026-05-17 19:48:57,348 [INFO]   [01] 시도별      :    90행
2026-05-17 19:48:57,348 [INFO]   [04] 성별·연령별 :    21행
2026-05-17 19:48:57,348 [INFO]   [09] 차종유형별  :    17행
2026-05-17 19:48:57,384 [INFO]   [10] 연료별      :   255행
2026-05-17 19:48:57,384 [INFO]   [12] 배기량별    :   126행
2026-05-17 19:48:57,415 [INFO]   [15] 차령별      :   420행
2026-05-17 19:48:57,433 [INFO]   [20] 신규등록    :   360행
2026-05-17 19:48:57,435 [INFO]   완료: 총 1,289행
2026-05-17 19:48:57,439 [INFO] 처리 시작: 2024년_04월_자동차_등록자료_통계.xlsx (202404)
2026-05-17 19:48:58,031 [INFO]   [01] 시도별      :    90행
2026-05-17 19:48:58,048 [INFO]   [04] 성별·연령별 :    21행
2026-05-17 19:48:58,052 [INFO]   [09] 차종유형별  :    17행
2026-05-17 19:48:58,084 [INFO]   [10] 연료별      :   255행
2026-05-17 19:48:58,092 [INFO]   [12] 배기량별    :   126행
2026-05-17 19:48:58,101 [INFO]   [15] 차령별      :   420행
2026-05-17 19:48:58,115 [INFO]   [20] 신규등록    :   360행
2026-05-17 19:48:58,128 [INFO]   완료: 총 1,289행
2026-05-17 19:48:58,132 [INFO] 처리 시작: 2024년_05월_자동차_등록자료_통계.xlsx (202405)
2026-05-17 19:48:58,732 [INFO]   [01] 시도별      :    90행
2026-05-17 19:48:58,732 [INFO]   [04] 성별·연령별 :    21행
2026-05-17 19:48:58,732 [INFO]   [09] 차종유형별  :    17행
2026-05-17 19:48:58,772 [INFO]   [10] 연료별      :   255행
2026-05-17 19:48:58,772 [INFO]   [12] 배기량별    :   126행
2026-05-17 19:48:58,794 [INFO]   [15] 차령별      :   420행
2026-05-17 19:48:58,814 [INFO]   [20] 신규등록    :   360행
2026-05-17 19:48:58,818 [INFO]   완료: 총 1,289행
2026-05-17 19:48:58,821 [INFO] 처리 시작: 2024년_06월_자동차_등록자료_통계.xlsx (202406)
2026-05-17 19:48:59,431 [INFO]   [01] 시도별      :    90행
2026-05-17 19:48:59,431 [INFO]   [04] 성별·연령별 :    21행
2026-05-17 19:48:59,439 [INFO]   [09] 차종유형별  :    17행
2026-05-17 19:48:59,467 [INFO]   [10] 연료별      :   255행
2026-05-17 19:48:59,482 [INFO]   [12] 배기량별    :   126행
2026-05-17 19:48:59,496 [INFO]   [15] 차령별      :   420행
2026-05-17 19:48:59,503 [INFO]   [20] 신규등록    :   360행
2026-05-17 19:48:59,503 [INFO]   완료: 총 1,289행
2026-05-17 19:48:59,517 [INFO] 처리 시작: 2024년_07월_자동차_등록자료_통계.xlsx (202407)
2026-05-17 19:49:00,115 [INFO]   [01] 시도별      :    90행
2026-05-17 19:49:00,115 [INFO]   [04] 성별·연령별 :    21행
2026-05-17 19:49:00,115 [INFO]   [09] 차종유형별  :    17행
2026-05-17 19:49:00,169 [INFO]   [10] 연료별      :   255행
2026-05-17 19:49:00,176 [INFO]   [12] 배기량별    :   126행
2026-05-17 19:49:00,182 [INFO]   [15] 차령별      :   420행
2026-05-17 19:49:00,204 [INFO]   [20] 신규등록    :   360행
2026-05-17 19:49:00,204 [INFO]   완료: 총 1,289행
2026-05-17 19:49:00,214 [INFO] 처리 시작: 2024년_08월_자동차_등록자료_통계.xlsx (202408)
2026-05-17 19:49:00,831 [INFO]   [01] 시도별      :    90행
2026-05-17 19:49:00,831 [INFO]   [04] 성별·연령별 :    21행
2026-05-17 19:49:00,844 [INFO]   [09] 차종유형별  :    17행
2026-05-17 19:49:00,866 [INFO]   [10] 연료별      :   255행
2026-05-17 19:49:00,886 [INFO]   [12] 배기량별    :   126행
2026-05-17 19:49:00,898 [INFO]   [15] 차령별      :   420행
2026-05-17 19:49:00,912 [INFO]   [20] 신규등록    :   360행
2026-05-17 19:49:00,916 [INFO]   완료: 총 1,289행
2026-05-17 19:49:00,920 [INFO] 처리 시작: 2024년_09월_자동차_등록자료_통계.xlsx (202409)
2026-05-17 19:49:01,532 [INFO]   [01] 시도별      :    90행
2026-05-17 19:49:01,533 [INFO]   [04] 성별·연령별 :    21행
2026-05-17 19:49:01,533 [INFO]   [09] 차종유형별  :    17행
2026-05-17 19:49:01,569 [INFO]   [10] 연료별      :   270행
2026-05-17 19:49:01,569 [INFO]   [12] 배기량별    :   126행
2026-05-17 19:49:01,596 [INFO]   [15] 차령별      :   420행
2026-05-17 19:49:01,599 [INFO]   [20] 신규등록    :   360행
2026-05-17 19:49:01,616 [INFO]   완료: 총 1,304행
2026-05-17 19:49:01,621 [INFO] 처리 시작: 2024년_10월_자동차_등록자료_통계.xlsx (202410)
2026-05-17 19:49:02,215 [INFO]   [01] 시도별      :    90행
2026-05-17 19:49:02,215 [INFO]   [04] 성별·연령별 :    21행
2026-05-17 19:49:02,231 [INFO]   [09] 차종유형별  :    17행
2026-05-17 19:49:02,264 [INFO]   [10] 연료별      :   270행
2026-05-17 19:49:02,270 [INFO]   [12] 배기량별    :   126행
2026-05-17 19:49:02,282 [INFO]   [15] 차령별      :   420행
2026-05-17 19:49:02,305 [INFO]   [20] 신규등록    :   360행
2026-05-17 19:49:02,305 [INFO]   완료: 총 1,304행
2026-05-17 19:49:02,314 [INFO] 처리 시작: 2024년_11월_자동차_등록자료_통계.xlsx (202411)
2026-05-17 19:49:02,915 [INFO]   [01] 시도별      :    90행
2026-05-17 19:49:02,915 [INFO]   [04] 성별·연령별 :    21행
2026-05-17 19:49:02,932 [INFO]   [09] 차종유형별  :    17행
2026-05-17 19:49:02,971 [INFO]   [10] 연료별      :   270행
2026-05-17 19:49:02,971 [INFO]   [12] 배기량별    :   126행
2026-05-17 19:49:02,992 [INFO]   [15] 차령별      :   420행
2026-05-17 19:49:03,010 [INFO]   [20] 신규등록    :   360행
2026-05-17 19:49:03,013 [INFO]   완료: 총 1,304행
2026-05-17 19:49:03,016 [INFO] 처리 시작: 2024년_12월_자동차_등록자료_통계.xlsx (202412)
2026-05-17 19:49:03,689 [INFO]   [01] 시도별      :    90행
2026-05-17 19:49:03,689 [INFO]   [04] 성별·연령별 :    21행
2026-05-17 19:49:03,689 [INFO]   [09] 차종유형별  :    17행
2026-05-17 19:49:03,733 [INFO]   [10] 연료별      :   270행
2026-05-17 19:49:03,733 [INFO]   [12] 배기량별    :   126행
2026-05-17 19:49:03,759 [INFO]   [15] 차령별      :   420행
2026-05-17 19:49:03,774 [INFO]   [20] 신규등록    :   360행
2026-05-17 19:49:03,775 [INFO]   완료: 총 1,304행
2026-05-17 19:49:03,775 [INFO] 처리 시작: 2025년_01월_자동차_등록자료_통계.xlsx (202501)
2026-05-17 19:49:04,388 [INFO]   [01] 시도별      :    90행
2026-05-17 19:49:04,402 [INFO]   [04] 성별·연령별 :    21행
2026-05-17 19:49:04,404 [INFO]   [09] 차종유형별  :    17행
2026-05-17 19:49:04,458 [INFO]   [10] 연료별      :   270행
2026-05-17 19:49:04,466 [INFO]   [12] 배기량별    :   126행
2026-05-17 19:49:04,485 [INFO]   [15] 차령별      :   420행
2026-05-17 19:49:04,502 [INFO]   [20] 신규등록    :   360행
2026-05-17 19:49:04,505 [INFO]   완료: 총 1,304행
2026-05-17 19:49:04,505 [INFO] 처리 시작: 2025년_02월_자동차_등록자료_통계.xlsx (202502)
2026-05-17 19:49:05,119 [INFO]   [01] 시도별      :    90행
2026-05-17 19:49:05,119 [INFO]   [04] 성별·연령별 :    21행
2026-05-17 19:49:05,119 [INFO]   [09] 차종유형별  :    17행
2026-05-17 19:49:05,168 [INFO]   [10] 연료별      :   270행
2026-05-17 19:49:05,172 [INFO]   [12] 배기량별    :   126행
2026-05-17 19:49:05,182 [INFO]   [15] 차령별      :   420행
2026-05-17 19:49:05,199 [INFO]   [20] 신규등록    :   360행
2026-05-17 19:49:05,202 [INFO]   완료: 총 1,304행
2026-05-17 19:49:05,203 [INFO] 처리 시작: 2025년_03월_자동차_등록자료_통계.xlsx (202503)
2026-05-17 19:49:05,813 [INFO]   [01] 시도별      :    90행
2026-05-17 19:49:05,813 [INFO]   [04] 성별·연령별 :    21행
2026-05-17 19:49:05,829 [INFO]   [09] 차종유형별  :    17행
2026-05-17 19:49:05,863 [INFO]   [10] 연료별      :   270행
2026-05-17 19:49:05,871 [INFO]   [12] 배기량별    :   126행
2026-05-17 19:49:05,882 [INFO]   [15] 차령별      :   420행
2026-05-17 19:49:05,904 [INFO]   [20] 신규등록    :   360행
2026-05-17 19:49:05,904 [INFO]   완료: 총 1,304행
2026-05-17 19:49:05,904 [INFO] 처리 시작: 2025년_04월_자동차_등록자료_통계.xlsx (202504)
2026-05-17 19:49:06,535 [INFO]   [01] 시도별      :    90행
2026-05-17 19:49:06,535 [INFO]   [04] 성별·연령별 :    21행
2026-05-17 19:49:06,548 [INFO]   [09] 차종유형별  :    17행
2026-05-17 19:49:06,581 [INFO]   [10] 연료별      :   270행
2026-05-17 19:49:06,583 [INFO]   [12] 배기량별    :   126행
2026-05-17 19:49:06,600 [INFO]   [15] 차령별      :   420행
2026-05-17 19:49:06,619 [INFO]   [20] 신규등록    :   360행
2026-05-17 19:49:06,621 [INFO]   완료: 총 1,304행
2026-05-17 19:49:06,622 [INFO] 처리 시작: 2025년_05월_자동차_등록자료_통계.xlsx (202505)
2026-05-17 19:49:07,244 [INFO]   [01] 시도별      :    90행
2026-05-17 19:49:07,251 [INFO]   [04] 성별·연령별 :    21행
2026-05-17 19:49:07,255 [INFO]   [09] 차종유형별  :    17행
2026-05-17 19:49:07,290 [INFO]   [10] 연료별      :   270행
2026-05-17 19:49:07,295 [INFO]   [12] 배기량별    :   126행
2026-05-17 19:49:07,322 [INFO]   [15] 차령별      :   420행
2026-05-17 19:49:07,350 [INFO]   [20] 신규등록    :   360행
2026-05-17 19:49:07,359 [INFO]   완료: 총 1,304행
2026-05-17 19:49:07,359 [INFO] 처리 시작: 2025년_06월_자동차_등록자료_통계.xlsx (202506)
2026-05-17 19:49:07,968 [INFO]   [01] 시도별      :    90행
2026-05-17 19:49:07,968 [INFO]   [04] 성별·연령별 :    21행
2026-05-17 19:49:07,979 [INFO]   [09] 차종유형별  :    17행
2026-05-17 19:49:08,016 [INFO]   [10] 연료별      :   270행
2026-05-17 19:49:08,016 [INFO]   [12] 배기량별    :   126행
2026-05-17 19:49:08,050 [INFO]   [15] 차령별      :   420행
2026-05-17 19:49:08,071 [INFO]   [20] 신규등록    :   360행
2026-05-17 19:49:08,071 [INFO]   완료: 총 1,304행
2026-05-17 19:49:08,071 [INFO] 처리 시작: 2025년_07월_자동차_등록자료_통계.xlsx (202507)
2026-05-17 19:49:08,684 [INFO]   [01] 시도별      :    90행
2026-05-17 19:49:08,684 [INFO]   [04] 성별·연령별 :    21행
2026-05-17 19:49:08,702 [INFO]   [09] 차종유형별  :    17행
2026-05-17 19:49:08,735 [INFO]   [10] 연료별      :   270행
2026-05-17 19:49:08,743 [INFO]   [12] 배기량별    :   126행
2026-05-17 19:49:08,756 [INFO]   [15] 차령별      :   420행
2026-05-17 19:49:08,769 [INFO]   [20] 신규등록    :   360행
2026-05-17 19:49:08,772 [INFO]   완료: 총 1,304행
2026-05-17 19:49:08,772 [INFO] 처리 시작: 2025년_08월_자동차_등록자료_통계.xlsx (202508)
2026-05-17 19:49:09,415 [INFO]   [01] 시도별      :    90행
2026-05-17 19:49:09,415 [INFO]   [04] 성별·연령별 :    21행
2026-05-17 19:49:09,415 [INFO]   [09] 차종유형별  :    17행
2026-05-17 19:49:09,449 [INFO]   [10] 연료별      :   270행
2026-05-17 19:49:09,465 [INFO]   [12] 배기량별    :   126행
2026-05-17 19:49:09,482 [INFO]   [15] 차령별      :   420행
2026-05-17 19:49:09,483 [INFO]   [20] 신규등록    :   360행
2026-05-17 19:49:09,497 [INFO]   완료: 총 1,304행
2026-05-17 19:49:09,501 [INFO] 처리 시작: 2025년_09월_자동차_등록자료_통계.xlsx (202509)
2026-05-17 19:49:10,131 [INFO]   [01] 시도별      :    90행
2026-05-17 19:49:10,131 [INFO]   [04] 성별·연령별 :    21행
2026-05-17 19:49:10,131 [INFO]   [09] 차종유형별  :    17행
2026-05-17 19:49:10,180 [INFO]   [10] 연료별      :   270행
2026-05-17 19:49:10,185 [INFO]   [12] 배기량별    :   126행
2026-05-17 19:49:10,196 [INFO]   [15] 차령별      :   420행
2026-05-17 19:49:10,199 [INFO]   [20] 신규등록    :   360행
2026-05-17 19:49:10,212 [INFO]   완료: 총 1,304행
2026-05-17 19:49:10,215 [INFO] 처리 시작: 2025년_10월_자동차_등록자료_통계.xlsx (202510)
2026-05-17 19:49:11,098 [INFO]   [01] 시도별      :    90행
2026-05-17 19:49:11,115 [INFO]   [04] 성별·연령별 :    21행
2026-05-17 19:49:11,124 [INFO]   [09] 차종유형별  :    17행
2026-05-17 19:49:11,184 [INFO]   [10] 연료별      :   270행
2026-05-17 19:49:11,184 [INFO]   [12] 배기량별    :   126행
2026-05-17 19:49:11,210 [INFO]   [15] 차령별      :   420행
2026-05-17 19:49:11,226 [INFO]   [20] 신규등록    :   360행
2026-05-17 19:49:11,230 [INFO]   완료: 총 1,304행
2026-05-17 19:49:11,234 [INFO] 처리 시작: 2025년_11월_자동차_등록자료_통계.xlsx (202511)
2026-05-17 19:49:12,014 [INFO]   [01] 시도별      :    90행
2026-05-17 19:49:12,026 [INFO]   [04] 성별·연령별 :    21행
2026-05-17 19:49:12,026 [INFO]   [09] 차종유형별  :    17행
2026-05-17 19:49:12,067 [INFO]   [10] 연료별      :   270행
2026-05-17 19:49:12,088 [INFO]   [12] 배기량별    :   126행
2026-05-17 19:49:12,099 [INFO]   [15] 차령별      :   420행
2026-05-17 19:49:12,116 [INFO]   [20] 신규등록    :   360행
2026-05-17 19:49:12,116 [INFO]   완료: 총 1,304행
2026-05-17 19:49:12,131 [INFO] 처리 시작: 2025년_12월_자동차_등록자료_통계.xlsx (202512)
2026-05-17 19:49:12,933 [INFO]   [01] 시도별      :    90행
2026-05-17 19:49:12,940 [INFO]   [04] 성별·연령별 :    21행
2026-05-17 19:49:12,943 [INFO]   [09] 차종유형별  :    17행
2026-05-17 19:49:12,980 [INFO]   [10] 연료별      :   270행
2026-05-17 19:49:12,989 [INFO]   [12] 배기량별    :   126행
2026-05-17 19:49:13,002 [INFO]   [15] 차령별      :   420행
2026-05-17 19:49:13,015 [INFO]   [20] 신규등록    :   360행
2026-05-17 19:49:13,019 [INFO]   완료: 총 1,304행
2026-05-17 19:49:13,022 [INFO] 처리 시작: 2026년_01월_자동차_등록자료_통계.xlsx (202601)
2026-05-17 19:49:13,842 [INFO]   [01] 시도별      :    90행
2026-05-17 19:49:13,849 [INFO]   [04] 성별·연령별 :    21행
2026-05-17 19:49:13,857 [INFO]   [09] 차종유형별  :    17행
2026-05-17 19:49:13,943 [INFO]   [10] 연료별      :   270행
2026-05-17 19:49:13,971 [INFO]   [12] 배기량별    :   126행
2026-05-17 19:49:13,987 [INFO]   [15] 차령별      :   420행
2026-05-17 19:49:13,999 [INFO]   [20] 신규등록    :   360행
2026-05-17 19:49:14,006 [INFO]   완료: 총 1,304행
2026-05-17 19:49:14,009 [INFO] 처리 시작: 2026년_02월_자동차_등록자료_통계.xlsx (202602)
2026-05-17 19:49:14,715 [INFO]   [01] 시도별      :    90행
2026-05-17 19:49:14,719 [INFO]   [04] 성별·연령별 :    21행
2026-05-17 19:49:14,722 [INFO]   [09] 차종유형별  :    17행
2026-05-17 19:49:14,749 [INFO]   [10] 연료별      :   270행
2026-05-17 19:49:14,749 [INFO]   [12] 배기량별    :   126행
2026-05-17 19:49:14,770 [INFO]   [15] 차령별      :   420행
2026-05-17 19:49:14,789 [INFO]   [20] 신규등록    :   360행
2026-05-17 19:49:14,789 [INFO]   완료: 총 1,304행
2026-05-17 19:49:14,789 [INFO] 처리 시작: 2026년_03월_자동차_등록자료_통계.xlsx (202603)
2026-05-17 19:49:15,484 [INFO]   [01] 시도별      :    90행
2026-05-17 19:49:15,484 [INFO]   [04] 성별·연령별 :    21행
2026-05-17 19:49:15,484 [INFO]   [09] 차종유형별  :    17행
2026-05-17 19:49:15,516 [INFO]   [10] 연료별      :   270행
2026-05-17 19:49:15,532 [INFO]   [12] 배기량별    :   126행
2026-05-17 19:49:15,542 [INFO]   [15] 차령별      :   420행
2026-05-17 19:49:15,563 [INFO]   [20] 신규등록    :   360행
2026-05-17 19:49:15,566 [INFO]   완료: 총 1,304행
2026-05-17 19:49:15,571 [INFO] 처리 시작: 2026년_04월_자동차_등록자료_통계.xlsx (202604)
2026-05-17 19:49:16,250 [INFO]   [01] 시도별      :    90행
2026-05-17 19:49:16,250 [INFO]   [04] 성별·연령별 :    21행
2026-05-17 19:49:16,250 [INFO]   [09] 차종유형별  :    17행
2026-05-17 19:49:16,303 [INFO]   [10] 연료별      :   270행
2026-05-17 19:49:16,317 [INFO]   [12] 배기량별    :   126행
2026-05-17 19:49:16,328 [INFO]   [15] 차령별      :   420행
2026-05-17 19:49:16,332 [INFO]   [20] 신규등록    :   360행
2026-05-17 19:49:16,343 [INFO]   완료: 총 1,304행
2026-05-17 19:49:16,347 [INFO] 연도별(장기) 갱신: 2026년_04월_자동차_등록자료_통계.xlsx
2026-05-17 19:49:16,998 [INFO]   [19] 연도별(장기):   380행
2026-05-17 19:49:16,998 [INFO] DB 최신 기준: 202604
2026-05-17 19:49:16,998 [INFO] ============================================================
2026-05-17 19:49:16,998 [INFO] 종료: 2026-05-17 19:49:16
2026-05-17 19:49:16,998 [INFO] ============================================================
2026-05-17 22:57:05,527 [INFO] ============================================================
2026-05-17 22:57:05,527 [INFO] 전국 자동차 등록 현황 DB 적재 시작
2026-05-17 22:57:05,527 [INFO] 시작: 2026-05-17 22:57:05
2026-05-17 22:57:05,527 [INFO] ============================================================
2026-05-17 22:57:05,527 [INFO] 발견 파일: 28개
2026-05-17 22:57:05,549 [ERROR] DB 연결 실패: (1049, "Unknown database 'sknmainproject1_db'")
2026-05-17 22:57:31,103 [INFO] ============================================================
2026-05-17 22:57:31,103 [INFO] 전국 자동차 등록 현황 DB 적재 시작
2026-05-17 22:57:31,103 [INFO] 시작: 2026-05-17 22:57:31
2026-05-17 22:57:31,103 [INFO] ============================================================
2026-05-17 22:57:31,103 [INFO] 발견 파일: 28개
2026-05-17 22:57:31,117 [INFO] DB 연결 성공
2026-05-17 22:57:31,118 [INFO] 신규 적재: 28개 (기적재 0개 스킵)
2026-05-17 22:57:31,118 [INFO] 처리 시작: 2024년_01월_자동차_등록자료_통계.xlsx (202401)
2026-05-17 22:57:31,728 [INFO]   [01] 시도별      :    90행
2026-05-17 22:57:31,728 [INFO]   [04] 성별·연령별 :    21행
2026-05-17 22:57:31,740 [INFO]   [09] 차종유형별  :    17행
2026-05-17 22:57:31,763 [INFO]   [10] 연료별      :   255행
2026-05-17 22:57:31,779 [INFO]   [12] 배기량별    :   126행
2026-05-17 22:57:31,795 [INFO]   [15] 차령별      :   420행
2026-05-17 22:57:31,811 [INFO]   [20] 신규등록    :   360행
2026-05-17 22:57:31,815 [INFO]   완료: 총 1,289행
2026-05-17 22:57:31,815 [INFO] 처리 시작: 2024년_02월_자동차_등록자료_통계.xlsx (202402)
2026-05-17 22:57:32,674 [INFO]   [01] 시도별      :    90행
2026-05-17 22:57:32,680 [INFO]   [04] 성별·연령별 :    21행
2026-05-17 22:57:32,684 [INFO]   [09] 차종유형별  :    17행
2026-05-17 22:57:32,766 [INFO]   [10] 연료별      :   255행
2026-05-17 22:57:32,774 [INFO]   [12] 배기량별    :   126행
2026-05-17 22:57:32,786 [INFO]   [15] 차령별      :   420행
2026-05-17 22:57:32,804 [INFO]   [20] 신규등록    :   360행
2026-05-17 22:57:32,810 [INFO]   완료: 총 1,289행
2026-05-17 22:57:32,815 [INFO] 처리 시작: 2024년_03월_자동차_등록자료_통계.xlsx (202403)
2026-05-17 22:57:33,479 [INFO]   [01] 시도별      :    90행
2026-05-17 22:57:33,479 [INFO]   [04] 성별·연령별 :    21행
2026-05-17 22:57:33,479 [INFO]   [09] 차종유형별  :    17행
2026-05-17 22:57:33,529 [INFO]   [10] 연료별      :   255행
2026-05-17 22:57:33,532 [INFO]   [12] 배기량별    :   126행
2026-05-17 22:57:33,548 [INFO]   [15] 차령별      :   420행
2026-05-17 22:57:33,571 [INFO]   [20] 신규등록    :   360행
2026-05-17 22:57:33,571 [INFO]   완료: 총 1,289행
2026-05-17 22:57:33,578 [INFO] 처리 시작: 2024년_04월_자동차_등록자료_통계.xlsx (202404)
2026-05-17 22:57:34,211 [INFO]   [01] 시도별      :    90행
2026-05-17 22:57:34,217 [INFO]   [04] 성별·연령별 :    21행
2026-05-17 22:57:34,217 [INFO]   [09] 차종유형별  :    17행
2026-05-17 22:57:34,246 [INFO]   [10] 연료별      :   255행
2026-05-17 22:57:34,265 [INFO]   [12] 배기량별    :   126행
2026-05-17 22:57:34,284 [INFO]   [15] 차령별      :   420행
2026-05-17 22:57:34,298 [INFO]   [20] 신규등록    :   360행
2026-05-17 22:57:34,301 [INFO]   완료: 총 1,289행
2026-05-17 22:57:34,301 [INFO] 처리 시작: 2024년_05월_자동차_등록자료_통계.xlsx (202405)
2026-05-17 22:57:34,920 [INFO]   [01] 시도별      :    90행
2026-05-17 22:57:34,928 [INFO]   [04] 성별·연령별 :    21행
2026-05-17 22:57:34,928 [INFO]   [09] 차종유형별  :    17행
2026-05-17 22:57:34,963 [INFO]   [10] 연료별      :   255행
2026-05-17 22:57:34,963 [INFO]   [12] 배기량별    :   126행
2026-05-17 22:57:34,981 [INFO]   [15] 차령별      :   420행
2026-05-17 22:57:35,012 [INFO]   [20] 신규등록    :   360행
2026-05-17 22:57:35,016 [INFO]   완료: 총 1,289행
2026-05-17 22:57:35,016 [INFO] 처리 시작: 2024년_06월_자동차_등록자료_통계.xlsx (202406)
2026-05-17 22:57:35,635 [INFO]   [01] 시도별      :    90행
2026-05-17 22:57:35,635 [INFO]   [04] 성별·연령별 :    21행
2026-05-17 22:57:35,644 [INFO]   [09] 차종유형별  :    17행
2026-05-17 22:57:35,678 [INFO]   [10] 연료별      :   255행
2026-05-17 22:57:35,684 [INFO]   [12] 배기량별    :   126행
2026-05-17 22:57:35,695 [INFO]   [15] 차령별      :   420행
2026-05-17 22:57:35,716 [INFO]   [20] 신규등록    :   360행
2026-05-17 22:57:35,718 [INFO]   완료: 총 1,289행
2026-05-17 22:57:35,724 [INFO] 처리 시작: 2024년_07월_자동차_등록자료_통계.xlsx (202407)
2026-05-17 22:57:36,313 [INFO]   [01] 시도별      :    90행
2026-05-17 22:57:36,329 [INFO]   [04] 성별·연령별 :    21행
2026-05-17 22:57:36,332 [INFO]   [09] 차종유형별  :    17행
2026-05-17 22:57:36,365 [INFO]   [10] 연료별      :   255행
2026-05-17 22:57:36,382 [INFO]   [12] 배기량별    :   126행
2026-05-17 22:57:36,398 [INFO]   [15] 차령별      :   420행
2026-05-17 22:57:36,417 [INFO]   [20] 신규등록    :   360행
2026-05-17 22:57:36,418 [INFO]   완료: 총 1,289행
2026-05-17 22:57:36,418 [INFO] 처리 시작: 2024년_08월_자동차_등록자료_통계.xlsx (202408)
2026-05-17 22:57:37,061 [INFO]   [01] 시도별      :    90행
2026-05-17 22:57:37,061 [INFO]   [04] 성별·연령별 :    21행
2026-05-17 22:57:37,061 [INFO]   [09] 차종유형별  :    17행
2026-05-17 22:57:37,105 [INFO]   [10] 연료별      :   255행
2026-05-17 22:57:37,114 [INFO]   [12] 배기량별    :   126행
2026-05-17 22:57:37,129 [INFO]   [15] 차령별      :   420행
2026-05-17 22:57:37,144 [INFO]   [20] 신규등록    :   360행
2026-05-17 22:57:37,147 [INFO]   완료: 총 1,289행
2026-05-17 22:57:37,151 [INFO] 처리 시작: 2024년_09월_자동차_등록자료_통계.xlsx (202409)
2026-05-17 22:57:37,744 [INFO]   [01] 시도별      :    90행
2026-05-17 22:57:37,764 [INFO]   [04] 성별·연령별 :    21행
2026-05-17 22:57:37,768 [INFO]   [09] 차종유형별  :    17행
2026-05-17 22:57:37,797 [INFO]   [10] 연료별      :   270행
2026-05-17 22:57:37,797 [INFO]   [12] 배기량별    :   126행
2026-05-17 22:57:37,828 [INFO]   [15] 차령별      :   420행
2026-05-17 22:57:37,847 [INFO]   [20] 신규등록    :   360행
2026-05-17 22:57:37,850 [INFO]   완료: 총 1,304행
2026-05-17 22:57:37,850 [INFO] 처리 시작: 2024년_10월_자동차_등록자료_통계.xlsx (202410)
2026-05-17 22:57:38,463 [INFO]   [01] 시도별      :    90행
2026-05-17 22:57:38,463 [INFO]   [04] 성별·연령별 :    21행
2026-05-17 22:57:38,470 [INFO]   [09] 차종유형별  :    17행
2026-05-17 22:57:38,499 [INFO]   [10] 연료별      :   270행
2026-05-17 22:57:38,514 [INFO]   [12] 배기량별    :   126행
2026-05-17 22:57:38,534 [INFO]   [15] 차령별      :   420행
2026-05-17 22:57:38,549 [INFO]   [20] 신규등록    :   360행
2026-05-17 22:57:38,552 [INFO]   완료: 총 1,304행
2026-05-17 22:57:38,552 [INFO] 처리 시작: 2024년_11월_자동차_등록자료_통계.xlsx (202411)
2026-05-17 22:57:39,178 [INFO]   [01] 시도별      :    90행
2026-05-17 22:57:39,178 [INFO]   [04] 성별·연령별 :    21행
2026-05-17 22:57:39,194 [INFO]   [09] 차종유형별  :    17행
2026-05-17 22:57:39,228 [INFO]   [10] 연료별      :   270행
2026-05-17 22:57:39,228 [INFO]   [12] 배기량별    :   126행
2026-05-17 22:57:39,247 [INFO]   [15] 차령별      :   420행
2026-05-17 22:57:39,270 [INFO]   [20] 신규등록    :   360행
2026-05-17 22:57:39,277 [INFO]   완료: 총 1,304행
2026-05-17 22:57:39,282 [INFO] 처리 시작: 2024년_12월_자동차_등록자료_통계.xlsx (202412)
2026-05-17 22:57:39,894 [INFO]   [01] 시도별      :    90행
2026-05-17 22:57:39,894 [INFO]   [04] 성별·연령별 :    21행
2026-05-17 22:57:39,894 [INFO]   [09] 차종유형별  :    17행
2026-05-17 22:57:39,942 [INFO]   [10] 연료별      :   270행
2026-05-17 22:57:39,951 [INFO]   [12] 배기량별    :   126행
2026-05-17 22:57:39,962 [INFO]   [15] 차령별      :   420행
2026-05-17 22:57:39,981 [INFO]   [20] 신규등록    :   360행
2026-05-17 22:57:39,984 [INFO]   완료: 총 1,304행
2026-05-17 22:57:39,984 [INFO] 처리 시작: 2025년_01월_자동차_등록자료_통계.xlsx (202501)
2026-05-17 22:57:40,593 [INFO]   [01] 시도별      :    90행
2026-05-17 22:57:40,594 [INFO]   [04] 성별·연령별 :    21행
2026-05-17 22:57:40,594 [INFO]   [09] 차종유형별  :    17행
2026-05-17 22:57:40,652 [INFO]   [10] 연료별      :   270행
2026-05-17 22:57:40,659 [INFO]   [12] 배기량별    :   126행
2026-05-17 22:57:40,677 [INFO]   [15] 차령별      :   420행
2026-05-17 22:57:40,696 [INFO]   [20] 신규등록    :   360행
2026-05-17 22:57:40,696 [INFO]   완료: 총 1,304행
2026-05-17 22:57:40,696 [INFO] 처리 시작: 2025년_02월_자동차_등록자료_통계.xlsx (202502)
2026-05-17 22:57:41,319 [INFO]   [01] 시도별      :    90행
2026-05-17 22:57:41,328 [INFO]   [04] 성별·연령별 :    21행
2026-05-17 22:57:41,333 [INFO]   [09] 차종유형별  :    17행
2026-05-17 22:57:41,365 [INFO]   [10] 연료별      :   270행
2026-05-17 22:57:41,365 [INFO]   [12] 배기량별    :   126행
2026-05-17 22:57:41,386 [INFO]   [15] 차령별      :   420행
2026-05-17 22:57:41,396 [INFO]   [20] 신규등록    :   360행
2026-05-17 22:57:41,408 [INFO]   완료: 총 1,304행
2026-05-17 22:57:41,412 [INFO] 처리 시작: 2025년_03월_자동차_등록자료_통계.xlsx (202503)
2026-05-17 22:57:42,011 [INFO]   [01] 시도별      :    90행
2026-05-17 22:57:42,011 [INFO]   [04] 성별·연령별 :    21행
2026-05-17 22:57:42,018 [INFO]   [09] 차종유형별  :    17행
2026-05-17 22:57:42,047 [INFO]   [10] 연료별      :   270행
2026-05-17 22:57:42,061 [INFO]   [12] 배기량별    :   126행
2026-05-17 22:57:42,077 [INFO]   [15] 차령별      :   420행
2026-05-17 22:57:42,079 [INFO]   [20] 신규등록    :   360행
2026-05-17 22:57:42,097 [INFO]   완료: 총 1,304행
2026-05-17 22:57:42,100 [INFO] 처리 시작: 2025년_04월_자동차_등록자료_통계.xlsx (202504)
2026-05-17 22:57:42,696 [INFO]   [01] 시도별      :    90행
2026-05-17 22:57:42,719 [INFO]   [04] 성별·연령별 :    21행
2026-05-17 22:57:42,719 [INFO]   [09] 차종유형별  :    17행
2026-05-17 22:57:42,749 [INFO]   [10] 연료별      :   270행
2026-05-17 22:57:42,763 [INFO]   [12] 배기량별    :   126행
2026-05-17 22:57:42,780 [INFO]   [15] 차령별      :   420행
2026-05-17 22:57:42,796 [INFO]   [20] 신규등록    :   360행
2026-05-17 22:57:42,799 [INFO]   완료: 총 1,304행
2026-05-17 22:57:42,802 [INFO] 처리 시작: 2025년_05월_자동차_등록자료_통계.xlsx (202505)
2026-05-17 22:57:43,395 [INFO]   [01] 시도별      :    90행
2026-05-17 22:57:43,395 [INFO]   [04] 성별·연령별 :    21행
2026-05-17 22:57:43,395 [INFO]   [09] 차종유형별  :    17행
2026-05-17 22:57:43,446 [INFO]   [10] 연료별      :   270행
2026-05-17 22:57:43,453 [INFO]   [12] 배기량별    :   126행
2026-05-17 22:57:43,478 [INFO]   [15] 차령별      :   420행
2026-05-17 22:57:43,514 [INFO]   [20] 신규등록    :   360행
2026-05-17 22:57:43,514 [INFO]   완료: 총 1,304행
2026-05-17 22:57:43,514 [INFO] 처리 시작: 2025년_06월_자동차_등록자료_통계.xlsx (202506)
2026-05-17 22:57:44,128 [INFO]   [01] 시도별      :    90행
2026-05-17 22:57:44,128 [INFO]   [04] 성별·연령별 :    21행
2026-05-17 22:57:44,141 [INFO]   [09] 차종유형별  :    17행
2026-05-17 22:57:44,181 [INFO]   [10] 연료별      :   270행
2026-05-17 22:57:44,187 [INFO]   [12] 배기량별    :   126행
2026-05-17 22:57:44,212 [INFO]   [15] 차령별      :   420행
2026-05-17 22:57:44,232 [INFO]   [20] 신규등록    :   360행
2026-05-17 22:57:44,234 [INFO]   완료: 총 1,304행
2026-05-17 22:57:44,234 [INFO] 처리 시작: 2025년_07월_자동차_등록자료_통계.xlsx (202507)
2026-05-17 22:57:44,846 [INFO]   [01] 시도별      :    90행
2026-05-17 22:57:44,846 [INFO]   [04] 성별·연령별 :    21행
2026-05-17 22:57:44,846 [INFO]   [09] 차종유형별  :    17행
2026-05-17 22:57:44,882 [INFO]   [10] 연료별      :   270행
2026-05-17 22:57:44,900 [INFO]   [12] 배기량별    :   126행
2026-05-17 22:57:44,911 [INFO]   [15] 차령별      :   420행
2026-05-17 22:57:44,918 [INFO]   [20] 신규등록    :   360행
2026-05-17 22:57:44,927 [INFO]   완료: 총 1,304행
2026-05-17 22:57:44,929 [INFO] 처리 시작: 2025년_08월_자동차_등록자료_통계.xlsx (202508)
2026-05-17 22:57:45,545 [INFO]   [01] 시도별      :    90행
2026-05-17 22:57:45,545 [INFO]   [04] 성별·연령별 :    21행
2026-05-17 22:57:45,553 [INFO]   [09] 차종유형별  :    17행
2026-05-17 22:57:45,580 [INFO]   [10] 연료별      :   270행
2026-05-17 22:57:45,595 [INFO]   [12] 배기량별    :   126행
2026-05-17 22:57:45,601 [INFO]   [15] 차령별      :   420행
2026-05-17 22:57:45,615 [INFO]   [20] 신규등록    :   360행
2026-05-17 22:57:45,615 [INFO]   완료: 총 1,304행
2026-05-17 22:57:45,627 [INFO] 처리 시작: 2025년_09월_자동차_등록자료_통계.xlsx (202509)
2026-05-17 22:57:46,228 [INFO]   [01] 시도별      :    90행
2026-05-17 22:57:46,228 [INFO]   [04] 성별·연령별 :    21행
2026-05-17 22:57:46,228 [INFO]   [09] 차종유형별  :    17행
2026-05-17 22:57:46,263 [INFO]   [10] 연료별      :   270행
2026-05-17 22:57:46,282 [INFO]   [12] 배기량별    :   126행
2026-05-17 22:57:46,293 [INFO]   [15] 차령별      :   420행
2026-05-17 22:57:46,295 [INFO]   [20] 신규등록    :   360행
2026-05-17 22:57:46,308 [INFO]   완료: 총 1,304행
2026-05-17 22:57:46,311 [INFO] 처리 시작: 2025년_10월_자동차_등록자료_통계.xlsx (202510)
2026-05-17 22:57:46,911 [INFO]   [01] 시도별      :    90행
2026-05-17 22:57:46,928 [INFO]   [04] 성별·연령별 :    21행
2026-05-17 22:57:46,928 [INFO]   [09] 차종유형별  :    17행
2026-05-17 22:57:46,981 [INFO]   [10] 연료별      :   270행
2026-05-17 22:57:46,987 [INFO]   [12] 배기량별    :   126행
2026-05-17 22:57:46,996 [INFO]   [15] 차령별      :   420행
2026-05-17 22:57:46,996 [INFO]   [20] 신규등록    :   360행
2026-05-17 22:57:47,014 [INFO]   완료: 총 1,304행
2026-05-17 22:57:47,017 [INFO] 처리 시작: 2025년_11월_자동차_등록자료_통계.xlsx (202511)
2026-05-17 22:57:47,685 [INFO]   [01] 시도별      :    90행
2026-05-17 22:57:47,695 [INFO]   [04] 성별·연령별 :    21행
2026-05-17 22:57:47,702 [INFO]   [09] 차종유형별  :    17행
2026-05-17 22:57:47,729 [INFO]   [10] 연료별      :   270행
2026-05-17 22:57:47,729 [INFO]   [12] 배기량별    :   126행
2026-05-17 22:57:47,748 [INFO]   [15] 차령별      :   420행
2026-05-17 22:57:47,766 [INFO]   [20] 신규등록    :   360행
2026-05-17 22:57:47,768 [INFO]   완료: 총 1,304행
2026-05-17 22:57:47,768 [INFO] 처리 시작: 2025년_12월_자동차_등록자료_통계.xlsx (202512)
2026-05-17 22:57:48,444 [INFO]   [01] 시도별      :    90행
2026-05-17 22:57:48,453 [INFO]   [04] 성별·연령별 :    21행
2026-05-17 22:57:48,462 [INFO]   [09] 차종유형별  :    17행
2026-05-17 22:57:48,485 [INFO]   [10] 연료별      :   270행
2026-05-17 22:57:48,500 [INFO]   [12] 배기량별    :   126행
2026-05-17 22:57:48,512 [INFO]   [15] 차령별      :   420행
2026-05-17 22:57:48,512 [INFO]   [20] 신규등록    :   360행
2026-05-17 22:57:48,527 [INFO]   완료: 총 1,304행
2026-05-17 22:57:48,530 [INFO] 처리 시작: 2026년_01월_자동차_등록자료_통계.xlsx (202601)
2026-05-17 22:57:49,196 [INFO]   [01] 시도별      :    90행
2026-05-17 22:57:49,196 [INFO]   [04] 성별·연령별 :    21행
2026-05-17 22:57:49,196 [INFO]   [09] 차종유형별  :    17행
2026-05-17 22:57:49,231 [INFO]   [10] 연료별      :   270행
2026-05-17 22:57:49,249 [INFO]   [12] 배기량별    :   126행
2026-05-17 22:57:49,253 [INFO]   [15] 차령별      :   420행
2026-05-17 22:57:49,268 [INFO]   [20] 신규등록    :   360행
2026-05-17 22:57:49,268 [INFO]   완료: 총 1,304행
2026-05-17 22:57:49,281 [INFO] 처리 시작: 2026년_02월_자동차_등록자료_통계.xlsx (202602)
2026-05-17 22:57:49,945 [INFO]   [01] 시도별      :    90행
2026-05-17 22:57:49,945 [INFO]   [04] 성별·연령별 :    21행
2026-05-17 22:57:49,945 [INFO]   [09] 차종유형별  :    17행
2026-05-17 22:57:49,980 [INFO]   [10] 연료별      :   270행
2026-05-17 22:57:49,995 [INFO]   [12] 배기량별    :   126행
2026-05-17 22:57:50,004 [INFO]   [15] 차령별      :   420행
2026-05-17 22:57:50,015 [INFO]   [20] 신규등록    :   360행
2026-05-17 22:57:50,015 [INFO]   완료: 총 1,304행
2026-05-17 22:57:50,015 [INFO] 처리 시작: 2026년_03월_자동차_등록자료_통계.xlsx (202603)
2026-05-17 22:57:50,695 [INFO]   [01] 시도별      :    90행
2026-05-17 22:57:50,695 [INFO]   [04] 성별·연령별 :    21행
2026-05-17 22:57:50,695 [INFO]   [09] 차종유형별  :    17행
2026-05-17 22:57:50,737 [INFO]   [10] 연료별      :   270행
2026-05-17 22:57:50,737 [INFO]   [12] 배기량별    :   126행
2026-05-17 22:57:50,749 [INFO]   [15] 차령별      :   420행
2026-05-17 22:57:50,767 [INFO]   [20] 신규등록    :   360행
2026-05-17 22:57:50,767 [INFO]   완료: 총 1,304행
2026-05-17 22:57:50,767 [INFO] 처리 시작: 2026년_04월_자동차_등록자료_통계.xlsx (202604)
2026-05-17 22:57:51,445 [INFO]   [01] 시도별      :    90행
2026-05-17 22:57:51,445 [INFO]   [04] 성별·연령별 :    21행
2026-05-17 22:57:51,445 [INFO]   [09] 차종유형별  :    17행
2026-05-17 22:57:51,497 [INFO]   [10] 연료별      :   270행
2026-05-17 22:57:51,516 [INFO]   [12] 배기량별    :   126행
2026-05-17 22:57:51,526 [INFO]   [15] 차령별      :   420행
2026-05-17 22:57:51,529 [INFO]   [20] 신규등록    :   360행
2026-05-17 22:57:51,541 [INFO]   완료: 총 1,304행
2026-05-17 22:57:51,545 [INFO] 연도별(장기) 갱신: 2026년_04월_자동차_등록자료_통계.xlsx
2026-05-17 22:57:52,211 [INFO]   [19] 연도별(장기):   380행
2026-05-17 22:57:52,211 [INFO] DB 최신 기준: 202604
2026-05-17 22:57:52,211 [INFO] ============================================================
2026-05-17 22:57:52,211 [INFO] 종료: 2026-05-17 22:57:52
2026-05-17 22:57:52,211 [INFO] ============================================================
