2026-05-18 16:00:10,293 [INFO] DB `car_project_db`.company_faq 준비 완료
2026-05-18 16:00:10,308 [INFO] 
============================================================
2026-05-18 16:00:10,308 [INFO] [현대자동차] 크롤링 시작
2026-05-18 16:00:10,308 [INFO] ============================================================
2026-05-18 16:00:10,308 [INFO] 
============================================================
2026-05-18 16:00:10,308 [INFO] === 현대 첫 번째 URL 크롤링 시작 ===
2026-05-18 16:00:10,308 [INFO] ============================================================
2026-05-18 16:00:10,308 [INFO] ====== WebDriver manager ======
2026-05-18 16:00:11,298 [INFO] Get LATEST chromedriver version for google-chrome
2026-05-18 16:00:11,350 [INFO] Get LATEST chromedriver version for google-chrome
2026-05-18 16:00:11,371 [INFO] There is no [win64] chromedriver "148.0.7778.167" for browser google-chrome "148.0.7778" in cache
2026-05-18 16:00:11,376 [INFO] Get LATEST chromedriver version for google-chrome
2026-05-18 16:00:11,448 [INFO] WebDriver version 148.0.7778.167 selected
2026-05-18 16:00:11,455 [INFO] Modern chrome version https://storage.googleapis.com/chrome-for-testing-public/148.0.7778.167/win32/chromedriver-win32.zip
2026-05-18 16:00:11,455 [INFO] About to download new driver from https://storage.googleapis.com/chrome-for-testing-public/148.0.7778.167/win32/chromedriver-win32.zip
2026-05-18 16:00:11,562 [INFO] Driver downloading response is 200
2026-05-18 16:00:11,997 [INFO] Get LATEST chromedriver version for google-chrome
2026-05-18 16:00:12,147 [INFO] Driver has been saved in cache [C:\Users\playdata2\.wdm\drivers\chromedriver\win64\148.0.7778.167]
2026-05-18 16:00:16,732 [INFO] 접속: https://www.hyundai.com/kr/ko/e/customer/center/faq
2026-05-18 16:00:25,504 [INFO] 카테고리 탭: 10개 (전체 li: 12개, 서브필터 제외)
2026-05-18 16:00:25,508 [INFO] 
=======================================================
2026-05-18 16:00:25,508 [INFO] 탭 [1/10]: 차량구매
2026-05-18 16:00:28,920 [INFO]   ── 페이지 1
2026-05-18 16:00:28,978 [INFO]     항목 수: 10
2026-05-18 16:00:29,035 [INFO]       [1] 차량구매 | 보유중인 자동차를 팔고 싶은데, 어떻게 하면 좋을까요?
2026-05-18 16:00:29,948 [INFO]       [2] 차량구매 | 폐차 의뢰 및 신청은 어떻게 하나요?
2026-05-18 16:00:30,873 [INFO]       [3] 차량구매 | 차량구입시 신용카드는 얼마까지 이용할 수 있나요?
2026-05-18 16:00:33,119 [INFO]       [4] 차량구매 | 차량구입시 신용카드는 복수의 카드로 결제가 가능한가요?
2026-05-18 16:00:34,039 [INFO]       [5] 차량구매 | 차량에 부과되는 세금은 어떤 종류가 있나요?
2026-05-18 16:00:34,945 [INFO]       [6] 차량구매 | 신차 구매 시 타던 차량을 반납하면 신차 할인 받을 수 있나요?
2026-05-18 16:00:35,849 [INFO]       [7] 차량구매 | 차량구입시 의무보험료란 금액을 납부하였습니다. 이것은 어떤 종류의 보험인가요?
2026-05-18 16:00:38,114 [INFO]       [8] 차량구매 | 현대자동차 차량을 구입하려면 어떻게 해야하나요?
2026-05-18 16:00:39,016 [INFO]       [9] 차량구매 | 차량대금을 신용카드로 결제할 경우 소득공제가 가능한가요?
2026-05-18 16:00:39,921 [INFO]       [10] 차량구매 | 자동차 리스로 차를 구매하고 싶어요
2026-05-18 16:00:39,921 [INFO]   ── 이 페이지 10건 수집 (누적: 10건)
2026-05-18 16:00:41,990 [INFO]   ── 페이지 2
2026-05-18 16:00:42,007 [INFO]     항목 수: 10
2026-05-18 16:00:44,235 [INFO]       [1] 차량구매 | 현대자동차에서 중고차를 구매할 수 있나요?
2026-05-18 16:00:45,139 [INFO]       [2] 차량구매 | 자동차 리스에 대해 알고 싶어요
2026-05-18 16:00:46,039 [INFO]       [3] 차량구매 | 포인트의 유효기간은 어떻게 되나요?
2026-05-18 16:00:46,933 [INFO]       [4] 차량구매 | 세이브오토를 취소하려고 하는데 취소 방법은 어떻게 되나요?
2026-05-18 16:00:47,824 [INFO]       [5] 차량구매 | 장애인 조건으로 차량구입시 혜택을 알고 싶습니다.
2026-05-18 16:00:50,116 [INFO]       [6] 차량구매 | 고엽제 후유증 환자의 면세조건에 대해 알고 싶어요
2026-05-18 16:00:51,015 [INFO]       [7] 차량구매 | 광주민주화운동 부상자 면세조건에 대해 알고 싶습니다.
2026-05-18 16:00:51,909 [INFO]       [8] 차량구매 | 장애인 가족이 사망했을 경우 장애인용 LPG 차량은 어떻게 해야하나요?
2026-05-18 16:00:52,809 [INFO]       [9] 차량구매 | 장애인차량 구입조건에 대해 알고 싶습니다.
2026-05-18 16:00:53,712 [INFO]       [10] 차량구매 | 현재 장애인조건의 차량을 보유하고 있습니다. 장애인조건 차량의 추가구입이 가능하나...
2026-05-18 16:00:53,712 [INFO]   ── 이 페이지 10건 수집 (누적: 20건)
2026-05-18 16:00:55,775 [INFO]   ── 페이지 3
2026-05-18 16:00:55,790 [INFO]     항목 수: 9
2026-05-18 16:00:58,067 [INFO]       [1] 차량구매 | 차량구입에 관련된 금액은 어떠한 결제방식이 있나요?
2026-05-18 16:00:58,971 [INFO]       [2] 차량구매 | 차량 대금을 신용카드로 결제하려고 합니다. 계약자 이외의 다른 사람의 카드로 결제...
2026-05-18 16:00:59,862 [INFO]       [3] 차량구매 | 할부금을 카드로 결제할 수 있나요?
2026-05-18 16:01:00,763 [INFO]       [4] 차량구매 | 차량 구입시 견적에 포함되는 공채매입과 할인의 차이는 무엇인가요?
2026-05-18 16:01:03,033 [INFO]       [5] 차량구매 | 근저당 설정이 되어 있습니다. 어떻게 해야하나요?
2026-05-18 16:01:03,928 [INFO]       [6] 차량구매 | 세금계산서 발급받으려고 하는데 어떻게 해야하나요?
2026-05-18 16:01:04,823 [INFO]       [7] 차량구매 | 차량계약 후 예상납기일에 대해 알 수 있나요?
2026-05-18 16:01:05,714 [INFO]       [8] 차량구매 | 차량계약 후 해지 시 계약금은 환불 받을수 있습니까?
2026-05-18 16:01:06,621 [INFO]       [9] 차량구매 | 차량구입시 장착되는 타이어는 선택이 가능한가요?
2026-05-18 16:01:06,621 [INFO]   ── 이 페이지 9건 수집 (누적: 29건)
2026-05-18 16:01:06,639 [INFO]   마지막 페이지 → 다음 탭으로
2026-05-18 16:01:06,659 [INFO] 
=======================================================
2026-05-18 16:01:06,659 [INFO] 탭 [2/10]: 차량정비
2026-05-18 16:01:10,032 [INFO]   ── 페이지 1
2026-05-18 16:01:10,046 [INFO]     항목 수: 10
2026-05-18 16:01:10,092 [INFO]       [1] 차량정비 | (상용) 수동재생 진행 중, 시동을 꺼도 되나요?
2026-05-18 16:01:10,991 [INFO]       [2] 차량정비 | (상용) 주행 중 갑자기 엔진 출력이 떨어지면서 노킹 현상이 나타납니다. 왜 그런...
2026-05-18 16:01:13,268 [INFO]       [3] 차량정비 | (상용) 주행 중 갑자기 시동이 꺼지는 현상이 발생합니다. 어디에 문제가 있는 것...
2026-05-18 16:01:14,186 [INFO]       [4] 차량정비 | (상용) 유로6차량 DPF의 자동재생은 언제 작동하나요?
2026-05-18 16:01:15,096 [INFO]       [5] 차량정비 | (상용) 자동재생 도중 신호대기 및 차량 주/정차 시 재생은 어떻게 되나요?
2026-05-18 16:01:16,047 [INFO]       [6] 차량정비 | (상용) 자동재생 중 아이들 RPM은 왜 높은가요?
2026-05-18 16:01:17,017 [INFO]       [7] 차량정비 | (상용) 자동재생 도중 차량을 멈추고 시동을 꺼도 되나요?
2026-05-18 16:01:17,986 [INFO]       [8] 차량정비 | (상용) 자동재생 돌입 가능 조건은 어떻게 되나요?
2026-05-18 16:01:18,950 [INFO]       [9] 차량정비 | (상용) 수동재생은 언제 하나요?
2026-05-18 16:01:19,899 [INFO]       [10] 차량정비 | (상용) 수동재생 시, 주의해야 할 사항은 무엇인가요?
2026-05-18 16:01:19,899 [INFO]   ── 이 페이지 10건 수집 (누적: 39건)
2026-05-18 16:01:21,983 [INFO]   ── 페이지 2
2026-05-18 16:01:22,005 [INFO]     항목 수: 10
2026-05-18 16:01:24,267 [INFO]       [1] 차량정비 | (상용) 수동재생 후 검댕이 게이지가 남아 있어도 상관없나요?
2026-05-18 16:01:25,222 [INFO]       [2] 차량정비 | (상용) 수동재생  가능 조건은 어떻게 되나요?
2026-05-18 16:01:26,151 [INFO]       [3] 차량정비 | (상용 특장) 엑시언트 덤프차량 판 스프링 보증기간이 어떻게 되나요?
2026-05-18 16:01:27,135 [INFO]       [4] 차량정비 | (상용 특장) 특장 어퍼바디 장착 작업 시 기술적인 지원이나 관련 자료가 필요한 ...
2026-05-18 16:01:28,085 [INFO]       [5] 차량정비 | (상용 특장) 법인명의지입, 개인사업자, 특장업체 출고 차량은 어떻게 등록하나요?
2026-05-18 16:01:29,021 [INFO]       [6] 차량정비 | 정비 예약 확인/취소는 어떻게 하나요?
2026-05-18 16:01:29,952 [INFO]       [7] 차량정비 | 정비관련 업체구분은 어떻게 하나요?
2026-05-18 16:01:32,247 [INFO]       [8] 차량정비 | 차량의 연비가 안 좋은데 어떻게 해야 하지요?
2026-05-18 16:01:33,218 [INFO]       [9] 차량정비 | 인터넷으로 정비예약은 어떻게 하는건가요?
2026-05-18 16:01:34,170 [INFO]       [10] 차량정비 | 탬퍼러리 타이어(임시타이어)를 적용하는 이유가 뭔가요?
2026-05-18 16:01:34,170 [INFO]   ── 이 페이지 10건 수집 (누적: 49건)
2026-05-18 16:01:36,255 [INFO]   ── 페이지 3
2026-05-18 16:01:36,278 [INFO]     항목 수: 10
2026-05-18 16:01:38,530 [INFO]       [1] 차량정비 | 자동차에서 소음이 생기는 경우, 리콜을 받을 수 있나요?
2026-05-18 16:01:40,832 [INFO]       [2] 차량정비 | 에어백은 언제 터지나요? 에어백의 작동 조건을 알고 싶습니다.
2026-05-18 16:01:41,801 [INFO]       [3] 차량정비 | 에어백을 장착하는 것이 오히려 사고시 위험하다는 이야기가 있던데, 정말인가요?
2026-05-18 16:01:42,785 [INFO]       [4] 차량정비 | 냉매량이 부족한지 에어컨 냉방성능이 떨어진 것 같습니다. 어떻게 하면 좋을까요?
2026-05-18 16:01:43,754 [INFO]       [5] 차량정비 | 오랜만에 에어컨을 켰는데, 냄새가 납니다. 어떻게 청소하면 좋을까요?
2026-05-18 16:01:46,062 [INFO]       [6] 차량정비 | 겨울철 창문에 생기는 김서림, 신속히 제거하는 방법이 없을까요?
2026-05-18 16:01:47,018 [INFO]       [7] 차량정비 | 자동변속기 차량의 HOLD, O/D OFF 버튼은 어떤 때 써야 합니까?
2026-05-18 16:01:48,002 [INFO]       [8] 차량정비 | 블루투스 등록 방법
2026-05-18 16:01:48,935 [INFO]       [9] 차량정비 | 차량별 와이퍼 사이즈,핸들사이즈,전구 규격 사이즈 문의
2026-05-18 16:01:51,241 [INFO]       [10] 차량정비 | 타이밍벨트 체인 적용 여부 문의
2026-05-18 16:01:51,241 [INFO]   ── 이 페이지 10건 수집 (누적: 59건)
2026-05-18 16:01:53,349 [INFO]   ── 페이지 4
2026-05-18 16:01:53,352 [INFO]     항목 수: 10
2026-05-18 16:01:55,680 [INFO]       [1] 차량정비 | 여름철에 세차시 헤드램프에 습기가 차요!
2026-05-18 16:01:56,641 [INFO]       [2] 차량정비 | 빗길을 운행 후 헤드램프에 습기가 차요!
2026-05-18 16:01:57,602 [INFO]       [3] 차량정비 | 제 차량의 연료탱크 용량 70리터인데 주유를 하면 77리터 정도가 더 들어가요. ...
2026-05-18 16:01:59,863 [INFO]       [4] 차량정비 | 스마트키 차량인데요. 중립 주차를 하려는데 N단에서 시동을 꺼도 꺼지지가 않는데 ...
2026-05-18 16:02:00,819 [INFO]       [5] 차량정비 | 여름철마다 냉매를 교환해야 하나요?
2026-05-18 16:02:01,769 [INFO]       [6] 차량정비 | 에어컨 성능을 향상시키는 방법 안내
2026-05-18 16:02:03,999 [INFO]       [7] 차량정비 | 길이 미끄러워서 바퀴에 체인을 사용하려고 하는데요 어디에 감아야 하나요?
2026-05-18 16:02:06,314 [INFO]       [8] 차량정비 | 계기판에 수도꼭지 모양(엔진체크경고등)의 경고등이 떠요.
2026-05-18 16:02:07,302 [INFO]       [9] 차량정비 | 연료부족경고등 점등 후 몇 키로 운행 가능한지요.
2026-05-18 16:02:08,253 [INFO]       [10] 차량정비 | 도어 커티쉬램프 타입 문의
2026-05-18 16:02:08,253 [INFO]   ── 이 페이지 10건 수집 (누적: 69건)
2026-05-18 16:02:08,295 [INFO]   마지막 페이지 → 다음 탭으로
2026-05-18 16:02:08,319 [INFO] 
=======================================================
2026-05-18 16:02:08,329 [INFO] 탭 [3/10]: 홈페이지
2026-05-18 16:02:11,767 [INFO]   ── 페이지 1
2026-05-18 16:02:11,787 [INFO]     항목 수: 10
2026-05-18 16:02:11,853 [INFO]       [1] 홈페이지 | 실 운행자 등록 방법은 어떻게 되나요?
2026-05-18 16:02:12,836 [INFO]       [2] 홈페이지 | 차량을 판매한 경우 어떻게 하나요?
2026-05-18 16:02:13,803 [INFO]       [3] 홈페이지 | 내 차가 아닌 다른 차량이 보입니다.
2026-05-18 16:02:16,045 [INFO]       [4] 홈페이지 | 실 운행자 등록 시 사용 가능한 기능은 무엇인가요?
2026-05-18 16:02:17,011 [INFO]       [5] 홈페이지 | 내 차 정보가 안 보여요.
2026-05-18 16:02:17,985 [INFO]       [6] 홈페이지 | 취급설명서는 어디서 다운 받나요?
2026-05-18 16:02:18,944 [INFO]       [7] 홈페이지 | 내비게이션 시스템 업그레이드는 어디서 하나요?
2026-05-18 16:02:19,901 [INFO]       [8] 홈페이지 | 계정 통합 시, 선택하지 않은 계정은 어떻게 되나요? 가입 정보 (이름, 생년월일...
2026-05-18 16:02:20,886 [INFO]       [9] 홈페이지 | 저는 5개 ID를 가지고 있는데, 계정 통합 화면에는 왜 2개 ID만 표시되는 건...
2026-05-18 16:02:21,890 [INFO]       [10] 홈페이지 | 기존에 이미 사용하고 있던 ID인데, 왜 다시 본인 인증과 계정 통합을 해야 하나...
2026-05-18 16:02:21,890 [INFO]   ── 이 페이지 10건 수집 (누적: 79건)
2026-05-18 16:02:25,287 [INFO]   ── 페이지 2
2026-05-18 16:02:25,303 [INFO]     항목 수: 10
2026-05-18 16:02:27,555 [INFO]       [1] 홈페이지 | 이메일 인증 받지 않으면 가입이 안 되는 건가요? 가입 절차가 너무 번거롭습니다.
2026-05-18 16:02:28,520 [INFO]       [2] 홈페이지 | 이미 가입되어 있는 ID가 있다고 하는데, 아이디를 바꾸고 싶어요. (사용하지 않...
2026-05-18 16:02:29,503 [INFO]       [3] 홈페이지 | 본인 명의 폰도 없고, 아이핀 발급받기 번거로운데 꼭 본인인증을 받아야 하나요?
2026-05-18 16:02:30,478 [INFO]       [4] 홈페이지 | "예상하지 못한 오류가 발생했습니다." 메시지가 표시됩니다.
2026-05-18 16:02:32,795 [INFO]       [5] 홈페이지 | 현대닷컴 로그인 계정을 변경하고 싶습니다.
2026-05-18 16:02:33,770 [INFO]       [6] 홈페이지 | 휴대폰 인증 SMS가 오지 않습니다.
2026-05-18 16:02:34,770 [INFO]       [7] 홈페이지 | 로그인 시 비밀번호가 맞지 않다고 합니다.
2026-05-18 16:02:35,753 [INFO]       [8] 홈페이지 | 로그인 시 다른 계정으로 로그인하라고 나옵니다.
2026-05-18 16:02:36,737 [INFO]       [9] 홈페이지 | 준회원은 왜 폐지되었나요. 기존 ID를 사용하지 못하는 이유는 무엇인가요?
2026-05-18 16:02:37,737 [INFO]       [10] 홈페이지 | 회원가입을 해야만 현대닷컴을 이용할 수 있나요?
2026-05-18 16:02:37,737 [INFO]   ── 이 페이지 10건 수집 (누적: 89건)
2026-05-18 16:02:39,868 [INFO]   ── 페이지 3
2026-05-18 16:02:39,895 [INFO]     항목 수: 10
2026-05-18 16:02:42,232 [INFO]       [1] 홈페이지 | 회원탈퇴 및 재가입을 원할때는 어떻게 해야 하나요?
2026-05-18 16:02:43,187 [INFO]       [2] 홈페이지 | 비밀번호 및 개인정보를 변경하고 싶을때는 어떻게 해야 하나요?
2026-05-18 16:02:44,175 [INFO]       [3] 홈페이지 | ‘인터넷 멤버스클럽’은 어떤 서비스인가요?
2026-05-18 16:02:45,154 [INFO]       [4] 홈페이지 | ‘인터넷 멤버스클럽’은 언제부터 시작했나요?
2026-05-18 16:02:46,107 [INFO]       [5] 홈페이지 | ‘인터넷 멤버스클럽’ 서비스는 누구에게 제공됩니까?
2026-05-18 16:02:47,084 [INFO]       [6] 홈페이지 | ‘인터넷 멤버스클럽’ 서비스 신청은 어떻게 합니까?
2026-05-18 16:02:48,028 [INFO]       [7] 홈페이지 | ‘인터넷 멤버스클럽’ 서비스를 신청하면, 어떤 서비스를 받을 수 있나요?
2026-05-18 16:02:50,346 [INFO]       [8] 홈페이지 | 현대자동차 홈페이지에 있는 저작물 사용시 어떤 제한을 받습니까?
2026-05-18 16:02:51,288 [INFO]       [9] 홈페이지 | 제품 카달로그나 설명서의 내용을 사용해도 되는지 궁금합니다.
2026-05-18 16:02:52,253 [INFO]       [10] 홈페이지 | 현대자동차 저작물 사용에 대해서 자세한 내용을 알려주십시오..
2026-05-18 16:02:52,254 [INFO]   ── 이 페이지 10건 수집 (누적: 99건)
2026-05-18 16:02:54,349 [INFO]   ── 페이지 4
2026-05-18 16:02:54,355 [INFO]     항목 수: 1
2026-05-18 16:02:56,659 [INFO]       [1] 홈페이지 | 아이디와 패스워드를 분실하였습니다.
2026-05-18 16:02:56,663 [INFO]   ── 이 페이지 1건 수집 (누적: 100건)
2026-05-18 16:02:56,687 [INFO]   마지막 페이지 → 다음 탭으로
2026-05-18 16:02:56,708 [INFO] 
=======================================================
2026-05-18 16:02:56,708 [INFO] 탭 [4/10]: 블루멤버스
2026-05-18 16:03:00,108 [INFO]   ── 페이지 1
2026-05-18 16:03:00,129 [INFO]     항목 수: 10
2026-05-18 16:03:00,211 [INFO]       [1] 블루멤버스 | 블루멤버스가 무엇인가요?
2026-05-18 16:03:01,181 [INFO]       [2] 블루멤버스 | 블루멤버스 회원 가입 후 카드 발급은 언제 되나요?
2026-05-18 16:03:03,433 [INFO]       [3] 블루멤버스 | 블루멤버스 회원 정보를 확인/변경하고 싶어요.
2026-05-18 16:03:04,371 [INFO]       [4] 블루멤버스 | 본인 이외의 가족이 보유한 블루멤버스 포인트를 사용할 수 있나요?
2026-05-18 16:03:05,338 [INFO]       [5] 블루멤버스 | 블루멤버스 포인트 양도 절차가 어떻게 되나요?
2026-05-18 16:03:06,276 [INFO]       [6] 블루멤버스 | 신차구매 시 블루멤버스 포인트는 언제 적립되나요 ?
2026-05-18 16:03:07,238 [INFO]       [7] 블루멤버스 | 세이브-오토 및 M포인트 차감을 통해 차량 가격을 할인받았습니다. 그런데 세금계산...
2026-05-18 16:03:08,205 [INFO]       [8] 블루멤버스 | 차량 구매에 사용할 수 있는 포인트는 무엇인가요?
2026-05-18 16:03:10,479 [INFO]       [9] 블루멤버스 | 블루멤버스 포인트는 어떻게 활용하나요?
2026-05-18 16:03:11,439 [INFO]       [10] 블루멤버스 | 블루멤버스 포인트 유효기간은 어떻게 되나요?
2026-05-18 16:03:11,439 [INFO]   ── 이 페이지 10건 수집 (누적: 110건)
2026-05-18 16:03:13,531 [INFO]   ── 페이지 2
2026-05-18 16:03:13,557 [INFO]     항목 수: 10
2026-05-18 16:03:15,875 [INFO]       [1] 블루멤버스 | 블루멤버스 회원가입 없이 포인트를 받을 수 있나요?
2026-05-18 16:03:16,855 [INFO]       [2] 블루멤버스 | 블루 세이브-오토 제도에 대해 알고 싶습니다.
2026-05-18 16:03:17,822 [INFO]       [3] 블루멤버스 | 블루 세이브-오토는 포인트를 미리 사용하는 것 외에 또 어떤 혜택이 있나요?
2026-05-18 16:03:18,806 [INFO]       [4] 블루멤버스 | 차량 구매 시 전용카드를 발급받은 이후, 카드를 재발급하거나 다른 카드로 교체하더...
2026-05-18 16:03:19,755 [INFO]       [5] 블루멤버스 | 전용카드 발급 이전에 적립된 블루멤버스 포인트로 블루 세이브-오토 상환할 수 있나...
2026-05-18 16:03:20,705 [INFO]       [6] 블루멤버스 | 바디케어 서비스 가입은 어떻게 하나요?
2026-05-18 16:03:22,967 [INFO]       [7] 블루멤버스 | 바디케어 서비스 이용 시 사고이력이 남아, 자동차보험료에 영향을 주나요?
2026-05-18 16:03:23,956 [INFO]       [8] 블루멤버스 | 바디케어 서비스 보상 절차는 어떻게 되나요?
2026-05-18 16:03:24,940 [INFO]       [9] 블루멤버스 | 바디케어 서비스 이용 시 차량 사진은 어디를 촬영하여 접수/제출해야 하나요?
2026-05-18 16:03:25,906 [INFO]       [10] 블루멤버스 | 바디케어 서비스 사고비용 처리 시 자기 부담금이 있나요?
2026-05-18 16:03:25,906 [INFO]   ── 이 페이지 10건 수집 (누적: 120건)
2026-05-18 16:03:28,017 [INFO]   ── 페이지 3
2026-05-18 16:03:28,040 [INFO]     항목 수: 4
2026-05-18 16:03:30,367 [INFO]       [1] 블루멤버스 | 바디케어 서비스 가입 후 사고가 발생하지 않아 보장을 받지 않은 경우라면, 포인트...
2026-05-18 16:03:31,339 [INFO]       [2] 블루멤버스 | 바디케어 서비스 이용 시 일반 동네 카센터에서 차량 수리 했는데 보상 안되나요?
2026-05-18 16:03:32,306 [INFO]       [3] 블루멤버스 | 블루멤버스 포인트 현대캐피탈 할부 상환”이란 무엇인가요?
2026-05-18 16:03:33,306 [INFO]       [4] 블루멤버스 | 블루멤버스 포인트 현대캐피탈 할부 상환”은 어떻게 신청할 수 있나요?
2026-05-18 16:03:33,306 [INFO]   ── 이 페이지 4건 수집 (누적: 124건)
2026-05-18 16:03:33,332 [INFO]   마지막 페이지 → 다음 탭으로
2026-05-18 16:03:33,357 [INFO] 
=======================================================
2026-05-18 16:03:33,357 [INFO] 탭 [5/10]: 모젠서비스
2026-05-18 16:03:35,419 [INFO]   ── 페이지 1
2026-05-18 16:03:35,443 [INFO]     항목 수: 10
2026-05-18 16:03:35,524 [INFO]       [1] 모젠서비스 | 모젠 서비스에 오류가 있을 때에는 어떻게 하나요?
2026-05-18 16:03:36,455 [INFO]       [2] 모젠서비스 | 보증 수리기간이 어떻게 되나요?
2026-05-18 16:03:37,406 [INFO]       [3] 모젠서비스 | ACC ON시에 바로 화면이 표시되지 않습니다.
2026-05-18 16:03:38,373 [INFO]       [4] 모젠서비스 | 사용도중 단말기가 갑자기 중지되거나, 버튼을 입력해도 말을 듣지 않습니다.
2026-05-18 16:03:39,340 [INFO]       [5] 모젠서비스 | 단말기 모델 및 일련번호는 어디서 확인하나요?
2026-05-18 16:03:40,299 [INFO]       [6] 모젠서비스 | 차안에서 음악을 듣는 데, 자꾸 길안내 방송이 나와서 신경을 쓰이게 합니다.
2026-05-18 16:03:41,273 [INFO]       [7] 모젠서비스 | GPS 수신이 안됩니다. 어떻게 하나요?
2026-05-18 16:03:43,549 [INFO]       [8] 모젠서비스 | 내비게이션의 지도 업그레이드는 어떻게 하나요?
2026-05-18 16:03:44,507 [INFO]       [9] 모젠서비스 | 단말기만 별도로 충전을 해줘야 하나요?
2026-05-18 16:03:45,440 [INFO]       [10] 모젠서비스 | 단말기의 벨소리를 다운로드 받을 수 있나요?
2026-05-18 16:03:45,440 [INFO]   ── 이 페이지 10건 수집 (누적: 134건)
2026-05-18 16:03:47,521 [INFO]   ── 페이지 2
2026-05-18 16:03:47,527 [INFO]     항목 수: 10
2026-05-18 16:03:49,869 [INFO]       [1] 모젠서비스 | 단말기로 전화가 왔을때 전화를 받고 싶지 않다면 어떻게 해야하나요?
2026-05-18 16:03:50,840 [INFO]       [2] 모젠서비스 | 주행 중에는 단말기 조작이 안되나요?
2026-05-18 16:03:51,790 [INFO]       [3] 모젠서비스 | 단말기는 어디에서 판매 하나요?
2026-05-18 16:03:52,789 [INFO]       [4] 모젠서비스 | 지상파DMB 시청이 가능한 모젠 단말기의 수신지역은 어떻게 되나요?
2026-05-18 16:03:53,741 [INFO]       [5] 모젠서비스 | 월 중에 요금제를 변경하면 요금이 어떻게 청구되나요?
2026-05-18 16:03:54,684 [INFO]       [6] 모젠서비스 | 요금제 변경은 어떻게 하나요?
2026-05-18 16:03:55,640 [INFO]       [7] 모젠서비스 | 요금 미납을 했을 경우 가산금은 몇%인가요?
2026-05-18 16:03:56,640 [INFO]       [8] 모젠서비스 | 혹시 길안내 서비스를 받으면, 길안내를 하는 동안 계속해서 이용 요금이 발생하는 ...
2026-05-18 16:03:58,890 [INFO]       [9] 모젠서비스 | 음성통화료와 데이터 요금은 무엇인가요?
2026-05-18 16:03:59,857 [INFO]       [10] 모젠서비스 | 모젠 요금제는 어떤 종류가 있나요?
2026-05-18 16:03:59,857 [INFO]   ── 이 페이지 10건 수집 (누적: 144건)
2026-05-18 16:04:03,320 [INFO]   ── 페이지 3
2026-05-18 16:04:03,342 [INFO]     항목 수: 10
2026-05-18 16:04:05,658 [INFO]       [1] 모젠서비스 | 인증 비밀번호 변경은 어떻게 하나요?
2026-05-18 16:04:06,591 [INFO]       [2] 모젠서비스 | 서비스를 해지하려면 어떻게 해야 하나요?
2026-05-18 16:04:07,541 [INFO]       [3] 모젠서비스 | 차량을 타인에게 양도할 때는 어떻게 해야 하나요?
2026-05-18 16:04:08,497 [INFO]       [4] 모젠서비스 | 자동차를 바꿀 경우에는 어떻게 해야하나요?
2026-05-18 16:04:09,457 [INFO]       [5] 모젠서비스 | 모젠 서비스 해지 시 필요한 서류는 무엇인가요?
2026-05-18 16:04:10,424 [INFO]       [6] 모젠서비스 | 모젠 서비스를 해지 후 단말기 사용은 전혀 불가능 한가요? 해지해도 사용할 수 있...
2026-05-18 16:04:11,391 [INFO]       [7] 모젠서비스 | 모젠단말기의 전화번호는 변경이 가능한가요?
2026-05-18 16:04:12,358 [INFO]       [8] 모젠서비스 | 각종 변경 사항이나 문의는 어떻게 해야 하나요?
2026-05-18 16:04:14,601 [INFO]       [9] 모젠서비스 | 가입, 변경,해지 처리는 전화로 가능한가요?
2026-05-18 16:04:15,558 [INFO]       [10] 모젠서비스 | 자동차를 인수 받는 즉시 바로 모젠 서비스를 이용할 수 있나요?
2026-05-18 16:04:15,558 [INFO]   ── 이 페이지 10건 수집 (누적: 154건)
2026-05-18 16:04:17,692 [INFO]   ── 페이지 4
2026-05-18 16:04:17,716 [INFO]     항목 수: 10
2026-05-18 16:04:20,035 [INFO]       [1] 모젠서비스 | 서비스 개통시 반드시 정해진 이동통신 사업자번호를 받아야만 하나요? 다른 사업자번...
2026-05-18 16:04:20,975 [INFO]       [2] 모젠서비스 | 이동통신 대리점에서도 서비스 가입을 할 수 있나요?
2026-05-18 16:04:21,933 [INFO]       [3] 모젠서비스 | 모젠 서비스에 가입하려면 어떻게 해야 하나요?
2026-05-18 16:04:22,875 [INFO]       [4] 모젠서비스 | 현재 쓰고 있는 핸드폰 번호를 단말기 전화번호와 동일한 번호로 사용할 수 있나요?
2026-05-18 16:04:23,841 [INFO]       [5] 모젠서비스 | 현대자동차에서 판매하는 모든 차종에 모젠 단말기 장착이 가능한가요?
2026-05-18 16:04:24,808 [INFO]       [6] 모젠서비스 | 텔레매틱스가 무엇 인가요?
2026-05-18 16:04:25,780 [INFO]       [7] 모젠서비스 | 지금 타고 있는 차량에 모젠 단말기 장착이 가능한가요?
2026-05-18 16:04:28,101 [INFO]       [8] 모젠서비스 | 모젠이 무슨 뜻인가요?
2026-05-18 16:04:29,061 [INFO]       [9] 모젠서비스 | 모젠 센터의 운영 시간은 어떻게 되나요?
2026-05-18 16:04:30,025 [INFO]       [10] 모젠서비스 | 주차장에 차를 어디에 세워두었는지 도저히 찾을 수가 없습니다. 내 차의 주차 위치...
2026-05-18 16:04:30,025 [INFO]   ── 이 페이지 10건 수집 (누적: 164건)
2026-05-18 16:04:32,125 [INFO]   ── 페이지 5
2026-05-18 16:04:32,145 [INFO]     항목 수: 10
2026-05-18 16:04:34,435 [INFO]       [1] 모젠서비스 | 집에 가려고 ‘양재동 366-3번지’라고 말하니까 인식이 안됩니다.
2026-05-18 16:04:35,409 [INFO]       [2] 모젠서비스 | 음성 인식이 계속 안됩니다.
2026-05-18 16:04:36,392 [INFO]       [3] 모젠서비스 | 모젠 음성인식서비스에는 어떤 것들이 있나요?(이용방법,부가요금)
2026-05-18 16:04:37,342 [INFO]       [4] 모젠서비스 | 유무선 연동 서비스와 동기화가 무엇인가요?
2026-05-18 16:04:38,307 [INFO]       [5] 모젠서비스 | 위험지역알림 DATA의 업데이트 주기는 어떻게 되나요?
2026-05-18 16:04:39,259 [INFO]       [6] 모젠서비스 | 위험지역 알림 서비스를 받기 위해서는 별도의 이용료가 있나요?
2026-05-18 16:04:40,249 [INFO]       [7] 모젠서비스 | 위험지역 DATA 업데이트는 어떻게 하나요?
2026-05-18 16:04:42,584 [INFO]       [8] 모젠서비스 | 원격진단 서비스는 어떻게 제공되나요?
2026-05-18 16:04:43,559 [INFO]       [9] 모젠서비스 | 원격진단 서비스는 모젠 서비스에 가입하지 않아도 이용할 수 있나요?
2026-05-18 16:04:44,512 [INFO]       [10] 모젠서비스 | 자동차 키를 차 안에 두고 내렸습니다. 차 문을 모젠이 열어줄 수 있나요?
2026-05-18 16:04:44,512 [INFO]   ── 이 페이지 10건 수집 (누적: 174건)
2026-05-18 16:04:46,603 [INFO]   ── 페이지 6
2026-05-18 16:04:46,619 [INFO]     항목 수: 10
2026-05-18 16:04:48,939 [INFO]       [1] 모젠서비스 | 에어백이 터지면 어떤 서비스가 제공되나요?
2026-05-18 16:04:49,876 [INFO]       [2] 모젠서비스 | 소모품 관리 서비스도 모젠 서비스에 가입해야만 이용이 가능한가요?
2026-05-18 16:04:50,860 [INFO]       [3] 모젠서비스 | 상담원이 상세한 교통정보를 제공해 주지 못합니다.
2026-05-18 16:04:51,793 [INFO]       [4] 모젠서비스 | 상담원을 통해서 받을 수 있는 서비스는 무엇인가요?
2026-05-18 16:04:52,745 [INFO]       [5] 모젠서비스 | 등록한 배경화면은 어떻게 볼 수 있나요?
2026-05-18 16:04:53,711 [INFO]       [6] 모젠서비스 | 가족 사진으로 배경화면 설정을 할 수 있나요?
2026-05-18 16:04:54,693 [INFO]       [7] 모젠서비스 | 무선인터넷으로 다른 인터넷 사이트에 접속할 수 있나요?
2026-05-18 16:04:55,676 [INFO]       [8] 모젠서비스 | 차량을 잃어버려 급하게 연락했는데, 본인확인 절차가 까다롭고 시간을 낭비하는 등 ...
2026-05-18 16:04:57,967 [INFO]       [9] 모젠서비스 | 도난 추적 서비스 요청을 했는데, 차량회수가 안된다고 합니다.
2026-05-18 16:04:58,935 [INFO]       [10] 모젠서비스 | 도난 추적 서비스 요청은 어떻게 해야 하나요?
2026-05-18 16:04:58,935 [INFO]   ── 이 페이지 10건 수집 (누적: 184건)
2026-05-18 16:05:01,054 [INFO]   ── 페이지 7
2026-05-18 16:05:01,077 [INFO]     항목 수: 10
2026-05-18 16:05:03,388 [INFO]       [1] 모젠서비스 | 도난 신고접수는 언제든지 가능한가요?
2026-05-18 16:05:04,361 [INFO]       [2] 모젠서비스 | 도난 경보 알림 서비스는 어떻게 제공되나요?
2026-05-18 16:05:05,310 [INFO]       [3] 모젠서비스 | 현재 내 차의 위치를 정확하게 친구에게 알려줄 수도 있나요?
2026-05-18 16:05:06,277 [INFO]       [4] 모젠서비스 | 혼잡통행료 징수시간에 (남산 1,3호터널)로 자꾸 안내하는 데 우회도로로는 안내가...
2026-05-18 16:05:07,226 [INFO]       [5] 모젠서비스 | 예상 도착시각이 안 맞습니다.
2026-05-18 16:05:08,160 [INFO]       [6] 모젠서비스 | 연료절약 길안내를 이용하면 어떤 효과가 있나요?
2026-05-18 16:05:09,093 [INFO]       [7] 모젠서비스 | 연료절약 길안내가 뭔가요?
2026-05-18 16:05:10,075 [INFO]       [8] 모젠서비스 | 목적지의 명칭오류,누락,수정건이 있는 경우에 수정이 가능한가요?
2026-05-18 16:05:11,043 [INFO]       [9] 모젠서비스 | 길안내를 받으면서 전화통화를 할 수 있나요?
2026-05-18 16:05:13,318 [INFO]       [10] 모젠서비스 | 길안내 서비스를 받아서 목적지까지 갔는 데, 사고로 막혀서 오래 걸렸습니다.
2026-05-18 16:05:13,318 [INFO]   ── 이 페이지 10건 수집 (누적: 194건)
2026-05-18 16:05:15,435 [INFO]   ── 페이지 8
2026-05-18 16:05:15,462 [INFO]     항목 수: 6
2026-05-18 16:05:17,720 [INFO]       [1] 모젠서비스 | 가까운 길을 두고 돌아가는 길로 안내하는 경우가 종종 있는데, 이유가 뭔가요?
2026-05-18 16:05:18,669 [INFO]       [2] 모젠서비스 | 전국의 교통정보를 다 조회해 볼 수 있나요?
2026-05-18 16:05:19,610 [INFO]       [3] 모젠서비스 | 현대 긴급 출동봉사반에서 와서 시동을 걸어주었는데, 돈을 내라고 합니다.
2026-05-18 16:05:20,562 [INFO]       [4] 모젠서비스 | 출동 요원이 견인을 하면서 특수 장비가 필요하다며 추가요금을 부담하라고 합니다.
2026-05-18 16:05:21,528 [INFO]       [5] 모젠서비스 | 자동차전용도로(올림픽도로, 강변북로 등)에서 휘발유가 떨어졌는데 긴급주유서비스는 ...
2026-05-18 16:05:22,494 [INFO]       [6] 모젠서비스 | SOS 서비스로 긴급출동을 요청했을 경우 제공받을수 있는 서비스는 어떤것이 있나요...
2026-05-18 16:05:22,494 [INFO]   ── 이 페이지 6건 수집 (누적: 200건)
2026-05-18 16:05:22,545 [INFO]   마지막 페이지 → 다음 탭으로
2026-05-18 16:05:22,567 [INFO] 
=======================================================
2026-05-18 16:05:22,567 [INFO] 탭 [6/10]: 블루링크
2026-05-18 16:05:25,977 [INFO]   ── 페이지 1
2026-05-18 16:05:25,998 [INFO]     항목 수: 10
2026-05-18 16:05:26,076 [INFO]       [1] 블루링크 | [서비스] 라이트 서비스가 무엇인가요?
2026-05-18 16:05:27,044 [INFO]       [2] 블루링크 | [서비스] 블루링크 5년 무료 + 요금제 무료 기간 만료 이후 라이트 서비스 이용...
2026-05-18 16:05:28,010 [INFO]       [3] 블루링크 | [서비스] 라이트 서비스 전환 이후 원격 제어, 뮤직 스트리밍 등 블루링크 전체 ...
2026-05-18 16:05:28,944 [INFO]       [4] 블루링크 | [서비스] 블루링크를 가입하면 어떤 서비스가 제공되나요?
2026-05-18 16:05:31,286 [INFO]       [5] 블루링크 | [A/S] 블루링크 서비스 이용 시 오류가 발생합니다.
2026-05-18 16:05:32,223 [INFO]       [6] 블루링크 | [A/S] 원격 공조 제어 서비스를 사용했는데 계속 비상등이 켜져 깜박입니다.
2026-05-18 16:05:33,171 [INFO]       [7] 블루링크 | [A/S] GPS 수신이 안됩니다.
2026-05-18 16:05:34,205 [INFO]       [8] 블루링크 | [A/S] 주행 중에 시스템 조작이 안됩니다.
2026-05-18 16:05:35,120 [INFO]       [9] 블루링크 | [요금제] 블루링크 유료 요금제가 어떻게 되나요?
2026-05-18 16:05:36,026 [INFO]       [10] 블루링크 | [요금제] 요금 미납을 했을 경우 가산금은 몇%인가요?
2026-05-18 16:05:36,026 [INFO]   ── 이 페이지 10건 수집 (누적: 210건)
2026-05-18 16:05:38,085 [INFO]   ── 페이지 2
2026-05-18 16:05:38,096 [INFO]     항목 수: 10
2026-05-18 16:05:40,344 [INFO]       [1] 블루링크 | [요금제] 요금제 납부 방식을 변경하고 싶습니다.
2026-05-18 16:05:41,245 [INFO]       [2] 블루링크 | [요금제] 사용 중인 블루링크 요금제가 궁금합니다.
2026-05-18 16:05:42,279 [INFO]       [3] 블루링크 | [가입] 블루링크는 어떻게 가입하나요?
2026-05-18 16:05:43,196 [INFO]       [4] 블루링크 | [가입] 중고차를 구입했는데 블루링크에 가입할 수 있나요?
2026-05-18 16:05:44,128 [INFO]       [5] 블루링크 | [해지] 블루링크를 해지하고 싶습니다.
2026-05-18 16:05:45,028 [INFO]       [6] 블루링크 | [해지] 블루링크 가입 차량을 매각하면 자동으로 해지되나요?
2026-05-18 16:05:45,944 [INFO]       [7] 블루링크 | [가입] 법인/리스/렌트 차량도 블루링크를 가입할 수 있나요?
2026-05-18 16:05:46,865 [INFO]       [8] 블루링크 | [변경] 가입자 정보는 어떻게 변경하나요?
2026-05-18 16:05:47,778 [INFO]       [9] 블루링크 | [가입] 차량 계약자와 실 사용자가 다를 경우 실 사용자 명의로 블루링크를 가입할...
2026-05-18 16:05:50,037 [INFO]       [10] 블루링크 | [서비스] SOS 서비스로 긴급출동을 요청했을 경우 제공받을수 있는 서비스는 어떤...
2026-05-18 16:05:50,037 [INFO]   ── 이 페이지 10건 수집 (누적: 220건)
2026-05-18 16:05:52,110 [INFO]   ── 페이지 3
2026-05-18 16:05:52,113 [INFO]     항목 수: 10
2026-05-18 16:05:54,349 [INFO]       [1] 블루링크 | [서비스] 도난 경보 알림 서비스는 어떻게 이용하나요?
2026-05-18 16:05:55,251 [INFO]       [2] 블루링크 | [서비스] 도난 추적 서비스 요청은 어떻게 해야 하나요?
2026-05-18 16:05:56,162 [INFO]       [3] 블루링크 | [서비스] 에어백 전개 자동통보 서비스는 어떻게 이용하나요?
2026-05-18 16:05:57,065 [INFO]       [4] 블루링크 | [서비스] 블루링크 단말기는 어디에서 판매 하나요?
2026-05-18 16:05:57,969 [INFO]       [5] 블루링크 | [앱] 마이현대 앱은 어떻게 사용하나요?
2026-05-18 16:05:58,878 [INFO]       [6] 블루링크 | [앱] 마이현대 앱에 여러 대의 차량을 등록할 수 있나요?
2026-05-18 16:06:01,129 [INFO]       [7] 블루링크 | [서비스] 자동차전용도로(올림픽도로, 강변북로 등)에서 휘발유가 떨어진 경우에도 ...
2026-05-18 16:06:02,034 [INFO]       [8] 블루링크 | [서비스] 긴급 견인 출동 요원이 견인을 하면서 특수 장비가 필요한 경우 추가 비...
2026-05-18 16:06:02,962 [INFO]       [9] 블루링크 | [서비스] 도난 추적 서비스 요청을 했는데, 추적이 불가능한 경우가 있나요?
2026-05-18 16:06:03,862 [INFO]       [10] 블루링크 | [앱] 다른 사람에게 블루링크 가입 차량을 공유할 수 있나요?
2026-05-18 16:06:03,862 [INFO]   ── 이 페이지 10건 수집 (누적: 230건)
2026-05-18 16:06:05,942 [INFO]   ── 페이지 4
2026-05-18 16:06:05,947 [INFO]     항목 수: 1
2026-05-18 16:06:08,211 [INFO]       [1] 블루링크 | [서비스] 차량진단 관리 서비스는 어떻게 이용하나요?
2026-05-18 16:06:08,211 [INFO]   ── 이 페이지 1건 수집 (누적: 231건)
2026-05-18 16:06:08,233 [INFO]   마지막 페이지 → 다음 탭으로
2026-05-18 16:06:08,251 [INFO] 
=======================================================
2026-05-18 16:06:08,251 [INFO] 탭 [7/10]: 현대 디지털 키
2026-05-18 16:06:10,293 [INFO]   ── 페이지 1
2026-05-18 16:06:10,319 [INFO]     항목 수: 10
2026-05-18 16:06:10,388 [INFO]       [1] 현대 디지털 키 | 출고 이후 카드키만 따로 구매 가능한가요?
2026-05-18 16:06:11,285 [INFO]       [2] 현대 디지털 키 | 디지털 키 App이 계속 자동으로 꺼지는데 어떻게 하나요?
2026-05-18 16:06:13,529 [INFO]       [3] 현대 디지털 키 | 소유 차량 등록 확인은 어떻게 하나요?(중고차, 명의변경)
2026-05-18 16:06:14,433 [INFO]       [4] 현대 디지털 키 | 공동명의 차량인데 차량 등록이 안되는데 어떻게 해야 하나요?
2026-05-18 16:06:15,367 [INFO]       [5] 현대 디지털 키 | 휴대폰 nfc기능이 인식이 안돼요. 어떻게 해야하나요?
2026-05-18 16:06:16,260 [INFO]       [6] 현대 디지털 키 | 핀번호 잊은 경우에는 어떻게 하나요?
2026-05-18 16:06:17,164 [INFO]       [7] 현대 디지털 키 | 안드로이드 OS 버전, 블루투스 버전 확인 방법은 어떻게 되나요?
2026-05-18 16:06:18,073 [INFO]       [8] 현대 디지털 키 | NFC 카드키 등록은 어떻게 하나요?
2026-05-18 16:06:20,300 [INFO]       [9] 현대 디지털 키 | LG 핸드폰은 GPS ON 해야 디지털키 사용이 가능한가요?
2026-05-18 16:06:22,561 [INFO]       [10] 현대 디지털 키 | 법인 구매 고객은 주사용자 등록을 어떻게 하나요?
2026-05-18 16:06:22,561 [INFO]   ── 이 페이지 10건 수집 (누적: 241건)
2026-05-18 16:06:24,629 [INFO]   ── 페이지 2
2026-05-18 16:06:24,647 [INFO]     항목 수: 7
2026-05-18 16:06:26,913 [INFO]       [1] 현대 디지털 키 | 데이터가 없거나 수신이 안되는 지역에서도 사용이 가능한가요?
2026-05-18 16:06:27,818 [INFO]       [2] 현대 디지털 키 | 개인화 설정 방법은?
2026-05-18 16:06:28,727 [INFO]       [3] 현대 디지털 키 | 아이폰에 있는 유심 뽑아서 안드로이드 공기계에 넣어서 등록 가능한가요?
2026-05-18 16:06:29,642 [INFO]       [4] 현대 디지털 키 | 차량 등록 확인 시 업무 시간이 아니라는 메시지 팝업이 뜹니다.
2026-05-18 16:06:30,533 [INFO]       [5] 현대 디지털 키 | 어플 삭제 후 재 설치 시 차량 정보 조회 오류가 발생합니다.
2026-05-18 16:06:32,794 [INFO]       [6] 현대 디지털 키 | 미지원 기종은 아예 앱스토어 '현대 디지털 키' 어플 검색 불가한가요?
2026-05-18 16:06:33,686 [INFO]       [7] 현대 디지털 키 | 홈페이지 지원기종 탭에 없지만 최신 기종 이라면 언제 업데이트 예정인가요?
2026-05-18 16:06:33,686 [INFO]   ── 이 페이지 7건 수집 (누적: 248건)
2026-05-18 16:06:33,702 [INFO]   마지막 페이지 → 다음 탭으로
2026-05-18 16:06:33,729 [INFO] 
=======================================================
2026-05-18 16:06:33,729 [INFO] 탭 [8/10]: 빌트인캠
2026-05-18 16:06:37,128 [INFO]   ── 페이지 1
2026-05-18 16:06:37,147 [INFO]     항목 수: 7
2026-05-18 16:06:37,221 [INFO]       [1] 빌트인캠 | 빌트인 캠 녹화 영상이 없습니다. 어떻게 해야 하나요?
2026-05-18 16:06:39,489 [INFO]       [2] 빌트인캠 | 업데이트 할 때 에러가 발생합니다. 어떻게 해야 하나요?
2026-05-18 16:06:40,384 [INFO]       [3] 빌트인캠 | 스마트폰 USB 케이블 연결이 잘 안됩니다. 어떻게 해야 하나요?
2026-05-18 16:06:41,294 [INFO]       [4] 빌트인캠 | 이벤트 알림을 설정했는데도 알림 메세지가 오지 않습니다. 어떻게 해야 하나요?
2026-05-18 16:06:42,195 [INFO]       [5] 빌트인캠 | 녹화영상 관리 방법이 궁금합니다.
2026-05-18 16:06:43,084 [INFO]       [6] 빌트인캠 | 빌트인 캠 업데이트를 하지 않으면 영상 녹화가 안되나요?
2026-05-18 16:06:43,977 [INFO]       [7] 빌트인캠 | USB메모리 저장버튼이 활성화가 안됩니다. 어떻게 해야 하나요?
2026-05-18 16:06:43,977 [INFO]   ── 이 페이지 7건 수집 (누적: 255건)
2026-05-18 16:06:43,993 [INFO]   마지막 페이지 → 다음 탭으로
2026-05-18 16:06:44,016 [INFO] 
=======================================================
2026-05-18 16:06:44,018 [INFO] 탭 [9/10]: PLEOS 계정
2026-05-18 16:06:47,399 [INFO]   ── 페이지 1
2026-05-18 16:06:47,419 [INFO]     항목 수: 10
2026-05-18 16:06:47,465 [INFO]       [1] PLEOS 계정 | 현대자동차 통합계정을 Pleos 계정으로 전환하려는데 '이미 사용 중인 이메일'이...
2026-05-18 16:06:49,714 [INFO]       [2] PLEOS 계정 | 저는 계정 전환을 한 적이 없는데 전환완료 메일이 왔습니다. 무슨 내용인가요?
2026-05-18 16:06:50,618 [INFO]       [3] PLEOS 계정 | 로그인 할 때마다 Pleos 계정으로 전환 안내 화면이 계속 나옵니다. 안 보이게...
2026-05-18 16:06:51,509 [INFO]       [4] PLEOS 계정 | 만 14세 미만 사용자입니다. 만 14세 미만 보호자 동의를 한 것 같은데 왜 계...
2026-05-18 16:06:52,410 [INFO]       [5] PLEOS 계정 | 현대자동차 통합계정에 가입한 이메일을 인증 할 수가 없습니다. 그럼 전환 할 수 ...
2026-05-18 16:06:53,314 [INFO]       [6] PLEOS 계정 | Pleos 계정으로 전환을 마쳤는데 또 전환 안내 화면이 노출됩니다. 왜 계속 나...
2026-05-18 16:06:54,211 [INFO]       [7] PLEOS 계정 | Pleos 계정을 생성한 적이 없는데, 전환 과정 중 해외에서 가입한 계정이 있어...
2026-05-18 16:06:55,124 [INFO]       [8] PLEOS 계정 | 계정 전환하려는데 탈퇴신청 중이어서 전환할 수 없다고 나옵니다. 어떻게 해야하나요...
2026-05-18 16:06:56,026 [INFO]       [9] PLEOS 계정 | Pleos 계정 가입은 어디서 하나요?
2026-05-18 16:06:56,931 [INFO]       [10] PLEOS 계정 | Pleos 계정 아이디 찾기는 어떻게 하나요?
2026-05-18 16:06:56,931 [INFO]   ── 이 페이지 10건 수집 (누적: 265건)
2026-05-18 16:07:00,375 [INFO]   ── 페이지 2
2026-05-18 16:07:00,398 [INFO]     항목 수: 10
2026-05-18 16:07:02,654 [INFO]       [1] PLEOS 계정 | 통합계정  비밀번호 찾기를 했는데 이미 Pleos 계정이 있다고 나와요.
2026-05-18 16:07:03,574 [INFO]       [2] PLEOS 계정 | 현대자동차 통합 계정 신규 가입은 할 수 없나요?
2026-05-18 16:07:04,484 [INFO]       [3] PLEOS 계정 | Pleos 계정으로 서비스 로그인 시  현대자동차 통합계정이 있어서 전환하라는 안...
2026-05-18 16:07:05,382 [INFO]       [4] PLEOS 계정 | Pleos 계정에 가입을 했는데 로그인 시 아이디/비밀번호가 틀리다고 나오고 아이...
2026-05-18 16:07:07,649 [INFO]       [5] PLEOS 계정 | Pleos 계정 탈퇴는 어떻게 하나요?
2026-05-18 16:07:08,548 [INFO]       [6] PLEOS 계정 | Pleos 계정 비밀번호 재설정은 어떻게 하나요?
2026-05-18 16:07:09,450 [INFO]       [7] PLEOS 계정 | Pleos 계정이 무엇인가요?
2026-05-18 16:07:10,370 [INFO]       [8] PLEOS 계정 | 계정전환은 어떻게 하나요?
2026-05-18 16:07:11,266 [INFO]       [9] PLEOS 계정 | 현대자동차 통합계정과 같은 이메일 주소로만 전환할 수 있나요?
2026-05-18 16:07:12,157 [INFO]       [10] PLEOS 계정 | Pleos 계정은 탈퇴 신청 중인데 이미 서비스는 해지되었어요. 오류 아닌가요?
2026-05-18 16:07:12,157 [INFO]   ── 이 페이지 10건 수집 (누적: 275건)
2026-05-18 16:07:14,226 [INFO]   ── 페이지 3
2026-05-18 16:07:14,249 [INFO]     항목 수: 7
2026-05-18 16:07:16,516 [INFO]       [1] PLEOS 계정 | Pleos 계정으로 서비스 로그인 시  현대자동차 통합 휴면 계정이 이용할 수 없...
2026-05-18 16:07:17,424 [INFO]       [2] PLEOS 계정 | 현대자동차 서비스 이용을 위해 Pleos 계정으로 로그인했는데 개인정보 제공 동의...
2026-05-18 16:07:18,337 [INFO]       [3] PLEOS 계정 | Pleos 계정으로 서비스 로그인 시  현대자동차 통합계정이 있어 서비스를 이용할...
2026-05-18 16:07:20,559 [INFO]       [4] PLEOS 계정 | 휴면계정인데 전환 할 수 있나요?
2026-05-18 16:07:21,483 [INFO]       [5] PLEOS 계정 | 통합계정 아이디 찾기를 했는데 이미 Pleos 계정이 있다고 나와요.
2026-05-18 16:07:22,376 [INFO]       [6] PLEOS 계정 | 통합계정에 로그인하려는데 Pleos로 전환된 계정이라고 나와요.
2026-05-18 16:07:23,281 [INFO]       [7] PLEOS 계정 | 현대 앱/웹 서비스에서 계정 탈퇴를 신청하는데 제네시스, 기아 가입 서비스 내역은...
2026-05-18 16:07:23,281 [INFO]   ── 이 페이지 7건 수집 (누적: 282건)
2026-05-18 16:07:23,296 [INFO]   마지막 페이지 → 다음 탭으로
2026-05-18 16:07:23,316 [INFO] 
=======================================================
2026-05-18 16:07:23,316 [INFO] 탭 [10/10]: 기타
2026-05-18 16:07:26,694 [INFO]   ── 페이지 1
2026-05-18 16:07:26,717 [INFO]     항목 수: 1
2026-05-18 16:07:26,761 [INFO]       [1] 기타 | 특허 제안 하는 방법 안내
2026-05-18 16:07:26,761 [INFO]   ── 이 페이지 1건 수집 (누적: 283건)
2026-05-18 16:07:26,765 [INFO]   마지막 페이지 → 다음 탭으로
2026-05-18 16:07:26,765 [INFO] 
첫 번째 URL 크롤링 완료 — 총 283건 수집
2026-05-18 16:07:28,980 [ERROR] [현대자동차] 실패: 'cryptography' package is required for sha256_password or caching_sha2_password auth methods
Traceback (most recent call last):
  File "c:\SKN_main_project1\crawler\main.py", line 91, in <module>
    module.run()
  File "c:\SKN_main_project1\crawler\hyundai_faq_crawler.py", line 435, in run
    save_to_db(faq_list)
  File "c:\SKN_main_project1\crawler\hyundai_faq_crawler.py", line 60, in save_to_db
    conn = pymysql.connect(**DB_CONFIG, db=DB_NAME)
           ^^^^^^^^^^^^^^^^^^^^^^^^^^^^^^^^^^^^^^^^
  File "C:\SKN_main_project1\.venv\Lib\site-packages\pymysql\connections.py", line 361, in __init__
    self.connect()
  File "C:\SKN_main_project1\.venv\Lib\site-packages\pymysql\connections.py", line 669, in connect
    self._request_authentication()
  File "C:\SKN_main_project1\.venv\Lib\site-packages\pymysql\connections.py", line 979, in _request_authentication
    auth_packet = _auth.caching_sha2_password_auth(self, auth_packet)
                  ^^^^^^^^^^^^^^^^^^^^^^^^^^^^^^^^^^^^^^^^^^^^^^^^^^^
  File "C:\SKN_main_project1\.venv\Lib\site-packages\pymysql\_auth.py", line 267, in caching_sha2_password_auth
    data = sha2_rsa_encrypt(conn.password, conn.salt, conn.server_public_key)
           ^^^^^^^^^^^^^^^^^^^^^^^^^^^^^^^^^^^^^^^^^^^^^^^^^^^^^^^^^^^^^^^^^^
  File "C:\SKN_main_project1\.venv\Lib\site-packages\pymysql\_auth.py", line 144, in sha2_rsa_encrypt
    raise RuntimeError(
RuntimeError: 'cryptography' package is required for sha256_password or caching_sha2_password auth methods
2026-05-18 16:07:28,985 [INFO] 
============================================================
2026-05-18 16:07:28,985 [INFO] [기아자동차] 크롤링 시작
2026-05-18 16:07:28,985 [INFO] ============================================================
2026-05-18 16:10:00,065 [INFO] [기아자동차] 완료
2026-05-18 16:10:00,065 [INFO] 
============================================================
2026-05-18 16:10:00,065 [INFO] [제네시스] 크롤링 시작
2026-05-18 16:10:00,065 [INFO] ============================================================
2026-05-18 16:10:00,089 [INFO] [제네시스] 완료
2026-05-18 16:10:00,089 [INFO] 
============================================================
2026-05-18 16:10:00,089 [INFO] [BMW] 크롤링 시작
2026-05-18 16:10:00,089 [INFO] ============================================================
2026-05-18 16:12:48,892 [WARNING] Retrying (Retry(total=2, connect=None, read=None, redirect=None, status=None)) after connection broken by 'ConnectionResetError(10054, '현재 연결은 원격 호스트에 의해 강제로 끊겼습니다', None, 10054, None)': /session/83455f40658b9ce64c7a98a0278bd685
2026-05-18 16:12:52,978 [WARNING] Retrying (Retry(total=1, connect=None, read=None, redirect=None, status=None)) after connection broken by 'NewConnectionError("HTTPConnection(host='localhost', port=62692): Failed to establish a new connection: [WinError 10061] 대상 컴퓨터에서 연결을 거부했으므로 연결하지 못했습니다")': /session/83455f40658b9ce64c7a98a0278bd685
2026-05-18 16:12:57,028 [WARNING] Retrying (Retry(total=0, connect=None, read=None, redirect=None, status=None)) after connection broken by 'NewConnectionError("HTTPConnection(host='localhost', port=62692): Failed to establish a new connection: [WinError 10061] 대상 컴퓨터에서 연결을 거부했으므로 연결하지 못했습니다")': /session/83455f40658b9ce64c7a98a0278bd685
2026-05-18 18:34:17,757 [INFO] DB `sknmainproject1_db`.company_faq 준비 완료
2026-05-18 18:34:17,758 [INFO] 
============================================================
2026-05-18 18:34:17,758 [INFO] [현대자동차] 크롤링 시작
2026-05-18 18:34:17,759 [INFO] ============================================================
2026-05-18 18:34:17,765 [INFO] 
============================================================
2026-05-18 18:34:17,766 [INFO] === 현대 첫 번째 URL 크롤링 시작 ===
2026-05-18 18:34:17,766 [INFO] ============================================================
2026-05-18 18:34:17,766 [INFO] ====== WebDriver manager ======
2026-05-18 18:34:18,925 [INFO] Get LATEST chromedriver version for google-chrome
2026-05-18 18:34:18,963 [INFO] Get LATEST chromedriver version for google-chrome
2026-05-18 18:34:18,998 [INFO] Driver [C:\Users\playdata2\.wdm\drivers\chromedriver\win64\148.0.7778.167\chromedriver-win32/chromedriver.exe] found in cache
2026-05-18 18:34:20,096 [INFO] 접속: https://www.hyundai.com/kr/ko/e/customer/center/faq
2026-05-18 18:34:28,024 [INFO] 카테고리 탭: 10개 (전체 li: 12개, 서브필터 제외)
2026-05-18 18:34:28,038 [INFO] 
=======================================================
2026-05-18 18:34:28,038 [INFO] 탭 [1/10]: 차량구매
2026-05-18 18:34:31,471 [INFO]   ── 페이지 1
2026-05-18 18:34:31,493 [INFO]     항목 수: 10
2026-05-18 18:34:31,553 [INFO]       [1] 차량구매 | 보유중인 자동차를 팔고 싶은데, 어떻게 하면 좋을까요?
2026-05-18 18:34:32,458 [INFO]       [2] 차량구매 | 폐차 의뢰 및 신청은 어떻게 하나요?
2026-05-18 18:34:33,358 [INFO]       [3] 차량구매 | 차량구입시 신용카드는 얼마까지 이용할 수 있나요?
2026-05-18 18:34:35,630 [INFO]       [4] 차량구매 | 차량구입시 신용카드는 복수의 카드로 결제가 가능한가요?
2026-05-18 18:34:36,525 [INFO]       [5] 차량구매 | 차량에 부과되는 세금은 어떤 종류가 있나요?
2026-05-18 18:34:37,475 [INFO]       [6] 차량구매 | 신차 구매 시 타던 차량을 반납하면 신차 할인 받을 수 있나요?
2026-05-18 18:34:38,374 [INFO]       [7] 차량구매 | 차량구입시 의무보험료란 금액을 납부하였습니다. 이것은 어떤 종류의 보험인가요?
2026-05-18 18:34:40,587 [INFO]       [8] 차량구매 | 현대자동차 차량을 구입하려면 어떻게 해야하나요?
2026-05-18 18:34:41,624 [INFO]       [9] 차량구매 | 차량대금을 신용카드로 결제할 경우 소득공제가 가능한가요?
2026-05-18 18:34:42,577 [INFO]       [10] 차량구매 | 자동차 리스로 차를 구매하고 싶어요
2026-05-18 18:34:42,578 [INFO]   ── 이 페이지 10건 수집 (누적: 10건)
2026-05-18 18:34:44,712 [INFO]   ── 페이지 2
2026-05-18 18:34:44,735 [INFO]     항목 수: 10
2026-05-18 18:34:47,087 [INFO]       [1] 차량구매 | 현대자동차에서 중고차를 구매할 수 있나요?
2026-05-18 18:34:48,105 [INFO]       [2] 차량구매 | 자동차 리스에 대해 알고 싶어요
2026-05-18 18:34:49,114 [INFO]       [3] 차량구매 | 포인트의 유효기간은 어떻게 되나요?
2026-05-18 18:34:50,115 [INFO]       [4] 차량구매 | 세이브오토를 취소하려고 하는데 취소 방법은 어떻게 되나요?
2026-05-18 18:34:51,141 [INFO]       [5] 차량구매 | 장애인 조건으로 차량구입시 혜택을 알고 싶습니다.
2026-05-18 18:34:53,501 [INFO]       [6] 차량구매 | 고엽제 후유증 환자의 면세조건에 대해 알고 싶어요
2026-05-18 18:34:54,541 [INFO]       [7] 차량구매 | 광주민주화운동 부상자 면세조건에 대해 알고 싶습니다.
2026-05-18 18:34:55,575 [INFO]       [8] 차량구매 | 장애인 가족이 사망했을 경우 장애인용 LPG 차량은 어떻게 해야하나요?
2026-05-18 18:34:56,629 [INFO]       [9] 차량구매 | 장애인차량 구입조건에 대해 알고 싶습니다.
2026-05-18 18:34:57,666 [INFO]       [10] 차량구매 | 현재 장애인조건의 차량을 보유하고 있습니다. 장애인조건 차량의 추가구입이 가능하나...
2026-05-18 18:34:57,666 [INFO]   ── 이 페이지 10건 수집 (누적: 20건)
2026-05-18 18:34:59,827 [INFO]   ── 페이지 3
2026-05-18 18:34:59,852 [INFO]     항목 수: 9
2026-05-18 18:35:02,169 [INFO]       [1] 차량구매 | 차량구입에 관련된 금액은 어떠한 결제방식이 있나요?
2026-05-18 18:35:03,225 [INFO]       [2] 차량구매 | 차량 대금을 신용카드로 결제하려고 합니다. 계약자 이외의 다른 사람의 카드로 결제...
2026-05-18 18:35:04,262 [INFO]       [3] 차량구매 | 할부금을 카드로 결제할 수 있나요?
2026-05-18 18:35:05,254 [INFO]       [4] 차량구매 | 차량 구입시 견적에 포함되는 공채매입과 할인의 차이는 무엇인가요?
2026-05-18 18:35:07,553 [INFO]       [5] 차량구매 | 근저당 설정이 되어 있습니다. 어떻게 해야하나요?
2026-05-18 18:35:08,575 [INFO]       [6] 차량구매 | 세금계산서 발급받으려고 하는데 어떻게 해야하나요?
2026-05-18 18:35:09,583 [INFO]       [7] 차량구매 | 차량계약 후 예상납기일에 대해 알 수 있나요?
2026-05-18 18:35:10,559 [INFO]       [8] 차량구매 | 차량계약 후 해지 시 계약금은 환불 받을수 있습니까?
2026-05-18 18:35:11,609 [INFO]       [9] 차량구매 | 차량구입시 장착되는 타이어는 선택이 가능한가요?
2026-05-18 18:35:11,609 [INFO]   ── 이 페이지 9건 수집 (누적: 29건)
2026-05-18 18:35:11,668 [INFO]   마지막 페이지 → 다음 탭으로
2026-05-18 18:35:11,710 [INFO] 
=======================================================
2026-05-18 18:35:11,710 [INFO] 탭 [2/10]: 차량정비
2026-05-18 18:35:15,104 [INFO]   ── 페이지 1
2026-05-18 18:35:15,123 [INFO]     항목 수: 10
2026-05-18 18:35:15,165 [INFO]       [1] 차량정비 | (상용) 수동재생 진행 중, 시동을 꺼도 되나요?
2026-05-18 18:35:16,073 [INFO]       [2] 차량정비 | (상용) 주행 중 갑자기 엔진 출력이 떨어지면서 노킹 현상이 나타납니다. 왜 그런...
2026-05-18 18:35:18,344 [INFO]       [3] 차량정비 | (상용) 주행 중 갑자기 시동이 꺼지는 현상이 발생합니다. 어디에 문제가 있는 것...
2026-05-18 18:35:19,225 [INFO]       [4] 차량정비 | (상용) 유로6차량 DPF의 자동재생은 언제 작동하나요?
2026-05-18 18:35:20,141 [INFO]       [5] 차량정비 | (상용) 자동재생 도중 신호대기 및 차량 주/정차 시 재생은 어떻게 되나요?
2026-05-18 18:35:21,042 [INFO]       [6] 차량정비 | (상용) 자동재생 중 아이들 RPM은 왜 높은가요?
2026-05-18 18:35:21,930 [INFO]       [7] 차량정비 | (상용) 자동재생 도중 차량을 멈추고 시동을 꺼도 되나요?
2026-05-18 18:35:22,847 [INFO]       [8] 차량정비 | (상용) 자동재생 돌입 가능 조건은 어떻게 되나요?
2026-05-18 18:35:23,743 [INFO]       [9] 차량정비 | (상용) 수동재생은 언제 하나요?
2026-05-18 18:35:24,642 [INFO]       [10] 차량정비 | (상용) 수동재생 시, 주의해야 할 사항은 무엇인가요?
2026-05-18 18:35:24,642 [INFO]   ── 이 페이지 10건 수집 (누적: 39건)
2026-05-18 18:35:26,699 [INFO]   ── 페이지 2
2026-05-18 18:35:26,714 [INFO]     항목 수: 10
2026-05-18 18:35:28,968 [INFO]       [1] 차량정비 | (상용) 수동재생 후 검댕이 게이지가 남아 있어도 상관없나요?
2026-05-18 18:35:29,863 [INFO]       [2] 차량정비 | (상용) 수동재생  가능 조건은 어떻게 되나요?
2026-05-18 18:35:30,763 [INFO]       [3] 차량정비 | (상용 특장) 엑시언트 덤프차량 판 스프링 보증기간이 어떻게 되나요?
2026-05-18 18:35:31,670 [INFO]       [4] 차량정비 | (상용 특장) 특장 어퍼바디 장착 작업 시 기술적인 지원이나 관련 자료가 필요한 ...
2026-05-18 18:35:32,576 [INFO]       [5] 차량정비 | (상용 특장) 법인명의지입, 개인사업자, 특장업체 출고 차량은 어떻게 등록하나요?
2026-05-18 18:35:33,480 [INFO]       [6] 차량정비 | 정비 예약 확인/취소는 어떻게 하나요?
2026-05-18 18:35:34,380 [INFO]       [7] 차량정비 | 정비관련 업체구분은 어떻게 하나요?
2026-05-18 18:35:36,606 [INFO]       [8] 차량정비 | 차량의 연비가 안 좋은데 어떻게 해야 하지요?
2026-05-18 18:35:37,509 [INFO]       [9] 차량정비 | 인터넷으로 정비예약은 어떻게 하는건가요?
2026-05-18 18:35:38,409 [INFO]       [10] 차량정비 | 탬퍼러리 타이어(임시타이어)를 적용하는 이유가 뭔가요?
2026-05-18 18:35:38,409 [INFO]   ── 이 페이지 10건 수집 (누적: 49건)
2026-05-18 18:35:40,480 [INFO]   ── 페이지 3
2026-05-18 18:35:40,480 [INFO]     항목 수: 10
2026-05-18 18:35:42,718 [INFO]       [1] 차량정비 | 자동차에서 소음이 생기는 경우, 리콜을 받을 수 있나요?
2026-05-18 18:35:44,951 [INFO]       [2] 차량정비 | 에어백은 언제 터지나요? 에어백의 작동 조건을 알고 싶습니다.
2026-05-18 18:35:45,859 [INFO]       [3] 차량정비 | 에어백을 장착하는 것이 오히려 사고시 위험하다는 이야기가 있던데, 정말인가요?
2026-05-18 18:35:46,793 [INFO]       [4] 차량정비 | 냉매량이 부족한지 에어컨 냉방성능이 떨어진 것 같습니다. 어떻게 하면 좋을까요?
2026-05-18 18:35:47,736 [INFO]       [5] 차량정비 | 오랜만에 에어컨을 켰는데, 냄새가 납니다. 어떻게 청소하면 좋을까요?
2026-05-18 18:35:49,953 [INFO]       [6] 차량정비 | 겨울철 창문에 생기는 김서림, 신속히 제거하는 방법이 없을까요?
2026-05-18 18:35:50,895 [INFO]       [7] 차량정비 | 자동변속기 차량의 HOLD, O/D OFF 버튼은 어떤 때 써야 합니까?
2026-05-18 18:35:51,812 [INFO]       [8] 차량정비 | 블루투스 등록 방법
2026-05-18 18:35:52,709 [INFO]       [9] 차량정비 | 차량별 와이퍼 사이즈,핸들사이즈,전구 규격 사이즈 문의
2026-05-18 18:35:54,926 [INFO]       [10] 차량정비 | 타이밍벨트 체인 적용 여부 문의
2026-05-18 18:35:54,926 [INFO]   ── 이 페이지 10건 수집 (누적: 59건)
2026-05-18 18:35:57,006 [INFO]   ── 페이지 4
2026-05-18 18:35:57,018 [INFO]     항목 수: 10
2026-05-18 18:35:59,277 [INFO]       [1] 차량정비 | 여름철에 세차시 헤드램프에 습기가 차요!
2026-05-18 18:36:00,159 [INFO]       [2] 차량정비 | 빗길을 운행 후 헤드램프에 습기가 차요!
2026-05-18 18:36:01,095 [INFO]       [3] 차량정비 | 제 차량의 연료탱크 용량 70리터인데 주유를 하면 77리터 정도가 더 들어가요. ...
2026-05-18 18:36:02,119 [INFO]       [4] 차량정비 | 스마트키 차량인데요. 중립 주차를 하려는데 N단에서 시동을 꺼도 꺼지지가 않는데 ...
2026-05-18 18:36:04,371 [INFO]       [5] 차량정비 | 여름철마다 냉매를 교환해야 하나요?
2026-05-18 18:36:05,276 [INFO]       [6] 차량정비 | 에어컨 성능을 향상시키는 방법 안내
2026-05-18 18:36:07,511 [INFO]       [7] 차량정비 | 길이 미끄러워서 바퀴에 체인을 사용하려고 하는데요 어디에 감아야 하나요?
2026-05-18 18:36:09,726 [INFO]       [8] 차량정비 | 계기판에 수도꼭지 모양(엔진체크경고등)의 경고등이 떠요.
2026-05-18 18:36:10,633 [INFO]       [9] 차량정비 | 연료부족경고등 점등 후 몇 키로 운행 가능한지요.
2026-05-18 18:36:11,533 [INFO]       [10] 차량정비 | 도어 커티쉬램프 타입 문의
2026-05-18 18:36:11,533 [INFO]   ── 이 페이지 10건 수집 (누적: 69건)
2026-05-18 18:36:11,552 [INFO]   마지막 페이지 → 다음 탭으로
2026-05-18 18:36:11,579 [INFO] 
=======================================================
2026-05-18 18:36:11,579 [INFO] 탭 [3/10]: 홈페이지
2026-05-18 18:36:14,930 [INFO]   ── 페이지 1
2026-05-18 18:36:14,945 [INFO]     항목 수: 10
2026-05-18 18:36:14,978 [INFO]       [1] 홈페이지 | 실 운행자 등록 방법은 어떻게 되나요?
2026-05-18 18:36:15,879 [INFO]       [2] 홈페이지 | 차량을 판매한 경우 어떻게 하나요?
2026-05-18 18:36:16,827 [INFO]       [3] 홈페이지 | 내 차가 아닌 다른 차량이 보입니다.
2026-05-18 18:36:19,035 [INFO]       [4] 홈페이지 | 실 운행자 등록 시 사용 가능한 기능은 무엇인가요?
2026-05-18 18:36:19,937 [INFO]       [5] 홈페이지 | 내 차 정보가 안 보여요.
2026-05-18 18:36:20,843 [INFO]       [6] 홈페이지 | 취급설명서는 어디서 다운 받나요?
2026-05-18 18:36:21,736 [INFO]       [7] 홈페이지 | 내비게이션 시스템 업그레이드는 어디서 하나요?
2026-05-18 18:36:22,629 [INFO]       [8] 홈페이지 | 계정 통합 시, 선택하지 않은 계정은 어떻게 되나요? 가입 정보 (이름, 생년월일...
2026-05-18 18:36:23,547 [INFO]       [9] 홈페이지 | 저는 5개 ID를 가지고 있는데, 계정 통합 화면에는 왜 2개 ID만 표시되는 건...
2026-05-18 18:36:24,444 [INFO]       [10] 홈페이지 | 기존에 이미 사용하고 있던 ID인데, 왜 다시 본인 인증과 계정 통합을 해야 하나...
2026-05-18 18:36:24,444 [INFO]   ── 이 페이지 10건 수집 (누적: 79건)
2026-05-18 18:36:27,887 [INFO]   ── 페이지 2
2026-05-18 18:36:27,900 [INFO]     항목 수: 10
2026-05-18 18:36:30,110 [INFO]       [1] 홈페이지 | 이메일 인증 받지 않으면 가입이 안 되는 건가요? 가입 절차가 너무 번거롭습니다.
2026-05-18 18:36:31,005 [INFO]       [2] 홈페이지 | 이미 가입되어 있는 ID가 있다고 하는데, 아이디를 바꾸고 싶어요. (사용하지 않...
2026-05-18 18:36:31,915 [INFO]       [3] 홈페이지 | 본인 명의 폰도 없고, 아이핀 발급받기 번거로운데 꼭 본인인증을 받아야 하나요?
2026-05-18 18:36:32,827 [INFO]       [4] 홈페이지 | "예상하지 못한 오류가 발생했습니다." 메시지가 표시됩니다.
2026-05-18 18:36:35,072 [INFO]       [5] 홈페이지 | 현대닷컴 로그인 계정을 변경하고 싶습니다.
2026-05-18 18:36:36,034 [INFO]       [6] 홈페이지 | 휴대폰 인증 SMS가 오지 않습니다.
2026-05-18 18:36:36,940 [INFO]       [7] 홈페이지 | 로그인 시 비밀번호가 맞지 않다고 합니다.
2026-05-18 18:36:37,831 [INFO]       [8] 홈페이지 | 로그인 시 다른 계정으로 로그인하라고 나옵니다.
2026-05-18 18:36:38,750 [INFO]       [9] 홈페이지 | 준회원은 왜 폐지되었나요. 기존 ID를 사용하지 못하는 이유는 무엇인가요?
2026-05-18 18:36:39,644 [INFO]       [10] 홈페이지 | 회원가입을 해야만 현대닷컴을 이용할 수 있나요?
2026-05-18 18:36:39,644 [INFO]   ── 이 페이지 10건 수집 (누적: 89건)
2026-05-18 18:36:41,713 [INFO]   ── 페이지 3
2026-05-18 18:36:41,736 [INFO]     항목 수: 10
2026-05-18 18:36:43,996 [INFO]       [1] 홈페이지 | 회원탈퇴 및 재가입을 원할때는 어떻게 해야 하나요?
2026-05-18 18:36:44,894 [INFO]       [2] 홈페이지 | 비밀번호 및 개인정보를 변경하고 싶을때는 어떻게 해야 하나요?
2026-05-18 18:36:45,794 [INFO]       [3] 홈페이지 | ‘인터넷 멤버스클럽’은 어떤 서비스인가요?
2026-05-18 18:36:46,694 [INFO]       [4] 홈페이지 | ‘인터넷 멤버스클럽’은 언제부터 시작했나요?
2026-05-18 18:36:47,590 [INFO]       [5] 홈페이지 | ‘인터넷 멤버스클럽’ 서비스는 누구에게 제공됩니까?
2026-05-18 18:36:48,477 [INFO]       [6] 홈페이지 | ‘인터넷 멤버스클럽’ 서비스 신청은 어떻게 합니까?
2026-05-18 18:36:49,385 [INFO]       [7] 홈페이지 | ‘인터넷 멤버스클럽’ 서비스를 신청하면, 어떤 서비스를 받을 수 있나요?
2026-05-18 18:36:51,645 [INFO]       [8] 홈페이지 | 현대자동차 홈페이지에 있는 저작물 사용시 어떤 제한을 받습니까?
2026-05-18 18:36:52,545 [INFO]       [9] 홈페이지 | 제품 카달로그나 설명서의 내용을 사용해도 되는지 궁금합니다.
2026-05-18 18:36:53,449 [INFO]       [10] 홈페이지 | 현대자동차 저작물 사용에 대해서 자세한 내용을 알려주십시오..
2026-05-18 18:36:53,449 [INFO]   ── 이 페이지 10건 수집 (누적: 99건)
2026-05-18 18:36:55,514 [INFO]   ── 페이지 4
2026-05-18 18:36:55,532 [INFO]     항목 수: 1
2026-05-18 18:36:57,782 [INFO]       [1] 홈페이지 | 아이디와 패스워드를 분실하였습니다.
2026-05-18 18:36:57,782 [INFO]   ── 이 페이지 1건 수집 (누적: 100건)
2026-05-18 18:36:57,800 [INFO]   마지막 페이지 → 다음 탭으로
2026-05-18 18:36:57,821 [INFO] 
=======================================================
2026-05-18 18:36:57,821 [INFO] 탭 [4/10]: 블루멤버스
2026-05-18 18:37:01,231 [INFO]   ── 페이지 1
2026-05-18 18:37:01,243 [INFO]     항목 수: 10
2026-05-18 18:37:01,289 [INFO]       [1] 블루멤버스 | 블루멤버스가 무엇인가요?
2026-05-18 18:37:02,180 [INFO]       [2] 블루멤버스 | 블루멤버스 회원 가입 후 카드 발급은 언제 되나요?
2026-05-18 18:37:04,397 [INFO]       [3] 블루멤버스 | 블루멤버스 회원 정보를 확인/변경하고 싶어요.
2026-05-18 18:37:05,331 [INFO]       [4] 블루멤버스 | 본인 이외의 가족이 보유한 블루멤버스 포인트를 사용할 수 있나요?
2026-05-18 18:37:06,235 [INFO]       [5] 블루멤버스 | 블루멤버스 포인트 양도 절차가 어떻게 되나요?
2026-05-18 18:37:07,127 [INFO]       [6] 블루멤버스 | 신차구매 시 블루멤버스 포인트는 언제 적립되나요 ?
2026-05-18 18:37:08,044 [INFO]       [7] 블루멤버스 | 세이브-오토 및 M포인트 차감을 통해 차량 가격을 할인받았습니다. 그런데 세금계산...
2026-05-18 18:37:08,944 [INFO]       [8] 블루멤버스 | 차량 구매에 사용할 수 있는 포인트는 무엇인가요?
2026-05-18 18:37:11,202 [INFO]       [9] 블루멤버스 | 블루멤버스 포인트는 어떻게 활용하나요?
2026-05-18 18:37:12,111 [INFO]       [10] 블루멤버스 | 블루멤버스 포인트 유효기간은 어떻게 되나요?
2026-05-18 18:37:12,111 [INFO]   ── 이 페이지 10건 수집 (누적: 110건)
2026-05-18 18:37:14,169 [INFO]   ── 페이지 2
2026-05-18 18:37:14,185 [INFO]     항목 수: 10
2026-05-18 18:37:16,427 [INFO]       [1] 블루멤버스 | 블루멤버스 회원가입 없이 포인트를 받을 수 있나요?
2026-05-18 18:37:17,379 [INFO]       [2] 블루멤버스 | 블루 세이브-오토 제도에 대해 알고 싶습니다.
2026-05-18 18:37:18,278 [INFO]       [3] 블루멤버스 | 블루 세이브-오토는 포인트를 미리 사용하는 것 외에 또 어떤 혜택이 있나요?
2026-05-18 18:37:19,179 [INFO]       [4] 블루멤버스 | 차량 구매 시 전용카드를 발급받은 이후, 카드를 재발급하거나 다른 카드로 교체하더...
2026-05-18 18:37:20,079 [INFO]       [5] 블루멤버스 | 전용카드 발급 이전에 적립된 블루멤버스 포인트로 블루 세이브-오토 상환할 수 있나...
2026-05-18 18:37:21,000 [INFO]       [6] 블루멤버스 | 바디케어 서비스 가입은 어떻게 하나요?
2026-05-18 18:37:23,272 [INFO]       [7] 블루멤버스 | 바디케어 서비스 이용 시 사고이력이 남아, 자동차보험료에 영향을 주나요?
2026-05-18 18:37:24,161 [INFO]       [8] 블루멤버스 | 바디케어 서비스 보상 절차는 어떻게 되나요?
2026-05-18 18:37:25,061 [INFO]       [9] 블루멤버스 | 바디케어 서비스 이용 시 차량 사진은 어디를 촬영하여 접수/제출해야 하나요?
2026-05-18 18:37:25,967 [INFO]       [10] 블루멤버스 | 바디케어 서비스 사고비용 처리 시 자기 부담금이 있나요?
2026-05-18 18:37:25,967 [INFO]   ── 이 페이지 10건 수집 (누적: 120건)
2026-05-18 18:37:28,034 [INFO]   ── 페이지 3
2026-05-18 18:37:28,062 [INFO]     항목 수: 4
2026-05-18 18:37:30,334 [INFO]       [1] 블루멤버스 | 바디케어 서비스 가입 후 사고가 발생하지 않아 보장을 받지 않은 경우라면, 포인트...
2026-05-18 18:37:31,248 [INFO]       [2] 블루멤버스 | 바디케어 서비스 이용 시 일반 동네 카센터에서 차량 수리 했는데 보상 안되나요?
2026-05-18 18:37:32,196 [INFO]       [3] 블루멤버스 | 블루멤버스 포인트 현대캐피탈 할부 상환”이란 무엇인가요?
2026-05-18 18:37:33,163 [INFO]       [4] 블루멤버스 | 블루멤버스 포인트 현대캐피탈 할부 상환”은 어떻게 신청할 수 있나요?
2026-05-18 18:37:33,163 [INFO]   ── 이 페이지 4건 수집 (누적: 124건)
2026-05-18 18:37:33,185 [INFO]   마지막 페이지 → 다음 탭으로
2026-05-18 18:37:33,214 [INFO] 
=======================================================
2026-05-18 18:37:33,214 [INFO] 탭 [5/10]: 모젠서비스
2026-05-18 18:37:35,265 [INFO]   ── 페이지 1
2026-05-18 18:37:35,273 [INFO]     항목 수: 10
2026-05-18 18:37:35,314 [INFO]       [1] 모젠서비스 | 모젠 서비스에 오류가 있을 때에는 어떻게 하나요?
2026-05-18 18:37:36,218 [INFO]       [2] 모젠서비스 | 보증 수리기간이 어떻게 되나요?
2026-05-18 18:37:37,111 [INFO]       [3] 모젠서비스 | ACC ON시에 바로 화면이 표시되지 않습니다.
2026-05-18 18:37:38,011 [INFO]       [4] 모젠서비스 | 사용도중 단말기가 갑자기 중지되거나, 버튼을 입력해도 말을 듣지 않습니다.
2026-05-18 18:37:38,928 [INFO]       [5] 모젠서비스 | 단말기 모델 및 일련번호는 어디서 확인하나요?
2026-05-18 18:37:39,845 [INFO]       [6] 모젠서비스 | 차안에서 음악을 듣는 데, 자꾸 길안내 방송이 나와서 신경을 쓰이게 합니다.
2026-05-18 18:37:40,744 [INFO]       [7] 모젠서비스 | GPS 수신이 안됩니다. 어떻게 하나요?
2026-05-18 18:37:43,038 [INFO]       [8] 모젠서비스 | 내비게이션의 지도 업그레이드는 어떻게 하나요?
2026-05-18 18:37:43,962 [INFO]       [9] 모젠서비스 | 단말기만 별도로 충전을 해줘야 하나요?
2026-05-18 18:37:44,877 [INFO]       [10] 모젠서비스 | 단말기의 벨소리를 다운로드 받을 수 있나요?
2026-05-18 18:37:44,877 [INFO]   ── 이 페이지 10건 수집 (누적: 134건)
2026-05-18 18:37:46,933 [INFO]   ── 페이지 2
2026-05-18 18:37:46,959 [INFO]     항목 수: 10
2026-05-18 18:37:49,168 [INFO]       [1] 모젠서비스 | 단말기로 전화가 왔을때 전화를 받고 싶지 않다면 어떻게 해야하나요?
2026-05-18 18:37:50,062 [INFO]       [2] 모젠서비스 | 주행 중에는 단말기 조작이 안되나요?
2026-05-18 18:37:50,979 [INFO]       [3] 모젠서비스 | 단말기는 어디에서 판매 하나요?
2026-05-18 18:37:51,884 [INFO]       [4] 모젠서비스 | 지상파DMB 시청이 가능한 모젠 단말기의 수신지역은 어떻게 되나요?
2026-05-18 18:37:52,779 [INFO]       [5] 모젠서비스 | 월 중에 요금제를 변경하면 요금이 어떻게 청구되나요?
2026-05-18 18:37:53,695 [INFO]       [6] 모젠서비스 | 요금제 변경은 어떻게 하나요?
2026-05-18 18:37:55,945 [INFO]       [7] 모젠서비스 | 요금 미납을 했을 경우 가산금은 몇%인가요?
2026-05-18 18:37:56,845 [INFO]       [8] 모젠서비스 | 혹시 길안내 서비스를 받으면, 길안내를 하는 동안 계속해서 이용 요금이 발생하는 ...
2026-05-18 18:37:57,745 [INFO]       [9] 모젠서비스 | 음성통화료와 데이터 요금은 무엇인가요?
2026-05-18 18:37:58,661 [INFO]       [10] 모젠서비스 | 모젠 요금제는 어떤 종류가 있나요?
2026-05-18 18:37:58,661 [INFO]   ── 이 페이지 10건 수집 (누적: 144건)
2026-05-18 18:38:02,070 [INFO]   ── 페이지 3
2026-05-18 18:38:02,085 [INFO]     항목 수: 10
2026-05-18 18:38:04,304 [INFO]       [1] 모젠서비스 | 인증 비밀번호 변경은 어떻게 하나요?
2026-05-18 18:38:05,199 [INFO]       [2] 모젠서비스 | 서비스를 해지하려면 어떻게 해야 하나요?
2026-05-18 18:38:06,095 [INFO]       [3] 모젠서비스 | 차량을 타인에게 양도할 때는 어떻게 해야 하나요?
2026-05-18 18:38:06,995 [INFO]       [4] 모젠서비스 | 자동차를 바꿀 경우에는 어떻게 해야하나요?
2026-05-18 18:38:07,912 [INFO]       [5] 모젠서비스 | 모젠 서비스 해지 시 필요한 서류는 무엇인가요?
2026-05-18 18:38:08,816 [INFO]       [6] 모젠서비스 | 모젠 서비스를 해지 후 단말기 사용은 전혀 불가능 한가요? 해지해도 사용할 수 있...
2026-05-18 18:38:09,728 [INFO]       [7] 모젠서비스 | 모젠단말기의 전화번호는 변경이 가능한가요?
2026-05-18 18:38:11,941 [INFO]       [8] 모젠서비스 | 각종 변경 사항이나 문의는 어떻게 해야 하나요?
2026-05-18 18:38:12,845 [INFO]       [9] 모젠서비스 | 가입, 변경,해지 처리는 전화로 가능한가요?
2026-05-18 18:38:13,745 [INFO]       [10] 모젠서비스 | 자동차를 인수 받는 즉시 바로 모젠 서비스를 이용할 수 있나요?
2026-05-18 18:38:13,745 [INFO]   ── 이 페이지 10건 수집 (누적: 154건)
2026-05-18 18:38:15,808 [INFO]   ── 페이지 4
2026-05-18 18:38:15,829 [INFO]     항목 수: 10
2026-05-18 18:38:18,091 [INFO]       [1] 모젠서비스 | 서비스 개통시 반드시 정해진 이동통신 사업자번호를 받아야만 하나요? 다른 사업자번...
2026-05-18 18:38:18,995 [INFO]       [2] 모젠서비스 | 이동통신 대리점에서도 서비스 가입을 할 수 있나요?
2026-05-18 18:38:19,912 [INFO]       [3] 모젠서비스 | 모젠 서비스에 가입하려면 어떻게 해야 하나요?
2026-05-18 18:38:20,829 [INFO]       [4] 모젠서비스 | 현재 쓰고 있는 핸드폰 번호를 단말기 전화번호와 동일한 번호로 사용할 수 있나요?
2026-05-18 18:38:21,729 [INFO]       [5] 모젠서비스 | 현대자동차에서 판매하는 모든 차종에 모젠 단말기 장착이 가능한가요?
2026-05-18 18:38:22,631 [INFO]       [6] 모젠서비스 | 텔레매틱스가 무엇 인가요?
2026-05-18 18:38:24,890 [INFO]       [7] 모젠서비스 | 지금 타고 있는 차량에 모젠 단말기 장착이 가능한가요?
2026-05-18 18:38:25,795 [INFO]       [8] 모젠서비스 | 모젠이 무슨 뜻인가요?
2026-05-18 18:38:26,696 [INFO]       [9] 모젠서비스 | 모젠 센터의 운영 시간은 어떻게 되나요?
2026-05-18 18:38:27,579 [INFO]       [10] 모젠서비스 | 주차장에 차를 어디에 세워두었는지 도저히 찾을 수가 없습니다. 내 차의 주차 위치...
2026-05-18 18:38:27,579 [INFO]   ── 이 페이지 10건 수집 (누적: 164건)
2026-05-18 18:38:29,657 [INFO]   ── 페이지 5
2026-05-18 18:38:29,672 [INFO]     항목 수: 10
2026-05-18 18:38:31,943 [INFO]       [1] 모젠서비스 | 집에 가려고 ‘양재동 366-3번지’라고 말하니까 인식이 안됩니다.
2026-05-18 18:38:32,879 [INFO]       [2] 모젠서비스 | 음성 인식이 계속 안됩니다.
2026-05-18 18:38:33,778 [INFO]       [3] 모젠서비스 | 모젠 음성인식서비스에는 어떤 것들이 있나요?(이용방법,부가요금)
2026-05-18 18:38:34,679 [INFO]       [4] 모젠서비스 | 유무선 연동 서비스와 동기화가 무엇인가요?
2026-05-18 18:38:35,579 [INFO]       [5] 모젠서비스 | 위험지역알림 DATA의 업데이트 주기는 어떻게 되나요?
2026-05-18 18:38:36,481 [INFO]       [6] 모젠서비스 | 위험지역 알림 서비스를 받기 위해서는 별도의 이용료가 있나요?
2026-05-18 18:38:38,741 [INFO]       [7] 모젠서비스 | 위험지역 DATA 업데이트는 어떻게 하나요?
2026-05-18 18:38:39,646 [INFO]       [8] 모젠서비스 | 원격진단 서비스는 어떻게 제공되나요?
2026-05-18 18:38:40,546 [INFO]       [9] 모젠서비스 | 원격진단 서비스는 모젠 서비스에 가입하지 않아도 이용할 수 있나요?
2026-05-18 18:38:41,446 [INFO]       [10] 모젠서비스 | 자동차 키를 차 안에 두고 내렸습니다. 차 문을 모젠이 열어줄 수 있나요?
2026-05-18 18:38:41,446 [INFO]   ── 이 페이지 10건 수집 (누적: 174건)
2026-05-18 18:38:43,520 [INFO]   ── 페이지 6
2026-05-18 18:38:43,546 [INFO]     항목 수: 10
2026-05-18 18:38:45,808 [INFO]       [1] 모젠서비스 | 에어백이 터지면 어떤 서비스가 제공되나요?
2026-05-18 18:38:46,713 [INFO]       [2] 모젠서비스 | 소모품 관리 서비스도 모젠 서비스에 가입해야만 이용이 가능한가요?
2026-05-18 18:38:47,612 [INFO]       [3] 모젠서비스 | 상담원이 상세한 교통정보를 제공해 주지 못합니다.
2026-05-18 18:38:48,513 [INFO]       [4] 모젠서비스 | 상담원을 통해서 받을 수 있는 서비스는 무엇인가요?
2026-05-18 18:38:49,413 [INFO]       [5] 모젠서비스 | 등록한 배경화면은 어떻게 볼 수 있나요?
2026-05-18 18:38:50,317 [INFO]       [6] 모젠서비스 | 가족 사진으로 배경화면 설정을 할 수 있나요?
2026-05-18 18:38:52,588 [INFO]       [7] 모젠서비스 | 무선인터넷으로 다른 인터넷 사이트에 접속할 수 있나요?
2026-05-18 18:38:53,480 [INFO]       [8] 모젠서비스 | 차량을 잃어버려 급하게 연락했는데, 본인확인 절차가 까다롭고 시간을 낭비하는 등 ...
2026-05-18 18:38:54,379 [INFO]       [9] 모젠서비스 | 도난 추적 서비스 요청을 했는데, 차량회수가 안된다고 합니다.
2026-05-18 18:38:55,279 [INFO]       [10] 모젠서비스 | 도난 추적 서비스 요청은 어떻게 해야 하나요?
2026-05-18 18:38:55,279 [INFO]   ── 이 페이지 10건 수집 (누적: 184건)
2026-05-18 18:38:57,348 [INFO]   ── 페이지 7
2026-05-18 18:38:57,371 [INFO]     항목 수: 10
2026-05-18 18:38:59,659 [INFO]       [1] 모젠서비스 | 도난 신고접수는 언제든지 가능한가요?
2026-05-18 18:39:00,546 [INFO]       [2] 모젠서비스 | 도난 경보 알림 서비스는 어떻게 제공되나요?
2026-05-18 18:39:01,446 [INFO]       [3] 모젠서비스 | 현재 내 차의 위치를 정확하게 친구에게 알려줄 수도 있나요?
2026-05-18 18:39:02,354 [INFO]       [4] 모젠서비스 | 혼잡통행료 징수시간에 (남산 1,3호터널)로 자꾸 안내하는 데 우회도로로는 안내가...
2026-05-18 18:39:03,247 [INFO]       [5] 모젠서비스 | 예상 도착시각이 안 맞습니다.
2026-05-18 18:39:04,159 [INFO]       [6] 모젠서비스 | 연료절약 길안내를 이용하면 어떤 효과가 있나요?
2026-05-18 18:39:05,063 [INFO]       [7] 모젠서비스 | 연료절약 길안내가 뭔가요?
2026-05-18 18:39:07,336 [INFO]       [8] 모젠서비스 | 목적지의 명칭오류,누락,수정건이 있는 경우에 수정이 가능한가요?
2026-05-18 18:39:08,230 [INFO]       [9] 모젠서비스 | 길안내를 받으면서 전화통화를 할 수 있나요?
2026-05-18 18:39:09,130 [INFO]       [10] 모젠서비스 | 길안내 서비스를 받아서 목적지까지 갔는 데, 사고로 막혀서 오래 걸렸습니다.
2026-05-18 18:39:09,130 [INFO]   ── 이 페이지 10건 수집 (누적: 194건)
2026-05-18 18:39:11,210 [INFO]   ── 페이지 8
2026-05-18 18:39:11,231 [INFO]     항목 수: 6
2026-05-18 18:39:13,491 [INFO]       [1] 모젠서비스 | 가까운 길을 두고 돌아가는 길로 안내하는 경우가 종종 있는데, 이유가 뭔가요?
2026-05-18 18:39:14,380 [INFO]       [2] 모젠서비스 | 전국의 교통정보를 다 조회해 볼 수 있나요?
2026-05-18 18:39:15,280 [INFO]       [3] 모젠서비스 | 현대 긴급 출동봉사반에서 와서 시동을 걸어주었는데, 돈을 내라고 합니다.
2026-05-18 18:39:16,180 [INFO]       [4] 모젠서비스 | 출동 요원이 견인을 하면서 특수 장비가 필요하다며 추가요금을 부담하라고 합니다.
2026-05-18 18:39:17,082 [INFO]       [5] 모젠서비스 | 자동차전용도로(올림픽도로, 강변북로 등)에서 휘발유가 떨어졌는데 긴급주유서비스는 ...
2026-05-18 18:39:17,997 [INFO]       [6] 모젠서비스 | SOS 서비스로 긴급출동을 요청했을 경우 제공받을수 있는 서비스는 어떤것이 있나요...
2026-05-18 18:39:17,997 [INFO]   ── 이 페이지 6건 수집 (누적: 200건)
2026-05-18 18:39:18,026 [INFO]   마지막 페이지 → 다음 탭으로
2026-05-18 18:39:18,047 [INFO] 
=======================================================
2026-05-18 18:39:18,048 [INFO] 탭 [6/10]: 블루링크
2026-05-18 18:39:20,088 [INFO]   ── 페이지 1
2026-05-18 18:39:20,108 [INFO]     항목 수: 10
2026-05-18 18:39:20,147 [INFO]       [1] 블루링크 | [서비스] 라이트 서비스가 무엇인가요?
2026-05-18 18:39:21,046 [INFO]       [2] 블루링크 | [서비스] 블루링크 5년 무료 + 요금제 무료 기간 만료 이후 라이트 서비스 이용...
2026-05-18 18:39:21,963 [INFO]       [3] 블루링크 | [서비스] 라이트 서비스 전환 이후 원격 제어, 뮤직 스트리밍 등 블루링크 전체 ...
2026-05-18 18:39:22,864 [INFO]       [4] 블루링크 | [서비스] 블루링크를 가입하면 어떤 서비스가 제공되나요?
2026-05-18 18:39:23,764 [INFO]       [5] 블루링크 | [A/S] 블루링크 서비스 이용 시 오류가 발생합니다.
2026-05-18 18:39:24,679 [INFO]       [6] 블루링크 | [A/S] 원격 공조 제어 서비스를 사용했는데 계속 비상등이 켜져 깜박입니다.
2026-05-18 18:39:25,591 [INFO]       [7] 블루링크 | [A/S] GPS 수신이 안됩니다.
2026-05-18 18:39:27,808 [INFO]       [8] 블루링크 | [A/S] 주행 중에 시스템 조작이 안됩니다.
2026-05-18 18:39:28,714 [INFO]       [9] 블루링크 | [요금제] 블루링크 유료 요금제가 어떻게 되나요?
2026-05-18 18:39:29,618 [INFO]       [10] 블루링크 | [요금제] 요금 미납을 했을 경우 가산금은 몇%인가요?
2026-05-18 18:39:29,618 [INFO]   ── 이 페이지 10건 수집 (누적: 210건)
2026-05-18 18:39:31,676 [INFO]   ── 페이지 2
2026-05-18 18:39:31,698 [INFO]     항목 수: 10
2026-05-18 18:39:33,943 [INFO]       [1] 블루링크 | [요금제] 요금제 납부 방식을 변경하고 싶습니다.
2026-05-18 18:39:34,847 [INFO]       [2] 블루링크 | [요금제] 사용 중인 블루링크 요금제가 궁금합니다.
2026-05-18 18:39:35,780 [INFO]       [3] 블루링크 | [가입] 블루링크는 어떻게 가입하나요?
2026-05-18 18:39:36,680 [INFO]       [4] 블루링크 | [가입] 중고차를 구입했는데 블루링크에 가입할 수 있나요?
2026-05-18 18:39:38,913 [INFO]       [5] 블루링크 | [해지] 블루링크를 해지하고 싶습니다.
2026-05-18 18:39:39,814 [INFO]       [6] 블루링크 | [해지] 블루링크 가입 차량을 매각하면 자동으로 해지되나요?
2026-05-18 18:39:40,721 [INFO]       [7] 블루링크 | [가입] 법인/리스/렌트 차량도 블루링크를 가입할 수 있나요?
2026-05-18 18:39:41,616 [INFO]       [8] 블루링크 | [변경] 가입자 정보는 어떻게 변경하나요?
2026-05-18 18:39:42,531 [INFO]       [9] 블루링크 | [가입] 차량 계약자와 실 사용자가 다를 경우 실 사용자 명의로 블루링크를 가입할...
2026-05-18 18:39:43,431 [INFO]       [10] 블루링크 | [서비스] SOS 서비스로 긴급출동을 요청했을 경우 제공받을수 있는 서비스는 어떤...
2026-05-18 18:39:43,431 [INFO]   ── 이 페이지 10건 수집 (누적: 220건)
2026-05-18 18:39:45,492 [INFO]   ── 페이지 3
2026-05-18 18:39:45,515 [INFO]     항목 수: 10
2026-05-18 18:39:47,777 [INFO]       [1] 블루링크 | [서비스] 도난 경보 알림 서비스는 어떻게 이용하나요?
2026-05-18 18:39:48,681 [INFO]       [2] 블루링크 | [서비스] 도난 추적 서비스 요청은 어떻게 해야 하나요?
2026-05-18 18:39:49,597 [INFO]       [3] 블루링크 | [서비스] 에어백 전개 자동통보 서비스는 어떻게 이용하나요?
2026-05-18 18:39:50,497 [INFO]       [4] 블루링크 | [서비스] 블루링크 단말기는 어디에서 판매 하나요?
2026-05-18 18:39:51,397 [INFO]       [5] 블루링크 | [앱] 마이현대 앱은 어떻게 사용하나요?
2026-05-18 18:39:53,655 [INFO]       [6] 블루링크 | [앱] 마이현대 앱에 여러 대의 차량을 등록할 수 있나요?
2026-05-18 18:39:54,547 [INFO]       [7] 블루링크 | [서비스] 자동차전용도로(올림픽도로, 강변북로 등)에서 휘발유가 떨어진 경우에도 ...
2026-05-18 18:39:55,464 [INFO]       [8] 블루링크 | [서비스] 긴급 견인 출동 요원이 견인을 하면서 특수 장비가 필요한 경우 추가 비...
2026-05-18 18:39:56,364 [INFO]       [9] 블루링크 | [서비스] 도난 추적 서비스 요청을 했는데, 추적이 불가능한 경우가 있나요?
2026-05-18 18:39:57,265 [INFO]       [10] 블루링크 | [앱] 다른 사람에게 블루링크 가입 차량을 공유할 수 있나요?
2026-05-18 18:39:57,265 [INFO]   ── 이 페이지 10건 수집 (누적: 230건)
2026-05-18 18:39:59,326 [INFO]   ── 페이지 4
2026-05-18 18:39:59,347 [INFO]     항목 수: 1
2026-05-18 18:40:01,592 [INFO]       [1] 블루링크 | [서비스] 차량진단 관리 서비스는 어떻게 이용하나요?
2026-05-18 18:40:01,592 [INFO]   ── 이 페이지 1건 수집 (누적: 231건)
2026-05-18 18:40:01,617 [INFO]   마지막 페이지 → 다음 탭으로
2026-05-18 18:40:01,638 [INFO] 
=======================================================
2026-05-18 18:40:01,638 [INFO] 탭 [7/10]: 현대 디지털 키
2026-05-18 18:40:03,681 [INFO]   ── 페이지 1
2026-05-18 18:40:03,703 [INFO]     항목 수: 10
2026-05-18 18:40:03,749 [INFO]       [1] 현대 디지털 키 | 출고 이후 카드키만 따로 구매 가능한가요?
2026-05-18 18:40:04,648 [INFO]       [2] 현대 디지털 키 | 디지털 키 App이 계속 자동으로 꺼지는데 어떻게 하나요?
2026-05-18 18:40:06,908 [INFO]       [3] 현대 디지털 키 | 소유 차량 등록 확인은 어떻게 하나요?(중고차, 명의변경)
2026-05-18 18:40:07,814 [INFO]       [4] 현대 디지털 키 | 공동명의 차량인데 차량 등록이 안되는데 어떻게 해야 하나요?
2026-05-18 18:40:08,730 [INFO]       [5] 현대 디지털 키 | 휴대폰 nfc기능이 인식이 안돼요. 어떻게 해야하나요?
2026-05-18 18:40:09,631 [INFO]       [6] 현대 디지털 키 | 핀번호 잊은 경우에는 어떻게 하나요?
2026-05-18 18:40:10,531 [INFO]       [7] 현대 디지털 키 | 안드로이드 OS 버전, 블루투스 버전 확인 방법은 어떻게 되나요?
2026-05-18 18:40:11,448 [INFO]       [8] 현대 디지털 키 | NFC 카드키 등록은 어떻게 하나요?
2026-05-18 18:40:13,744 [INFO]       [9] 현대 디지털 키 | LG 핸드폰은 GPS ON 해야 디지털키 사용이 가능한가요?
2026-05-18 18:40:16,009 [INFO]       [10] 현대 디지털 키 | 법인 구매 고객은 주사용자 등록을 어떻게 하나요?
2026-05-18 18:40:16,009 [INFO]   ── 이 페이지 10건 수집 (누적: 241건)
2026-05-18 18:40:18,072 [INFO]   ── 페이지 2
2026-05-18 18:40:18,090 [INFO]     항목 수: 7
2026-05-18 18:40:20,361 [INFO]       [1] 현대 디지털 키 | 데이터가 없거나 수신이 안되는 지역에서도 사용이 가능한가요?
2026-05-18 18:40:21,264 [INFO]       [2] 현대 디지털 키 | 개인화 설정 방법은?
2026-05-18 18:40:22,165 [INFO]       [3] 현대 디지털 키 | 아이폰에 있는 유심 뽑아서 안드로이드 공기계에 넣어서 등록 가능한가요?
2026-05-18 18:40:23,081 [INFO]       [4] 현대 디지털 키 | 차량 등록 확인 시 업무 시간이 아니라는 메시지 팝업이 뜹니다.
2026-05-18 18:40:23,999 [INFO]       [5] 현대 디지털 키 | 어플 삭제 후 재 설치 시 차량 정보 조회 오류가 발생합니다.
2026-05-18 18:40:26,261 [INFO]       [6] 현대 디지털 키 | 미지원 기종은 아예 앱스토어 '현대 디지털 키' 어플 검색 불가한가요?
2026-05-18 18:40:27,164 [INFO]       [7] 현대 디지털 키 | 홈페이지 지원기종 탭에 없지만 최신 기종 이라면 언제 업데이트 예정인가요?
2026-05-18 18:40:27,164 [INFO]   ── 이 페이지 7건 수집 (누적: 248건)
2026-05-18 18:40:27,181 [INFO]   마지막 페이지 → 다음 탭으로
2026-05-18 18:40:27,202 [INFO] 
=======================================================
2026-05-18 18:40:27,202 [INFO] 탭 [8/10]: 빌트인캠
2026-05-18 18:40:30,602 [INFO]   ── 페이지 1
2026-05-18 18:40:30,615 [INFO]     항목 수: 7
2026-05-18 18:40:30,665 [INFO]       [1] 빌트인캠 | 빌트인 캠 녹화 영상이 없습니다. 어떻게 해야 하나요?
2026-05-18 18:40:32,957 [INFO]       [2] 빌트인캠 | 업데이트 할 때 에러가 발생합니다. 어떻게 해야 하나요?
2026-05-18 18:40:33,865 [INFO]       [3] 빌트인캠 | 스마트폰 USB 케이블 연결이 잘 안됩니다. 어떻게 해야 하나요?
2026-05-18 18:40:34,765 [INFO]       [4] 빌트인캠 | 이벤트 알림을 설정했는데도 알림 메세지가 오지 않습니다. 어떻게 해야 하나요?
2026-05-18 18:40:35,648 [INFO]       [5] 빌트인캠 | 녹화영상 관리 방법이 궁금합니다.
2026-05-18 18:40:36,565 [INFO]       [6] 빌트인캠 | 빌트인 캠 업데이트를 하지 않으면 영상 녹화가 안되나요?
2026-05-18 18:40:37,465 [INFO]       [7] 빌트인캠 | USB메모리 저장버튼이 활성화가 안됩니다. 어떻게 해야 하나요?
2026-05-18 18:40:37,465 [INFO]   ── 이 페이지 7건 수집 (누적: 255건)
2026-05-18 18:40:37,483 [INFO]   마지막 페이지 → 다음 탭으로
2026-05-18 18:40:37,502 [INFO] 
=======================================================
2026-05-18 18:40:37,502 [INFO] 탭 [9/10]: PLEOS 계정
2026-05-18 18:40:40,903 [INFO]   ── 페이지 1
2026-05-18 18:40:40,924 [INFO]     항목 수: 10
2026-05-18 18:40:40,967 [INFO]       [1] PLEOS 계정 | 현대자동차 통합계정을 Pleos 계정으로 전환하려는데 '이미 사용 중인 이메일'이...
2026-05-18 18:40:43,231 [INFO]       [2] PLEOS 계정 | 저는 계정 전환을 한 적이 없는데 전환완료 메일이 왔습니다. 무슨 내용인가요?
2026-05-18 18:40:44,132 [INFO]       [3] PLEOS 계정 | 로그인 할 때마다 Pleos 계정으로 전환 안내 화면이 계속 나옵니다. 안 보이게...
2026-05-18 18:40:45,031 [INFO]       [4] PLEOS 계정 | 만 14세 미만 사용자입니다. 만 14세 미만 보호자 동의를 한 것 같은데 왜 계...
2026-05-18 18:40:45,932 [INFO]       [5] PLEOS 계정 | 현대자동차 통합계정에 가입한 이메일을 인증 할 수가 없습니다. 그럼 전환 할 수 ...
2026-05-18 18:40:46,832 [INFO]       [6] PLEOS 계정 | Pleos 계정으로 전환을 마쳤는데 또 전환 안내 화면이 노출됩니다. 왜 계속 나...
2026-05-18 18:40:47,743 [INFO]       [7] PLEOS 계정 | Pleos 계정을 생성한 적이 없는데, 전환 과정 중 해외에서 가입한 계정이 있어...
2026-05-18 18:40:48,649 [INFO]       [8] PLEOS 계정 | 계정 전환하려는데 탈퇴신청 중이어서 전환할 수 없다고 나옵니다. 어떻게 해야하나요...
2026-05-18 18:40:49,548 [INFO]       [9] PLEOS 계정 | Pleos 계정 가입은 어디서 하나요?
2026-05-18 18:40:50,449 [INFO]       [10] PLEOS 계정 | Pleos 계정 아이디 찾기는 어떻게 하나요?
2026-05-18 18:40:50,449 [INFO]   ── 이 페이지 10건 수집 (누적: 265건)
2026-05-18 18:40:53,878 [INFO]   ── 페이지 2
2026-05-18 18:40:53,900 [INFO]     항목 수: 10
2026-05-18 18:40:56,148 [INFO]       [1] PLEOS 계정 | 통합계정  비밀번호 찾기를 했는데 이미 Pleos 계정이 있다고 나와요.
2026-05-18 18:40:57,049 [INFO]       [2] PLEOS 계정 | 현대자동차 통합 계정 신규 가입은 할 수 없나요?
2026-05-18 18:40:57,970 [INFO]       [3] PLEOS 계정 | Pleos 계정으로 서비스 로그인 시  현대자동차 통합계정이 있어서 전환하라는 안...
2026-05-18 18:40:58,874 [INFO]       [4] PLEOS 계정 | Pleos 계정에 가입을 했는데 로그인 시 아이디/비밀번호가 틀리다고 나오고 아이...
2026-05-18 18:41:01,126 [INFO]       [5] PLEOS 계정 | Pleos 계정 탈퇴는 어떻게 하나요?
2026-05-18 18:41:02,032 [INFO]       [6] PLEOS 계정 | Pleos 계정 비밀번호 재설정은 어떻게 하나요?
2026-05-18 18:41:02,949 [INFO]       [7] PLEOS 계정 | Pleos 계정이 무엇인가요?
2026-05-18 18:41:03,849 [INFO]       [8] PLEOS 계정 | 계정전환은 어떻게 하나요?
2026-05-18 18:41:04,749 [INFO]       [9] PLEOS 계정 | 현대자동차 통합계정과 같은 이메일 주소로만 전환할 수 있나요?
2026-05-18 18:41:05,649 [INFO]       [10] PLEOS 계정 | Pleos 계정은 탈퇴 신청 중인데 이미 서비스는 해지되었어요. 오류 아닌가요?
2026-05-18 18:41:05,649 [INFO]   ── 이 페이지 10건 수집 (누적: 275건)
2026-05-18 18:41:07,718 [INFO]   ── 페이지 3
2026-05-18 18:41:07,742 [INFO]     항목 수: 7
2026-05-18 18:41:10,009 [INFO]       [1] PLEOS 계정 | Pleos 계정으로 서비스 로그인 시  현대자동차 통합 휴면 계정이 이용할 수 없...
2026-05-18 18:41:10,922 [INFO]       [2] PLEOS 계정 | 현대자동차 서비스 이용을 위해 Pleos 계정으로 로그인했는데 개인정보 제공 동의...
2026-05-18 18:41:11,815 [INFO]       [3] PLEOS 계정 | Pleos 계정으로 서비스 로그인 시  현대자동차 통합계정이 있어 서비스를 이용할...
2026-05-18 18:41:14,088 [INFO]       [4] PLEOS 계정 | 휴면계정인데 전환 할 수 있나요?
2026-05-18 18:41:14,989 [INFO]       [5] PLEOS 계정 | 통합계정 아이디 찾기를 했는데 이미 Pleos 계정이 있다고 나와요.
2026-05-18 18:41:15,882 [INFO]       [6] PLEOS 계정 | 통합계정에 로그인하려는데 Pleos로 전환된 계정이라고 나와요.
2026-05-18 18:41:16,810 [INFO]       [7] PLEOS 계정 | 현대 앱/웹 서비스에서 계정 탈퇴를 신청하는데 제네시스, 기아 가입 서비스 내역은...
2026-05-18 18:41:16,810 [INFO]   ── 이 페이지 7건 수집 (누적: 282건)
2026-05-18 18:41:16,825 [INFO]   마지막 페이지 → 다음 탭으로
2026-05-18 18:41:16,853 [INFO] 
=======================================================
2026-05-18 18:41:16,853 [INFO] 탭 [10/10]: 기타
2026-05-18 18:41:20,207 [INFO]   ── 페이지 1
2026-05-18 18:41:20,232 [INFO]     항목 수: 1
2026-05-18 18:41:20,277 [INFO]       [1] 기타 | 특허 제안 하는 방법 안내
2026-05-18 18:41:20,277 [INFO]   ── 이 페이지 1건 수집 (누적: 283건)
2026-05-18 18:41:20,283 [INFO]   마지막 페이지 → 다음 탭으로
2026-05-18 18:41:20,283 [INFO] 
첫 번째 URL 크롤링 완료 — 총 283건 수집
2026-05-18 18:41:22,514 [INFO] DB 저장 완료: 283건 삽입 / 0건 중복 스킵
2026-05-18 18:41:22,529 [INFO] 
============================================================
2026-05-18 18:41:22,529 [INFO] === 현대 두 번째 URL 크롤링 시작 ===
2026-05-18 18:41:22,529 [INFO] ============================================================
2026-05-18 18:41:22,529 [INFO] ====== WebDriver manager ======
2026-05-18 18:41:27,414 [INFO] Get LATEST chromedriver version for google-chrome
2026-05-18 18:41:27,449 [INFO] Get LATEST chromedriver version for google-chrome
2026-05-18 18:41:27,472 [INFO] Driver [C:\Users\playdata2\.wdm\drivers\chromedriver\win64\148.0.7778.167\chromedriver-win32/chromedriver.exe] found in cache
2026-05-18 18:41:28,548 [INFO] 접속: https://www.hyundai.com/kr/ko/faq.html
2026-05-18 18:41:32,779 [INFO]   ── 페이지 1
2026-05-18 18:41:32,825 [INFO]     dl 수: 10
2026-05-18 18:41:32,884 [INFO]       [1] 모젠서비스 | 내비게이션의 지도 업그레이드는 어떻게 하나요?
2026-05-18 18:41:32,923 [INFO]       [2] 블루링크 | [가입] 블루링크에 가입하려면 어떻게 해야 하나요?
2026-05-18 18:41:32,971 [INFO]       [3] 차량정비 | 에어컨 성능을 향상시키는 방법 안내
2026-05-18 18:41:33,007 [INFO]       [4] 블루링크 | [원격제어] 원격 공조 제어 서비스 이용시 시동만 켤 수는 없나요?
2026-05-18 18:41:33,059 [INFO]       [5] 블루링크 | [가입확인서] 가입확인서는 어떻게 발급받나요?
2026-05-18 18:41:33,100 [INFO]       [6] 차량정비 | 리모컨,스마트키 분실 또는 추가로 구입을 원할경우
2026-05-18 18:41:33,173 [INFO]       [7] 블루링크 | [해지] 블루링크를 해지하려면 어떻게 해야 하나요?
2026-05-18 18:41:33,216 [INFO]       [8] 블루링크 | [원격제어] 블루링크 어플리케이션 인증 비밀번호 변경은 어떻게 하나요?
2026-05-18 18:41:33,269 [INFO]       [9] 블루링크 | [원격제어] 다른 가족의 스마트폰에서도 블루링크 어플리케이션 사용이 가능한가요?
2026-05-18 18:41:33,319 [INFO]       [10] 블루링크 | [안전보안] 현대 긴급 출동봉사반에서 와서 시동을 걸어주는 경우 추가 비용이 드나...
2026-05-18 18:41:33,320 [INFO]   ── 이 페이지 10건 수집 (누적: 10건)
2026-05-18 18:41:35,458 [INFO]   ── 페이지 2
2026-05-18 18:41:35,499 [INFO]     dl 수: 10
2026-05-18 18:41:35,551 [INFO]       [1] 차량정비 | 신차 출고 후 이전처럼 꼭 처음에 엔진오일 교환해야되는건가요? (최초 엔진오일 교...
2026-05-18 18:41:35,623 [INFO]       [2] 블루링크 | [요금] 블루링크 이용 요금은 얼마인가요?
2026-05-18 18:41:35,682 [INFO]       [3] 차량구매 | 장애인 조건으로 차량구입시 혜택을 알고 싶습니다.
2026-05-18 18:41:35,741 [INFO]       [4] 블루링크 | [단말기] 블루링크 전화번호(차량 전화번호)는 어디서 확인하나요?
2026-05-18 18:41:35,800 [INFO]       [5] 차량정비 | 차종별 보증기간 문의
2026-05-18 18:41:35,853 [INFO]       [6] 차량정비 | 인텔리전트 내비게이션 업데이트 하려고 하는데요. 방법이 어떻게 되나요?
2026-05-18 18:41:35,884 [INFO]       [7] 차량구매 | 현대자동차에서 중고차를 구입할 수 있나요?
2026-05-18 18:41:35,937 [INFO]       [8] 차량구매 | 포인트는 유효기간이 있나요?
2026-05-18 18:41:35,983 [INFO]       [9] 모젠서비스 | 보증 수리기간이 어떻게 되나요?
2026-05-18 18:41:36,036 [INFO]       [10] 블루링크 | [가입] 블루링크가 장착된 차량을 중고로 구매하였습니다. 블루링크 가입이 가능한가...
2026-05-18 18:41:36,038 [INFO]   ── 이 페이지 10건 수집 (누적: 20건)
2026-05-18 18:41:38,132 [INFO]   ── 페이지 3
2026-05-18 18:41:38,170 [INFO]     dl 수: 10
2026-05-18 18:41:38,220 [INFO]       [1] 모젠서비스 | 모젠 요금제는 어떤 종류가 있나요?
2026-05-18 18:41:38,271 [INFO]       [2] 차량정비 | 스마트키 차량인데요. 중립 주차를 하려는데 N단에서 시동을 꺼도 꺼지지가 않는데 ...
2026-05-18 18:41:38,308 [INFO]       [3] 차량정비 | 블루투스 등록 방법
2026-05-18 18:41:38,368 [INFO]       [4] 블루링크 | [변경] 서비스 이용 중 가입 정보 변경이 필요할 때는 어떻게 하나요?
2026-05-18 18:41:38,421 [INFO]       [5] 차량구매 | 세이브오토 이용에 관해 알고 싶습니다.
2026-05-18 18:41:38,463 [INFO]       [6] 블루링크 | [해지] 블루링크를 이용하다가 차량을 매각하거나 타인에게 양도한 경우에는 어떻게 ...
2026-05-18 18:41:38,516 [INFO]       [7] 차량구매 | 차량구입시 신용카드는 얼마까지 이용할 수 있나요?
2026-05-18 18:41:38,576 [INFO]       [8] 차량구매 | 차량구입시 장착되는 타이어는 선택이 가능한가요?
2026-05-18 18:41:38,635 [INFO]       [9] 차량구매 | 차량 대금을 신용카드로 결제하려고 합니다. 계약자 이외의 다른 사람의 카드로 결제...
2026-05-18 18:41:38,687 [INFO]       [10] 차량구매 | 차량계약 후 예상납기일에 대해 알 수 있나요?
2026-05-18 18:41:38,688 [INFO]   ── 이 페이지 10건 수집 (누적: 30건)
2026-05-18 18:41:40,812 [INFO]   ── 페이지 4
2026-05-18 18:41:40,849 [INFO]     dl 수: 10
2026-05-18 18:41:40,897 [INFO]       [1] 차량정비 | 리모컨을 분실해서 일반 키로 도어를 열었더니 경보음이 울리면서 시동이 안걸려요.
2026-05-18 18:41:40,926 [INFO]       [2] 차량정비 | 자동차에서 소음이 생기는 경우, 리콜을 받을 수 있나요?
2026-05-18 18:41:40,973 [INFO]       [3] 차량정비 | 자동변속기 차량의 HOLD, O/D OFF 버튼은 어떤 때 써야 합니까?
2026-05-18 18:41:41,007 [INFO]       [4] 모젠서비스 | 지금 타고 있는 차량에 모젠 단말기 장착이 가능한가요?
2026-05-18 18:41:41,084 [INFO]       [5] 모젠서비스 | 모젠이 무슨 뜻인가요?
2026-05-18 18:41:41,127 [INFO]       [6] 모젠서비스 | 주행 중에는 단말기 조작이 안되나요?
2026-05-18 18:41:41,162 [INFO]       [7] 블루링크 | [오류] 블루링크에 오류가 있을 때에는 어떻게 하나요?
2026-05-18 18:41:41,200 [INFO]       [8] 블루링크 | [오류] 원격 공조 제어 서비스를 사용했는데 계속 비상등이 켜져 깜박입니다.
2026-05-18 18:41:41,251 [INFO]       [9] 차량구매 | 차량대금을 신용카드로 결제할 경우 소득공제가 가능한가요?
2026-05-18 18:41:41,299 [INFO]       [10] 차량구매 | 할부를 이용하여 차량을 구입하고자 합니다.구비해야할 서류는 어떤것이 있나요?
2026-05-18 18:41:41,300 [INFO]   ── 이 페이지 10건 수집 (누적: 40건)
2026-05-18 18:41:43,368 [INFO]   ── 페이지 5
2026-05-18 18:41:43,404 [INFO]     dl 수: 10
2026-05-18 18:41:43,467 [INFO]       [1] 차량정비 | 주행중 갑자기 시동이 꺼지는 현상이 발생합니다. 어디에 문제가 있는 것일까요?
2026-05-18 18:41:43,547 [INFO]       [2] 차량구매 | 차량구입시 신용카드는 복수의 카드로 결제가 가능한가요?
2026-05-18 18:41:43,590 [INFO]       [3] 차량구매 | 차량계약 후 해지 시 계약금은 환불 받을수 있습니까?
2026-05-18 18:41:43,623 [INFO]       [4] 블루링크 | [해지] 리스차량으로 블루링크를 이용하다가 차량을 반납할 때는 어떻게 해야하나요?
2026-05-18 18:41:43,681 [INFO]       [5] 차량구매 | 본인 이외의 가족이 보유한 포인트를 사용할 수 있나요?
2026-05-18 18:41:43,737 [INFO]       [6] 모젠서비스 | 모젠 서비스를 해지 후 단말기 사용은 전혀 불가능 한가요? 해지해도 사용할 수 있...
2026-05-18 18:41:43,788 [INFO]       [7] 차량구매 | 현대자동차 차량을 구입하려면 어떻게 해야하나요?
2026-05-18 18:41:43,824 [INFO]       [8] 모젠서비스 | 모젠 서비스에 가입하려면 어떻게 해야 하나요?
2026-05-18 18:41:43,895 [INFO]       [9] 차량정비 | 주행중 갑자기 엔진 출력이 떨어지면서 노킹 현상이 나타납니다. 왜 그런가요?
2026-05-18 18:41:43,940 [INFO]       [10] 모젠서비스 | 모젠 센터의 운영 시간은 어떻게 되나요?
2026-05-18 18:41:43,940 [INFO]   ── 이 페이지 10건 수집 (누적: 50건)
2026-05-18 18:41:46,054 [INFO]   ── 페이지 6
2026-05-18 18:41:46,090 [INFO]     dl 수: 10
2026-05-18 18:41:46,142 [INFO]       [1] 모젠서비스 | 자동차 키를 차 안에 두고 내렸습니다. 차 문을 모젠이 열어줄 수 있나요?
2026-05-18 18:41:46,207 [INFO]       [2] 차량정비 | 겨울철 창문에 생기는 김서림, 신속히 제거하는 방법이 없을까요?
2026-05-18 18:41:46,259 [INFO]       [3] 차량정비 | 계기판에 흰색으로 ECO라는 문구가 떠요.
2026-05-18 18:41:46,305 [INFO]       [4] 모젠서비스 | 인증 비밀번호 변경은 어떻게 하나요?
2026-05-18 18:41:46,347 [INFO]       [5] 차량정비 | 메인키 2개중 1개를 분실해서 추가로 구입하면 기존에 있는 키와 같이 바로 사용 ...
2026-05-18 18:41:46,400 [INFO]       [6] 홈페이지 | 제품 카달로그나 설명서의 내용을 사용해도 되는지 궁금합니다.
2026-05-18 18:41:46,452 [INFO]       [7] 차량정비 | 오랜만에 에어컨을 켰는데, 냄새가 납니다. 어떻게 청소하면 좋을까요?
2026-05-18 18:41:46,511 [INFO]       [8] 모젠서비스 | 가입, 변경,해지 처리는 전화로 가능한가요?
2026-05-18 18:41:46,559 [INFO]       [9] 블루링크 | [오류] GPS 수신이 안됩니다.
2026-05-18 18:41:46,620 [INFO]       [10] 차량구매 | 차량 계약금 및 차량대금을 입금하려고 하는데 입금계좌가 정해져 있나요?
2026-05-18 18:41:46,622 [INFO]   ── 이 페이지 10건 수집 (누적: 60건)
2026-05-18 18:41:48,715 [INFO]   ── 페이지 7
2026-05-18 18:41:48,741 [INFO]     dl 수: 10
2026-05-18 18:41:48,790 [INFO]       [1] 블루링크 | [안전보안] 도난 추적 서비스 요청을 했는데, 추적이 불가능한 경우가 있나요?
2026-05-18 18:41:48,824 [INFO]       [2] 블루링크 | [미납] 요금 미납을 했을 경우 가산금은 몇%인가요?
2026-05-18 18:41:48,904 [INFO]       [3] 차량정비 | 연료부족경고등 점등 후 몇 키로 운행 가능한지요.
2026-05-18 18:41:48,954 [INFO]       [4] 차량구매 | 장애인차량 구입조건에 대해 알고 싶습니다.
2026-05-18 18:41:49,003 [INFO]       [5] 모젠서비스 | 가족 사진으로 배경화면 설정을 할 수 있나요?
2026-05-18 18:41:49,057 [INFO]       [6] 차량구매 | 장애인 조건으로 구입할 수 있는 LPG 차량은 어떤것이 있나요?
2026-05-18 18:41:49,106 [INFO]       [7] 차량구매 | 세이브오토 및 M포인트 차감을 통해 차량가격을 할인받았습니다. 그런데 세금계산서상...
2026-05-18 18:41:49,168 [INFO]       [8] 모젠서비스 | 사용도중 단말기가 갑자기 중지되거나, 버튼을 입력해도 말을 듣지 않습니다.
2026-05-18 18:41:49,230 [INFO]       [9] 차량정비 | 타이밍벨트 체인 적용 여부 문의
2026-05-18 18:41:49,286 [INFO]       [10] 차량구매 | 부가세 환급을 받을 수 있는 차종 및 조건은 무엇인가요?
2026-05-18 18:41:49,286 [INFO]   ── 이 페이지 10건 수집 (누적: 70건)
2026-05-18 18:41:51,403 [INFO]   ── 페이지 8
2026-05-18 18:41:51,433 [INFO]     dl 수: 10
2026-05-18 18:41:51,501 [INFO]       [1] 블루링크 | [AS] 보증 수리기간이 어떻게 되나요?
2026-05-18 18:41:51,555 [INFO]       [2] 차량정비 | USB로 동영상 재생이 가능한가요?
2026-05-18 18:41:51,596 [INFO]       [3] 차량정비 | 모젠 서비스란?
2026-05-18 18:41:51,623 [INFO]       [4] 블루링크 | [안전보안] 자동차전용도로(올림픽도로, 강변북로 등)에서 휘발유가 떨어진 경우에도...
2026-05-18 18:41:51,664 [INFO]       [5] 정비예약 | 인터넷으로 정비예약은 어떻게 하는건가요?
2026-05-18 18:41:51,717 [INFO]       [6] 블루링크 | [차량관리] 월간 리포트 수신 정보 등록은 어떻게 하나요?
2026-05-18 18:41:51,772 [INFO]       [7] 블루링크 | [오류] 주행 중에 시스템 조작이 안됩니다.
2026-05-18 18:41:51,834 [INFO]       [8] 차량구매 | 장애인 가족이 사망했을 경우 장애인용 LPG 차량은 어떻게 해야하나요?
2026-05-18 18:41:51,885 [INFO]       [9] 모젠서비스 | 단말기 모델 및 일련번호는 어디서 확인하나요?
2026-05-18 18:41:51,940 [INFO]       [10] 모젠서비스 | 텔레매틱스가 무엇 인가요?
2026-05-18 18:41:51,940 [INFO]   ── 이 페이지 10건 수집 (누적: 80건)
2026-05-18 18:41:54,028 [INFO]   ── 페이지 9
2026-05-18 18:41:54,063 [INFO]     dl 수: 10
2026-05-18 18:41:54,120 [INFO]       [1] 차량정비 | 여름철마다 냉매를 교환해야 하나요?
2026-05-18 18:41:54,185 [INFO]       [2] 차량정비 | 제 차량의 연료탱크 용량 70리터인데 주유를 하면 77리터 정도가 더 들어가요. ...
2026-05-18 18:41:54,232 [INFO]       [3] 차량정비 | 차량별 와이퍼 사이즈,핸들사이즈,전구 규격 사이즈 문의
2026-05-18 18:41:54,276 [INFO]       [4] 홈페이지 | 로그인 시 비밀번호가 맞지 않다고 합니다.
2026-05-18 18:41:54,310 [INFO]       [5] 모젠서비스 | 주차장에 차를 어디에 세워두었는지 도저히 찾을 수가 없습니다. 내 차의 주차 위치...
2026-05-18 18:41:54,353 [INFO]       [6] 차량구매 | 차량 구입시 견적에 포함되는 공채매입과 할인의 차이는 무엇인가요?
2026-05-18 18:41:54,383 [INFO]       [7] 차량구매 | 차량구입시 의무보험료란 금액을 납부하였습니다. 이것은 어떤 종류의 보험인가요?
2026-05-18 18:41:54,424 [INFO]       [8] 차량정비 | 부품 재 보증기간 문의
2026-05-18 18:41:54,467 [INFO]       [9] 모젠서비스 | 현재 쓰고 있는 핸드폰 번호를 단말기 전화번호와 동일한 번호로 사용할 수 있나요?
2026-05-18 18:41:54,516 [INFO]       [10] 모젠서비스 | 요금제 변경은 어떻게 하나요?
2026-05-18 18:41:54,516 [INFO]   ── 이 페이지 10건 수집 (누적: 90건)
2026-05-18 18:41:56,594 [INFO]   ── 페이지 10
2026-05-18 18:41:56,633 [INFO]     dl 수: 10
2026-05-18 18:41:56,691 [INFO]       [1] 차량구매 | 고엽제 후유증 환자의 면세조건에 대해 알고 싶어요
2026-05-18 18:41:56,768 [INFO]       [2] 모젠서비스 | SOS 서비스로 긴급출동을 요청했을 경우 제공받을수 있는 서비스는 어떤것이 있나요...
2026-05-18 18:41:56,827 [INFO]       [3] 차량정비 | 주행중에 DMB시청이 안되는데요.
2026-05-18 18:41:56,893 [INFO]       [4] 블루링크 | [안전보안] 긴급 견인 출동 요원이 견인을 하면서 특수 장비가 필요한 경우 추가 ...
2026-05-18 18:41:56,952 [INFO]       [5] 차량정비 | 계기판에 수도꼭지 모양(엔진체크경고등)의 경고등이 떠요.
2026-05-18 18:41:57,005 [INFO]       [6] 차량구매 | 일정기간 이상 지난 차량은 자동차세가 경감된다고 하는데 그 내용을 알고 싶습니다.
2026-05-18 18:41:57,060 [INFO]       [7] 차량정비 | 운전대를 바로 잡아도 차가 한쪽으로 쏠리고, 유턴할 때도 운전대 복원이 잘 안됩니...
2026-05-18 18:41:57,105 [INFO]       [8] 차량구매 | 중고차량 구입 시 잔여 할부금액은 어떻게 확인할수 있나요?
2026-05-18 18:41:57,161 [INFO]       [9] 홈페이지 | 회원탈퇴 및 재가입을 원할때는 어떻게 해야 하나요?
2026-05-18 18:41:57,207 [INFO]       [10] 차량구매 | 현재 장애인조건의 차량을 보유하고 있습니다. 장애인조건 차량의 추가구입이 가능하나...
2026-05-18 18:41:57,207 [INFO]   ── 이 페이지 10건 수집 (누적: 100건)
2026-05-18 18:41:59,321 [INFO]   ── 페이지 11
2026-05-18 18:41:59,357 [INFO]     dl 수: 10
2026-05-18 18:41:59,423 [INFO]       [1] 홈페이지 | 비밀번호 및 개인정보를 변경하고 싶을때는 어떻게 해야 하나요?
2026-05-18 18:41:59,490 [INFO]       [2] 모젠서비스 | 현대 긴급 출동봉사반에서 와서 시동을 걸어주었는데, 돈을 내라고 합니다.
2026-05-18 18:41:59,559 [INFO]       [3] 모젠서비스 | 가까운 길을 두고 돌아가는 길로 안내하는 경우가 종종 있는데, 이유가 뭔가요?
2026-05-18 18:41:59,606 [INFO]       [4] 모젠서비스 | 차안에서 음악을 듣는 데, 자꾸 길안내 방송이 나와서 신경을 쓰이게 합니다.
2026-05-18 18:41:59,666 [INFO]       [5] 모젠서비스 | 위험지역 DATA 업데이트는 어떻게 하나요?
2026-05-18 18:41:59,719 [INFO]       [6] 홈페이지 | 현대닷컴 로그인 계정을 변경하고 싶습니다.
2026-05-18 18:41:59,778 [INFO]       [7] 모젠서비스 | 지상파DMB 시청이 가능한 모젠 단말기의 수신지역은 어떻게 되나요?
2026-05-18 18:41:59,833 [INFO]       [8] 차량정비 | 하이패스 단말기 변경 등록을 하려면 필요한 서류가 있나요?
2026-05-18 18:41:59,897 [INFO]       [9] 홈페이지 | 로그인 시 다른 계정으로 로그인하라고 나옵니다.
2026-05-18 18:41:59,958 [INFO]       [10] 차량정비 | 여름철에 세차시 헤드램프에 습기가 차요!
2026-05-18 18:41:59,958 [INFO]   ── 이 페이지 10건 수집 (누적: 110건)
2026-05-18 18:42:02,067 [INFO]   ── 페이지 12
2026-05-18 18:42:02,101 [INFO]     dl 수: 10
2026-05-18 18:42:02,167 [INFO]       [1] 모젠서비스 | 현재 내 차의 위치를 정확하게 친구에게 알려줄 수도 있나요?
2026-05-18 18:42:02,232 [INFO]       [2] 모젠서비스 | GPS 수신이 안됩니다. 어떻게 하나요?
2026-05-18 18:42:02,289 [INFO]       [3] 차량정비 | 요철도로를 저속으로 주행시 하체 뒤쪽 위에서
2026-05-18 18:42:02,358 [INFO]       [4] 모젠서비스 | 집에 가려고 ‘양재동 366-3번지’라고 말하니까 인식이 안됩니다.
2026-05-18 18:42:02,415 [INFO]       [5] 차량구매 | 세금계산서 발급받으려고 하는데 어떻게 해야하나요?
2026-05-18 18:42:02,451 [INFO]       [6] 차량정비 | 정비관련 업체구분은 어떻게 하나요?
2026-05-18 18:42:02,500 [INFO]       [7] 차량정비 | 미국에서 차량을 구입 후 한국으로 반입시 보증기간 적용은 어떻게 되나요?
2026-05-18 18:42:02,567 [INFO]       [8] 모젠서비스 | 모젠 서비스에 오류가 있을 때에는 어떻게 하나요?
2026-05-18 18:42:02,621 [INFO]       [9] 차량정비 | 시동을 걸려고 하니 키가 안돌아 가고 핸들도 움직이지 않아요.
2026-05-18 18:42:02,676 [INFO]       [10] 모젠서비스 | 원격진단 서비스는 어떻게 제공되나요?
2026-05-18 18:42:02,677 [INFO]   ── 이 페이지 10건 수집 (누적: 120건)
2026-05-18 18:42:04,786 [INFO]   ── 페이지 13
2026-05-18 18:42:04,919 [INFO]     dl 수: 10
2026-05-18 18:42:04,952 [INFO]       [1] 모젠서비스 | 서비스를 해지하려면 어떻게 해야 하나요?
2026-05-18 18:42:05,000 [INFO]       [2] 홈페이지 | 휴대폰 인증 SMS가 오지 않습니다.
2026-05-18 18:42:05,038 [INFO]       [3] 홈페이지 | 회원가입을 해야만 현대닷컴을 이용할 수 있나요?
2026-05-18 18:42:05,079 [INFO]       [4] 차량정비 | 주행중 요철 부위를 넘어갈때 앞쪽 하체에서
2026-05-18 18:42:05,133 [INFO]       [5] 모젠서비스 | 모젠단말기의 전화번호는 변경이 가능한가요?
2026-05-18 18:42:05,190 [INFO]       [6] 모젠서비스 | 음성 인식이 계속 안됩니다.
2026-05-18 18:42:05,241 [INFO]       [7] 모젠서비스 | 상담원을 통해서 받을 수 있는 서비스는 무엇인가요?
2026-05-18 18:42:05,300 [INFO]       [8] 차량구매 | 차량에 부과되는 세금은 어떤 종류가 있나요?
2026-05-18 18:42:05,357 [INFO]       [9] 모젠서비스 | 자동차를 인수 받는 즉시 바로 모젠 서비스를 이용할 수 있나요?
2026-05-18 18:42:05,414 [INFO]       [10] 모젠서비스 | 단말기로 전화가 왔을때 전화를 받고 싶지 않다면 어떻게 해야하나요?
2026-05-18 18:42:05,414 [INFO]   ── 이 페이지 10건 수집 (누적: 130건)
2026-05-18 18:42:07,509 [INFO]   ── 페이지 14
2026-05-18 18:42:07,547 [INFO]     dl 수: 10
2026-05-18 18:42:07,605 [INFO]       [1] 모젠서비스 | 길안내를 받으면서 전화통화를 할 수 있나요?
2026-05-18 18:42:07,650 [INFO]       [2] 모젠서비스 | 혹시 길안내 서비스를 받으면, 길안내를 하는 동안 계속해서 이용 요금이 발생하는 ...
2026-05-18 18:42:07,709 [INFO]       [3] 모젠서비스 | 도난 경보 알림 서비스는 어떻게 제공되나요?
2026-05-18 18:42:07,751 [INFO]       [4] 모젠서비스 | 연료절약 길안내가 뭔가요?
2026-05-18 18:42:07,821 [INFO]       [5] 차량정비 | 시큐리티 램프 (시동 OFF 후 전면유리쪽에서 자꾸 깜빡 거려요~ )
2026-05-18 18:42:07,876 [INFO]       [6] 모젠서비스 | 월 중에 요금제를 변경하면 요금이 어떻게 청구되나요?
2026-05-18 18:42:07,931 [INFO]       [7] 모젠서비스 | 현대자동차에서 판매하는 모든 차종에 모젠 단말기 장착이 가능한가요?
2026-05-18 18:42:07,985 [INFO]       [8] 모젠서비스 | 모젠 음성인식서비스에는 어떤 것들이 있나요?(이용방법,부가요금)
2026-05-18 18:42:08,038 [INFO]       [9] 차량정비 | 겨울철 경유차량 관리요령이 별도로 있나요?
2026-05-18 18:42:08,097 [INFO]       [10] 차량정비 | 냉매량이 부족한지 에어컨 냉방성능이 떨어진 것 같습니다. 어떻게 하면 좋을까요?
2026-05-18 18:42:08,097 [INFO]   ── 이 페이지 10건 수집 (누적: 140건)
2026-05-18 18:42:10,210 [INFO]   ── 페이지 15
2026-05-18 18:42:10,241 [INFO]     dl 수: 10
2026-05-18 18:42:10,288 [INFO]       [1] 모젠서비스 | 에어백이 터지면 어떤 서비스가 제공되나요?
2026-05-18 18:42:10,346 [INFO]       [2] 모젠서비스 | 길안내 서비스를 받아서 목적지까지 갔는 데, 사고로 막혀서 오래 걸렸습니다.
2026-05-18 18:42:10,410 [INFO]       [3] 모젠서비스 | 자동차전용도로(올림픽도로, 강변북로 등)에서 휘발유가 떨어졌는데 긴급주유서비스는 ...
2026-05-18 18:42:10,471 [INFO]       [4] 차량구매 | 근저당 설정이 되어 있습니다. 어떻게 해야하나요?
2026-05-18 18:42:10,550 [INFO]       [5] 모젠서비스 | 차량을 잃어버려 급하게 연락했는데, 본인확인 절차가 까다롭고 시간을 낭비하는 등 ...
2026-05-18 18:42:10,607 [INFO]       [6] 차량구매 | 광주민주화운동 부상자 면세조건에 대해 알고 싶습니다.
2026-05-18 18:42:10,667 [INFO]       [7] 차량정비 | 부품을 추가 장착하거나 개조한 차량은 성능이나 안전에는 문제가 없나요?
2026-05-18 18:42:10,717 [INFO]       [8] 차량정비 | 예전에 소유했던 차는 헤드램프에 습기가 안차는데 올해 구입한 차량은 습기가 찹니다...
2026-05-18 18:42:10,783 [INFO]       [9] 차량정비 | 빗길을 운행 후 헤드램프에 습기가 차요!
2026-05-18 18:42:10,817 [INFO]       [10] 모젠서비스 | 차량을 타인에게 양도할 때는 어떻게 해야 하나요?
2026-05-18 18:42:10,817 [INFO]   ── 이 페이지 10건 수집 (누적: 150건)
2026-05-18 18:42:12,917 [INFO]   ── 페이지 16
2026-05-18 18:42:12,951 [INFO]     dl 수: 10
2026-05-18 18:42:13,018 [INFO]       [1] 차량구매 | 해외에서 당사 차량을 구입,운행후 국내로 반입할 경우 필요한 서류가 어떻게 되나요...
2026-05-18 18:42:13,143 [INFO]       [2] 모젠서비스 | 등록한 배경화면은 어떻게 볼 수 있나요?
2026-05-18 18:42:13,181 [INFO]       [3] 모젠서비스 | 도난 추적 서비스 요청은 어떻게 해야 하나요?
2026-05-18 18:42:13,237 [INFO]       [4] 차량정비 | 섭씨<->화씨 변경 방법
2026-05-18 18:42:13,296 [INFO]       [5] 차량정비 | 길이 미끄러워서 바퀴에 체인을 사용하려고 하는데요 어디에 감아야 하나요?
2026-05-18 18:42:13,356 [INFO]       [6] 차량정비 | 에어백을 장착하는 것이 오히려 사고시 위험하다는 이야기가 있던데, 정말인가요?
2026-05-18 18:42:13,391 [INFO]       [7] 차량정비 | 에어백은 언제 터지나요? 에어백의 작동 조건을 알고 싶습니다.
2026-05-18 18:42:13,435 [INFO]       [8] 차량정비 | 탬퍼러리 타이어(임시타이어)를 적용하는 이유가 뭔가요?
2026-05-18 18:42:13,489 [INFO]       [9] 차량정비 | 수동변속기 차량을 운행하고 있습니다. 기어가 잘 들어가지 않는 현상이 발생하는데 ...
2026-05-18 18:42:13,542 [INFO]       [10] 홈페이지 | 현대자동차 저작물 사용에 대해서 자세한 내용을 알려주십시오..
2026-05-18 18:42:13,544 [INFO]   ── 이 페이지 10건 수집 (누적: 160건)
2026-05-18 18:42:15,668 [INFO]   ── 페이지 17
2026-05-18 18:42:15,701 [INFO]     dl 수: 10
2026-05-18 18:42:15,768 [INFO]       [1] 특허관련 | 특허 제안 하는 방법 안내
2026-05-18 18:42:15,826 [INFO]       [2] 모젠서비스 | 소모품 관리 서비스도 모젠 서비스에 가입해야만 이용이 가능한가요?
2026-05-18 18:42:15,886 [INFO]       [3] 모젠서비스 | 음성통화료와 데이터 요금은 무엇인가요?
2026-05-18 18:42:15,940 [INFO]       [4] 모젠서비스 | 자동차를 바꿀 경우에는 어떻게 해야하나요?
2026-05-18 18:42:15,995 [INFO]       [5] 모젠서비스 | 예상 도착시각이 안 맞습니다.
2026-05-18 18:42:16,035 [INFO]       [6] 모젠서비스 | 연료절약 길안내를 이용하면 어떤 효과가 있나요?
2026-05-18 18:42:16,090 [INFO]       [7] 모젠서비스 | 모젠 서비스 해지 시 필요한 서류는 무엇인가요?
2026-05-18 18:42:16,134 [INFO]       [8] 모젠서비스 | 원격진단 서비스는 모젠 서비스에 가입하지 않아도 이용할 수 있나요?
2026-05-18 18:42:16,199 [INFO]       [9] 모젠서비스 | 단말기는 어디에서 판매 하나요?
2026-05-18 18:42:16,254 [INFO]       [10] 홈페이지 | 현대자동차 홈페이지에 있는 저작물 사용시 어떤 제한을 받습니까?
2026-05-18 18:42:16,254 [INFO]   ── 이 페이지 10건 수집 (누적: 170건)
2026-05-18 18:42:18,373 [INFO]   ── 페이지 18
2026-05-18 18:42:18,402 [INFO]     dl 수: 10
2026-05-18 18:42:18,470 [INFO]       [1] 모젠서비스 | 단말기의 벨소리를 다운로드 받을 수 있나요?
2026-05-18 18:42:18,534 [INFO]       [2] 모젠서비스 | 단말기만 별도로 충전을 해줘야 하나요?
2026-05-18 18:42:18,585 [INFO]       [3] 모젠서비스 | 도난 추적 서비스 요청을 했는데, 차량회수가 안된다고 합니다.
2026-05-18 18:42:18,646 [INFO]       [4] 모젠서비스 | 요금 미납을 했을 경우 가산금은 몇%인가요?
2026-05-18 18:42:18,701 [INFO]       [5] 모젠서비스 | 혼잡통행료 징수시간에 (남산 1,3호터널)로 자꾸 안내하는 데 우회도로로는 안내가...
2026-05-18 18:42:18,763 [INFO]       [6] 모젠서비스 | 전국의 교통정보를 다 조회해 볼 수 있나요?
2026-05-18 18:42:18,818 [INFO]       [7] 모젠서비스 | 출동 요원이 견인을 하면서 특수 장비가 필요하다며 추가요금을 부담하라고 합니다.
2026-05-18 18:42:18,879 [INFO]       [8] 모젠서비스 | 각종 변경 사항이나 문의는 어떻게 해야 하나요?
2026-05-18 18:42:18,938 [INFO]       [9] 모젠서비스 | 위험지역알림 DATA의 업데이트 주기는 어떻게 되나요?
2026-05-18 18:42:18,993 [INFO]       [10] 모젠서비스 | 유무선 연동 서비스와 동기화가 무엇인가요?
2026-05-18 18:42:18,994 [INFO]   ── 이 페이지 10건 수집 (누적: 180건)
2026-05-18 18:42:21,101 [INFO]   ── 페이지 19
2026-05-18 18:42:21,142 [INFO]     dl 수: 10
2026-05-18 18:42:21,201 [INFO]       [1] 모젠서비스 | ACC ON시에 바로 화면이 표시되지 않습니다.
2026-05-18 18:42:21,252 [INFO]       [2] 모젠서비스 | 도난 신고접수는 언제든지 가능한가요?
2026-05-18 18:42:21,315 [INFO]       [3] 모젠서비스 | 무선인터넷으로 다른 인터넷 사이트에 접속할 수 있나요?
2026-05-18 18:42:21,379 [INFO]       [4] 모젠서비스 | 상담원이 상세한 교통정보를 제공해 주지 못합니다.
2026-05-18 18:42:21,436 [INFO]       [5] 모젠서비스 | 위험지역 알림 서비스를 받기 위해서는 별도의 이용료가 있나요?
2026-05-18 18:42:21,485 [INFO]       [6] 모젠서비스 | 이동통신 대리점에서도 서비스 가입을 할 수 있나요?
2026-05-18 18:42:21,548 [INFO]       [7] 모젠서비스 | 서비스 개통시 반드시 정해진 이동통신 사업자번호를 받아야만 하나요? 다른 사업자번...
2026-05-18 18:42:21,606 [INFO]       [8] 모젠서비스 | 목적지의 명칭오류,누락,수정건이 있는 경우에 수정이 가능한가요?
2026-05-18 18:42:21,660 [INFO]       [9] 홈페이지 | "예상하지 못한 오류가 발생했습니다." 메시지가 표시됩니다.
2026-05-18 18:42:21,718 [INFO]       [10] 현대 디지털 키 | 출고 이후 카드키만 따로 구매 가능 한가요? 구매 어디서 해야하며, 이후 등록 절...
2026-05-18 18:42:21,718 [INFO]   ── 이 페이지 10건 수집 (누적: 190건)
2026-05-18 18:42:23,848 [INFO]   ── 페이지 20
2026-05-18 18:42:23,890 [INFO]     dl 수: 10
2026-05-18 18:42:23,950 [INFO]       [1] 차량구매 | 보유중인 자동차를 팔고 싶은데, 어떻게 하면 좋을까요?
2026-05-18 18:42:24,010 [INFO]       [2] 현대 디지털 키 | NFC 카드키 등록은 어떻게 하나요?
2026-05-18 18:42:24,067 [INFO]       [3] 현대 디지털 키 | 차량 등록 확인 시 업무 시간이 아니라는 메시지 팝업이 뜹니다.
2026-05-18 18:42:24,124 [INFO]       [4] 현대 디지털 키 | 안드로이드 OS 버전, 블루투스 버전 확인 방법은 어떻게 되나요?
2026-05-18 18:42:24,169 [INFO]       [5] 현대 디지털 키 | 법인 구매 고객은 주사용자 등록을 어떻게 하나요?
2026-05-18 18:42:24,235 [INFO]       [6] 현대 디지털 키 | 아이폰에 있는 유심 뽑아서 안드로이드 공기계에 넣어서 등록 가능한가요?
2026-05-18 18:42:24,289 [INFO]       [7] 현대 디지털 키 | 미지원 기종은 아예 앱스토어 '현대 디지털 키' 어플 검색 불가한가요?
2026-05-18 18:42:24,348 [INFO]       [8] 현대 디지털 키 | 개인화 설정 방법은?
2026-05-18 18:42:24,410 [INFO]       [9] 현대 디지털 키 | 어플 삭제 후 재 설치 시 차량 정보 조회 오류가 발생합니다.
2026-05-18 18:42:24,471 [INFO]       [10] 현대 디지털 키 | 핀번호 잊은 경우에는 어떻게 하나요?
2026-05-18 18:42:24,471 [INFO]   ── 이 페이지 10건 수집 (누적: 200건)
2026-05-18 18:42:26,589 [INFO]   ── 페이지 21
2026-05-18 18:42:26,627 [INFO]     dl 수: 3
2026-05-18 18:42:26,714 [INFO]       [1] 현대 디지털 키 | 홈페이지 지원기종 탭에 없지만 최신 기종 이라면 언제 업데이트 예정인가요?
2026-05-18 18:42:26,752 [INFO]       [2] 현대 디지털 키 | 데이터가 없거나 수신이 안되는 지역에서도 사용이 가능한가요?
2026-05-18 18:42:26,818 [INFO]       [3] 현대 디지털 키 | LG 핸드폰은 GPS ON 해야 디지털키 사용이 가능한가요?
2026-05-18 18:42:26,830 [INFO]   ── 이 페이지 3건 수집 (누적: 203건)
2026-05-18 18:42:26,835 [INFO]   마지막 페이지 → 크롤링 종료
2026-05-18 18:42:26,835 [INFO] 
두 번째 URL 크롤링 완료 — 총 203건 수집
2026-05-18 18:42:29,049 [INFO] DB 저장 완료: 61건 삽입 / 142건 중복 스킵
2026-05-18 18:42:29,049 [INFO] 현대 크롤링 완료!
2026-05-18 18:42:29,049 [INFO] [현대자동차] 완료
2026-05-18 18:42:29,049 [INFO] 
============================================================
2026-05-18 18:42:29,049 [INFO] [기아자동차] 크롤링 시작
2026-05-18 18:42:29,049 [INFO] ============================================================
2026-05-18 18:44:59,778 [INFO] [기아자동차] 완료
2026-05-18 18:44:59,778 [INFO] 
============================================================
2026-05-18 18:44:59,778 [INFO] [제네시스] 크롤링 시작
2026-05-18 18:44:59,778 [INFO] ============================================================
2026-05-18 18:45:20,669 [INFO] [제네시스] 완료
2026-05-18 18:45:20,669 [INFO] 
============================================================
2026-05-18 18:45:20,669 [INFO] [BMW] 크롤링 시작
2026-05-18 18:45:20,669 [INFO] ============================================================
2026-05-18 19:09:58,121 [INFO] DB `sknmainproject1_db`.company_faq 준비 완료
2026-05-18 19:09:58,122 [INFO] 
============================================================
2026-05-18 19:09:58,123 [INFO] [현대자동차] 크롤링 시작
2026-05-18 19:09:58,123 [INFO] ============================================================
2026-05-18 19:09:58,123 [INFO] 
============================================================
2026-05-18 19:09:58,124 [INFO] === 현대 첫 번째 URL 크롤링 시작 ===
2026-05-18 19:09:58,124 [INFO] ============================================================
2026-05-18 19:09:58,124 [INFO] ====== WebDriver manager ======
2026-05-18 19:09:59,216 [INFO] Get LATEST chromedriver version for google-chrome
2026-05-18 19:09:59,238 [INFO] Get LATEST chromedriver version for google-chrome
2026-05-18 19:09:59,260 [INFO] Driver [C:\Users\playdata2\.wdm\drivers\chromedriver\win64\148.0.7778.167\chromedriver-win32/chromedriver.exe] found in cache
2026-05-18 19:10:00,319 [INFO] 접속: https://www.hyundai.com/kr/ko/e/customer/center/faq
2026-05-18 19:10:09,117 [INFO] 카테고리 탭: 10개 (전체 li: 12개, 서브필터 제외)
2026-05-18 19:10:09,135 [INFO] 
=======================================================
2026-05-18 19:10:09,135 [INFO] 탭 [1/10]: 차량구매
2026-05-18 19:10:12,520 [INFO]   ── 페이지 1
2026-05-18 19:10:12,536 [INFO]     항목 수: 10
2026-05-18 19:10:12,600 [INFO]       [1] 차량구매 | 보유중인 자동차를 팔고 싶은데, 어떻게 하면 좋을까요?
2026-05-18 19:10:13,524 [INFO]       [2] 차량구매 | 폐차 의뢰 및 신청은 어떻게 하나요?
2026-05-18 19:10:14,433 [INFO]       [3] 차량구매 | 차량구입시 신용카드는 얼마까지 이용할 수 있나요?
2026-05-18 19:10:16,695 [INFO]       [4] 차량구매 | 차량구입시 신용카드는 복수의 카드로 결제가 가능한가요?
2026-05-18 19:10:17,600 [INFO]       [5] 차량구매 | 차량에 부과되는 세금은 어떤 종류가 있나요?
2026-05-18 19:10:18,500 [INFO]       [6] 차량구매 | 신차 구매 시 타던 차량을 반납하면 신차 할인 받을 수 있나요?
2026-05-18 19:10:19,395 [INFO]       [7] 차량구매 | 차량구입시 의무보험료란 금액을 납부하였습니다. 이것은 어떤 종류의 보험인가요?
2026-05-18 19:10:21,610 [INFO]       [8] 차량구매 | 현대자동차 차량을 구입하려면 어떻게 해야하나요?
2026-05-18 19:10:22,501 [INFO]       [9] 차량구매 | 차량대금을 신용카드로 결제할 경우 소득공제가 가능한가요?
2026-05-18 19:10:23,433 [INFO]       [10] 차량구매 | 자동차 리스로 차를 구매하고 싶어요
2026-05-18 19:10:23,433 [INFO]   ── 이 페이지 10건 수집 (누적: 10건)
2026-05-18 19:10:25,510 [INFO]   ── 페이지 2
2026-05-18 19:10:25,532 [INFO]     항목 수: 10
2026-05-18 19:10:27,802 [INFO]       [1] 차량구매 | 현대자동차에서 중고차를 구매할 수 있나요?
2026-05-18 19:10:28,700 [INFO]       [2] 차량구매 | 자동차 리스에 대해 알고 싶어요
2026-05-18 19:10:29,584 [INFO]       [3] 차량구매 | 포인트의 유효기간은 어떻게 되나요?
2026-05-18 19:10:30,484 [INFO]       [4] 차량구매 | 세이브오토를 취소하려고 하는데 취소 방법은 어떻게 되나요?
2026-05-18 19:10:31,417 [INFO]       [5] 차량구매 | 장애인 조건으로 차량구입시 혜택을 알고 싶습니다.
2026-05-18 19:10:33,675 [INFO]       [6] 차량구매 | 고엽제 후유증 환자의 면세조건에 대해 알고 싶어요
2026-05-18 19:10:34,567 [INFO]       [7] 차량구매 | 광주민주화운동 부상자 면세조건에 대해 알고 싶습니다.
2026-05-18 19:10:35,461 [INFO]       [8] 차량구매 | 장애인 가족이 사망했을 경우 장애인용 LPG 차량은 어떻게 해야하나요?
2026-05-18 19:10:36,353 [INFO]       [9] 차량구매 | 장애인차량 구입조건에 대해 알고 싶습니다.
2026-05-18 19:10:37,256 [INFO]       [10] 차량구매 | 현재 장애인조건의 차량을 보유하고 있습니다. 장애인조건 차량의 추가구입이 가능하나...
2026-05-18 19:10:37,256 [INFO]   ── 이 페이지 10건 수집 (누적: 20건)
2026-05-18 19:10:39,317 [INFO]   ── 페이지 3
2026-05-18 19:10:39,339 [INFO]     항목 수: 9
2026-05-18 19:10:41,567 [INFO]       [1] 차량구매 | 차량구입에 관련된 금액은 어떠한 결제방식이 있나요?
2026-05-18 19:10:42,467 [INFO]       [2] 차량구매 | 차량 대금을 신용카드로 결제하려고 합니다. 계약자 이외의 다른 사람의 카드로 결제...
2026-05-18 19:10:43,367 [INFO]       [3] 차량구매 | 할부금을 카드로 결제할 수 있나요?
2026-05-18 19:10:44,267 [INFO]       [4] 차량구매 | 차량 구입시 견적에 포함되는 공채매입과 할인의 차이는 무엇인가요?
2026-05-18 19:10:46,518 [INFO]       [5] 차량구매 | 근저당 설정이 되어 있습니다. 어떻게 해야하나요?
2026-05-18 19:10:47,422 [INFO]       [6] 차량구매 | 세금계산서 발급받으려고 하는데 어떻게 해야하나요?
2026-05-18 19:10:48,317 [INFO]       [7] 차량구매 | 차량계약 후 예상납기일에 대해 알 수 있나요?
2026-05-18 19:10:49,217 [INFO]       [8] 차량구매 | 차량계약 후 해지 시 계약금은 환불 받을수 있습니까?
2026-05-18 19:10:50,117 [INFO]       [9] 차량구매 | 차량구입시 장착되는 타이어는 선택이 가능한가요?
2026-05-18 19:10:50,117 [INFO]   ── 이 페이지 9건 수집 (누적: 29건)
2026-05-18 19:10:50,140 [INFO]   마지막 페이지 → 다음 탭으로
2026-05-18 19:10:50,158 [INFO] 
=======================================================
2026-05-18 19:10:50,159 [INFO] 탭 [2/10]: 차량정비
2026-05-18 19:10:53,574 [INFO]   ── 페이지 1
2026-05-18 19:10:53,592 [INFO]     항목 수: 10
2026-05-18 19:10:53,643 [INFO]       [1] 차량정비 | (상용) 수동재생 진행 중, 시동을 꺼도 되나요?
2026-05-18 19:10:54,550 [INFO]       [2] 차량정비 | (상용) 주행 중 갑자기 엔진 출력이 떨어지면서 노킹 현상이 나타납니다. 왜 그런...
2026-05-18 19:10:56,810 [INFO]       [3] 차량정비 | (상용) 주행 중 갑자기 시동이 꺼지는 현상이 발생합니다. 어디에 문제가 있는 것...
2026-05-18 19:10:57,701 [INFO]       [4] 차량정비 | (상용) 유로6차량 DPF의 자동재생은 언제 작동하나요?
2026-05-18 19:10:58,617 [INFO]       [5] 차량정비 | (상용) 자동재생 도중 신호대기 및 차량 주/정차 시 재생은 어떻게 되나요?
2026-05-18 19:10:59,501 [INFO]       [6] 차량정비 | (상용) 자동재생 중 아이들 RPM은 왜 높은가요?
2026-05-18 19:11:00,418 [INFO]       [7] 차량정비 | (상용) 자동재생 도중 차량을 멈추고 시동을 꺼도 되나요?
2026-05-18 19:11:01,334 [INFO]       [8] 차량정비 | (상용) 자동재생 돌입 가능 조건은 어떻게 되나요?
2026-05-18 19:11:02,234 [INFO]       [9] 차량정비 | (상용) 수동재생은 언제 하나요?
2026-05-18 19:11:03,151 [INFO]       [10] 차량정비 | (상용) 수동재생 시, 주의해야 할 사항은 무엇인가요?
2026-05-18 19:11:03,151 [INFO]   ── 이 페이지 10건 수집 (누적: 39건)
2026-05-18 19:11:05,218 [INFO]   ── 페이지 2
2026-05-18 19:11:05,240 [INFO]     항목 수: 10
2026-05-18 19:11:07,499 [INFO]       [1] 차량정비 | (상용) 수동재생 후 검댕이 게이지가 남아 있어도 상관없나요?
2026-05-18 19:11:08,417 [INFO]       [2] 차량정비 | (상용) 수동재생  가능 조건은 어떻게 되나요?
2026-05-18 19:11:09,326 [INFO]       [3] 차량정비 | (상용 특장) 엑시언트 덤프차량 판 스프링 보증기간이 어떻게 되나요?
2026-05-18 19:11:10,234 [INFO]       [4] 차량정비 | (상용 특장) 특장 어퍼바디 장착 작업 시 기술적인 지원이나 관련 자료가 필요한 ...
2026-05-18 19:11:11,134 [INFO]       [5] 차량정비 | (상용 특장) 법인명의지입, 개인사업자, 특장업체 출고 차량은 어떻게 등록하나요?
2026-05-18 19:11:12,034 [INFO]       [6] 차량정비 | 정비 예약 확인/취소는 어떻게 하나요?
2026-05-18 19:11:12,951 [INFO]       [7] 차량정비 | 정비관련 업체구분은 어떻게 하나요?
2026-05-18 19:11:15,172 [INFO]       [8] 차량정비 | 차량의 연비가 안 좋은데 어떻게 해야 하지요?
2026-05-18 19:11:16,084 [INFO]       [9] 차량정비 | 인터넷으로 정비예약은 어떻게 하는건가요?
2026-05-18 19:11:16,984 [INFO]       [10] 차량정비 | 탬퍼러리 타이어(임시타이어)를 적용하는 이유가 뭔가요?
2026-05-18 19:11:16,984 [INFO]   ── 이 페이지 10건 수집 (누적: 49건)
2026-05-18 19:11:19,047 [INFO]   ── 페이지 3
2026-05-18 19:11:19,049 [INFO]     항목 수: 10
2026-05-18 19:11:21,331 [INFO]       [1] 차량정비 | 자동차에서 소음이 생기는 경우, 리콜을 받을 수 있나요?
2026-05-18 19:11:23,607 [INFO]       [2] 차량정비 | 에어백은 언제 터지나요? 에어백의 작동 조건을 알고 싶습니다.
2026-05-18 19:11:24,499 [INFO]       [3] 차량정비 | 에어백을 장착하는 것이 오히려 사고시 위험하다는 이야기가 있던데, 정말인가요?
2026-05-18 19:11:25,422 [INFO]       [4] 차량정비 | 냉매량이 부족한지 에어컨 냉방성능이 떨어진 것 같습니다. 어떻게 하면 좋을까요?
2026-05-18 19:11:26,318 [INFO]       [5] 차량정비 | 오랜만에 에어컨을 켰는데, 냄새가 납니다. 어떻게 청소하면 좋을까요?
2026-05-18 19:11:28,584 [INFO]       [6] 차량정비 | 겨울철 창문에 생기는 김서림, 신속히 제거하는 방법이 없을까요?
2026-05-18 19:11:29,484 [INFO]       [7] 차량정비 | 자동변속기 차량의 HOLD, O/D OFF 버튼은 어떤 때 써야 합니까?
2026-05-18 19:11:30,384 [INFO]       [8] 차량정비 | 블루투스 등록 방법
2026-05-18 19:11:31,302 [INFO]       [9] 차량정비 | 차량별 와이퍼 사이즈,핸들사이즈,전구 규격 사이즈 문의
2026-05-18 19:11:33,553 [INFO]       [10] 차량정비 | 타이밍벨트 체인 적용 여부 문의
2026-05-18 19:11:33,553 [INFO]   ── 이 페이지 10건 수집 (누적: 59건)
2026-05-18 19:11:35,618 [INFO]   ── 페이지 4
2026-05-18 19:11:35,638 [INFO]     항목 수: 10
2026-05-18 19:11:37,844 [INFO]       [1] 차량정비 | 여름철에 세차시 헤드램프에 습기가 차요!
2026-05-18 19:11:38,735 [INFO]       [2] 차량정비 | 빗길을 운행 후 헤드램프에 습기가 차요!
2026-05-18 19:11:39,651 [INFO]       [3] 차량정비 | 제 차량의 연료탱크 용량 70리터인데 주유를 하면 77리터 정도가 더 들어가요. ...
2026-05-18 19:11:41,865 [INFO]       [4] 차량정비 | 스마트키 차량인데요. 중립 주차를 하려는데 N단에서 시동을 꺼도 꺼지지가 않는데 ...
2026-05-18 19:11:42,768 [INFO]       [5] 차량정비 | 여름철마다 냉매를 교환해야 하나요?
2026-05-18 19:11:43,677 [INFO]       [6] 차량정비 | 에어컨 성능을 향상시키는 방법 안내
2026-05-18 19:11:45,923 [INFO]       [7] 차량정비 | 길이 미끄러워서 바퀴에 체인을 사용하려고 하는데요 어디에 감아야 하나요?
2026-05-18 19:11:48,200 [INFO]       [8] 차량정비 | 계기판에 수도꼭지 모양(엔진체크경고등)의 경고등이 떠요.
2026-05-18 19:11:49,085 [INFO]       [9] 차량정비 | 연료부족경고등 점등 후 몇 키로 운행 가능한지요.
2026-05-18 19:11:50,018 [INFO]       [10] 차량정비 | 도어 커티쉬램프 타입 문의
2026-05-18 19:11:50,018 [INFO]   ── 이 페이지 10건 수집 (누적: 69건)
2026-05-18 19:11:50,041 [INFO]   마지막 페이지 → 다음 탭으로
2026-05-18 19:11:50,063 [INFO] 
=======================================================
2026-05-18 19:11:50,068 [INFO] 탭 [3/10]: 홈페이지
2026-05-18 19:11:53,891 [INFO]   ── 페이지 1
2026-05-18 19:11:54,770 [ERROR] 크롤링 중 치명적 오류: Message: invalid session id: session deleted as the browser has closed the connection
from disconnected: not connected to DevTools
  (Session info: chrome=148.0.7778.168)
Stacktrace:
	chromedriver!GetHandleVerifier [0xce7123+10a23]
	chromedriver!GetHandleVerifier [0xce7254+10b54]
	chromedriver!(No symbol) [0xb01e90]
	chromedriver!(No symbol) [0xaf0d8e]
	chromedriver!(No symbol) [0xb0f97e]
	chromedriver!(No symbol) [0xb73cdd]
	chromedriver!(No symbol) [0xb8a2a9]
	chromedriver!(No symbol) [0xb6d526]
	chromedriver!(No symbol) [0xb408f9]
	chromedriver!(No symbol) [0xb416b4]
	chromedriver!GetHandleVerifier [0xf81ac4+2ab3c4]
	chromedriver!GetHandleVerifier [0xf7d0ed+2a69ed]
	chromedriver!GetHandleVerifier [0xf9e4f5+2c7df5]
	chromedriver!GetHandleVerifier [0xd01128+2aa28]
	chromedriver!GetHandleVerifier [0xd08bbd+324bd]
	chromedriver!GetHandleVerifier [0xcefb28+19428]
	chromedriver!GetHandleVerifier [0xcefcd5+195d5]
	chromedriver!GetHandleVerifier [0xcd91cf+2acf]
	KERNEL32!BaseThreadInitThunk [0x75e55d49+19]
	ntdll!RtlInitializeExceptionChain [0x773bd83b+6b]
	ntdll!RtlGetAppContainerNamedObjectPath [0x773bd7c1+231]
Traceback (most recent call last):
  File "c:\SKN_main_project1\crawler\hyundai_faq_crawler.py", line 265, in crawl
    wait.until(
  File "C:\SKN_main_project1\.venv\Lib\site-packages\selenium\webdriver\support\wait.py", line 96, in until
    value = method(self._driver)
            ^^^^^^^^^^^^^^^^^^^^
  File "C:\SKN_main_project1\.venv\Lib\site-packages\selenium\webdriver\support\expected_conditions.py", line 84, in _predicate
    return driver.find_element(*locator)
           ^^^^^^^^^^^^^^^^^^^^^^^^^^^^^
  File "C:\SKN_main_project1\.venv\Lib\site-packages\selenium\webdriver\remote\webdriver.py", line 770, in find_element
    return self.execute(Command.FIND_ELEMENT, {"using": by, "value": value})["value"]
           ^^^^^^^^^^^^^^^^^^^^^^^^^^^^^^^^^^^^^^^^^^^^^^^^^^^^^^^^^^^^^^^^^
  File "C:\SKN_main_project1\.venv\Lib\site-packages\selenium\webdriver\remote\webdriver.py", line 384, in execute
    self.error_handler.check_response(response)
  File "C:\SKN_main_project1\.venv\Lib\site-packages\selenium\webdriver\remote\errorhandler.py", line 232, in check_response
    raise exception_class(message, screen, stacktrace)
selenium.common.exceptions.InvalidSessionIdException: Message: invalid session id: session deleted as the browser has closed the connection
from disconnected: not connected to DevTools
  (Session info: chrome=148.0.7778.168)
Stacktrace:
	chromedriver!GetHandleVerifier [0xce7123+10a23]
	chromedriver!GetHandleVerifier [0xce7254+10b54]
	chromedriver!(No symbol) [0xb01e90]
	chromedriver!(No symbol) [0xaf0d8e]
	chromedriver!(No symbol) [0xb0f97e]
	chromedriver!(No symbol) [0xb73cdd]
	chromedriver!(No symbol) [0xb8a2a9]
	chromedriver!(No symbol) [0xb6d526]
	chromedriver!(No symbol) [0xb408f9]
	chromedriver!(No symbol) [0xb416b4]
	chromedriver!GetHandleVerifier [0xf81ac4+2ab3c4]
	chromedriver!GetHandleVerifier [0xf7d0ed+2a69ed]
	chromedriver!GetHandleVerifier [0xf9e4f5+2c7df5]
	chromedriver!GetHandleVerifier [0xd01128+2aa28]
	chromedriver!GetHandleVerifier [0xd08bbd+324bd]
	chromedriver!GetHandleVerifier [0xcefb28+19428]
	chromedriver!GetHandleVerifier [0xcefcd5+195d5]
	chromedriver!GetHandleVerifier [0xcd91cf+2acf]
	KERNEL32!BaseThreadInitThunk [0x75e55d49+19]
	ntdll!RtlInitializeExceptionChain [0x773bd83b+6b]
	ntdll!RtlGetAppContainerNamedObjectPath [0x773bd7c1+231]

2026-05-18 19:12:02,188 [INFO] DB 저장 완료: 69건 삽입 / 0건 중복 스킵
2026-05-18 19:12:02,194 [INFO] 
============================================================
2026-05-18 19:12:02,195 [INFO] === 현대 두 번째 URL 크롤링 시작 ===
2026-05-18 19:12:02,196 [INFO] ============================================================
2026-05-18 19:12:02,212 [INFO] ====== WebDriver manager ======
2026-05-18 19:12:05,825 [INFO] Get LATEST chromedriver version for google-chrome
2026-05-18 19:12:05,874 [INFO] Get LATEST chromedriver version for google-chrome
2026-05-18 19:12:05,909 [INFO] Driver [C:\Users\playdata2\.wdm\drivers\chromedriver\win64\148.0.7778.167\chromedriver-win32/chromedriver.exe] found in cache
2026-05-18 19:12:07,484 [INFO] 접속: https://www.hyundai.com/kr/ko/faq.html
2026-05-18 19:12:09,416 [ERROR] 두 번째 URL 크롤링 중 치명적 오류: Message: invalid session id: session deleted as the browser has closed the connection
from disconnected: Unable to receive message from renderer
  (Session info: chrome=148.0.7778.168)
Stacktrace:
	chromedriver!GetHandleVerifier [0xce7123+10a23]
	chromedriver!GetHandleVerifier [0xce7254+10b54]
	chromedriver!(No symbol) [0xb01e90]
	chromedriver!(No symbol) [0xaf21b3]
	chromedriver!(No symbol) [0xaf1ee5]
	chromedriver!(No symbol) [0xaf0f4d]
	chromedriver!(No symbol) [0xb0ed09]
	chromedriver!(No symbol) [0xb8ac4b]
	chromedriver!(No symbol) [0xb6d526]
	chromedriver!(No symbol) [0xb408f9]
	chromedriver!(No symbol) [0xb416b4]
	chromedriver!GetHandleVerifier [0xf81ac4+2ab3c4]
	chromedriver!GetHandleVerifier [0xf7d0ed+2a69ed]
	chromedriver!GetHandleVerifier [0xf9e4f5+2c7df5]
	chromedriver!GetHandleVerifier [0xd01128+2aa28]
	chromedriver!GetHandleVerifier [0xd08bbd+324bd]
	chromedriver!GetHandleVerifier [0xcefb28+19428]
	chromedriver!GetHandleVerifier [0xcefcd5+195d5]
	chromedriver!GetHandleVerifier [0xcd91cf+2acf]
	KERNEL32!BaseThreadInitThunk [0x75e55d49+19]
	ntdll!RtlInitializeExceptionChain [0x773bd83b+6b]
	ntdll!RtlGetAppContainerNamedObjectPath [0x773bd7c1+231]
Traceback (most recent call last):
  File "c:\SKN_main_project1\crawler\hyundai_faq_crawler.py", line 388, in crawl_v2
    driver.get(TARGET_URL_2)
  File "C:\SKN_main_project1\.venv\Lib\site-packages\selenium\webdriver\remote\webdriver.py", line 393, in get
    self.execute(Command.GET, {"url": url})
  File "C:\SKN_main_project1\.venv\Lib\site-packages\selenium\webdriver\remote\webdriver.py", line 384, in execute
    self.error_handler.check_response(response)
  File "C:\SKN_main_project1\.venv\Lib\site-packages\selenium\webdriver\remote\errorhandler.py", line 232, in check_response
    raise exception_class(message, screen, stacktrace)
selenium.common.exceptions.InvalidSessionIdException: Message: invalid session id: session deleted as the browser has closed the connection
from disconnected: Unable to receive message from renderer
  (Session info: chrome=148.0.7778.168)
Stacktrace:
	chromedriver!GetHandleVerifier [0xce7123+10a23]
	chromedriver!GetHandleVerifier [0xce7254+10b54]
	chromedriver!(No symbol) [0xb01e90]
	chromedriver!(No symbol) [0xaf21b3]
	chromedriver!(No symbol) [0xaf1ee5]
	chromedriver!(No symbol) [0xaf0f4d]
	chromedriver!(No symbol) [0xb0ed09]
	chromedriver!(No symbol) [0xb8ac4b]
	chromedriver!(No symbol) [0xb6d526]
	chromedriver!(No symbol) [0xb408f9]
	chromedriver!(No symbol) [0xb416b4]
	chromedriver!GetHandleVerifier [0xf81ac4+2ab3c4]
	chromedriver!GetHandleVerifier [0xf7d0ed+2a69ed]
	chromedriver!GetHandleVerifier [0xf9e4f5+2c7df5]
	chromedriver!GetHandleVerifier [0xd01128+2aa28]
	chromedriver!GetHandleVerifier [0xd08bbd+324bd]
	chromedriver!GetHandleVerifier [0xcefb28+19428]
	chromedriver!GetHandleVerifier [0xcefcd5+195d5]
	chromedriver!GetHandleVerifier [0xcd91cf+2acf]
	KERNEL32!BaseThreadInitThunk [0x75e55d49+19]
	ntdll!RtlInitializeExceptionChain [0x773bd83b+6b]
	ntdll!RtlGetAppContainerNamedObjectPath [0x773bd7c1+231]

2026-05-18 19:37:59,811 [WARNING] 두 번째 URL: 수집된 데이터 없어 DB 저장 생략
2026-05-18 19:37:59,834 [INFO] [현대자동차] 완료
2026-05-18 19:37:59,855 [INFO] 
============================================================
2026-05-18 19:37:59,857 [INFO] [기아자동차] 크롤링 시작
2026-05-18 19:37:59,869 [INFO] ============================================================
2026-05-18 22:06:28,977 [INFO] [기아자동차] 완료
2026-05-18 22:06:28,977 [INFO] 
============================================================
2026-05-18 22:06:28,977 [INFO] [제네시스] 크롤링 시작
2026-05-18 22:06:28,977 [INFO] ============================================================
2026-05-18 22:06:43,350 [INFO] [제네시스] 완료
2026-05-18 22:06:43,350 [INFO] 
============================================================
2026-05-18 22:06:43,350 [INFO] [BMW] 크롤링 시작
2026-05-18 22:06:43,350 [INFO] ============================================================
2026-05-18 22:27:39,634 [INFO] [BMW] 완료
2026-05-18 22:27:39,634 [INFO] 
============================================================
2026-05-18 22:27:39,634 [INFO] [포르쉐] 크롤링 시작
2026-05-18 22:27:39,636 [INFO] ============================================================
2026-05-18 22:27:57,588 [INFO] [포르쉐] 완료
2026-05-18 22:27:57,588 [INFO] 
============================================================
2026-05-18 22:27:57,594 [INFO] [캐딜락] 크롤링 시작
2026-05-18 22:27:57,594 [INFO] ============================================================
2026-05-18 22:27:57,607 [INFO] ====== WebDriver manager ======
2026-05-18 22:27:58,910 [INFO] Get LATEST chromedriver version for google-chrome
2026-05-18 22:28:03,004 [INFO] Get LATEST chromedriver version for google-chrome
2026-05-18 22:28:07,099 [INFO] Driver [C:\Users\playdata2\.wdm\drivers\chromedriver\win64\148.0.7778.167\chromedriver-win32/chromedriver.exe] found in cache
2026-05-18 22:28:53,962 [INFO] [캐딜락] 완료
2026-05-18 22:28:53,962 [INFO] 
============================================================
2026-05-18 22:28:53,964 [INFO] [쉐보레] 크롤링 시작
2026-05-18 22:28:53,964 [INFO] ============================================================
2026-05-18 22:28:53,979 [INFO] ====== WebDriver manager ======
2026-05-18 22:28:55,220 [INFO] Get LATEST chromedriver version for google-chrome
2026-05-18 22:28:55,251 [INFO] Get LATEST chromedriver version for google-chrome
2026-05-18 22:28:55,276 [INFO] Driver [C:\Users\playdata2\.wdm\drivers\chromedriver\win64\148.0.7778.167\chromedriver-win32/chromedriver.exe] found in cache
2026-05-18 22:35:34,499 [INFO] [쉐보레] 완료
2026-05-18 22:35:34,501 [INFO] 
============================================================
2026-05-18 22:35:34,501 [INFO] [폭스바겐] 크롤링 시작
2026-05-18 22:35:34,502 [INFO] ============================================================
2026-05-18 22:36:08,772 [INFO] [폭스바겐] 완료
2026-05-18 22:36:08,773 [INFO] 
============================================================
2026-05-18 22:36:08,776 [INFO] 전체 크롤링 완료 — 성공: 8개 / 실패: 0개
2026-05-18 22:36:08,776 [INFO]   성공: 현대자동차, 기아자동차, 제네시스, BMW, 포르쉐, 캐딜락, 쉐보레, 폭스바겐
2026-05-18 22:36:08,776 [INFO] ============================================================
